{
  "fio version" : "fio-3.28",
  "timestamp" : 1724147229,
  "timestamp_ms" : 1724147229133,
  "time" : "Tue Aug 20 17:47:09 2024",
  "jobs" : [
    {
      "jobname" : "disktest",
      "groupid" : 0,
      "error" : 0,
      "eta" : 0,
      "elapsed" : 31,
      "job options" : {
        "ioengine" : "libaio",
        "iodepth" : "8",
        "numjobs" : "4",
        "rw" : "randread",
        "bs" : "4k",
        "direct" : "1",
        "buffered" : "0",
        "size" : "2G",
        "runtime" : "30"
      },
      "read" : {
        "io_bytes" : 3221499904,
        "io_kbytes" : 3145996,
        "bw_bytes" : 107376171,
        "bw" : 104859,
        "iops" : 26214.885674,
        "runtime" : 30002,
        "total_ios" : 786499,
        "short_ios" : 0,
        "drop_ios" : 0,
        "slat_ns" : {
          "min" : 3156,
          "max" : 1278076,
          "mean" : 24483.602568,
          "stddev" : 13632.012784,
          "N" : 786499
        },
        "clat_ns" : {
          "min" : 166198,
          "max" : 31917967,
          "mean" : 1194708.543773,
          "stddev" : 326365.442624,
          "N" : 786499,
          "percentile" : {
            "1.000000" : 864256,
            "5.000000" : 978944,
            "10.000000" : 1028096,
            "20.000000" : 1073152,
            "30.000000" : 1105920,
            "40.000000" : 1138688,
            "50.000000" : 1171456,
            "60.000000" : 1204224,
            "70.000000" : 1236992,
            "80.000000" : 1286144,
            "90.000000" : 1351680,
            "95.000000" : 1417216,
            "99.000000" : 1597440,
            "99.500000" : 1908736,
            "99.900000" : 4882432,
            "99.950000" : 7241728,
            "99.990000" : 10682368
          }
        },
        "lat_ns" : {
          "min" : 326134,
          "max" : 31927856,
          "mean" : 1219392.578133,
          "stddev" : 325449.866785,
          "N" : 786499
        },
        "bw_min" : 98768,
        "bw_max" : 106856,
        "bw_agg" : 100.000000,
        "bw_mean" : 104901.101695,
        "bw_dev" : 313.992195,
        "bw_samples" : 236,
        "iops_min" : 24692,
        "iops_max" : 26714,
        "iops_mean" : 26225.271186,
        "iops_stddev" : 78.497140,
        "iops_samples" : 236
      },
      "write" : {
        "io_bytes" : 0,
        "io_kbytes" : 0,
        "bw_bytes" : 0,
        "bw" : 0,
        "iops" : 0.000000,
        "runtime" : 0,
        "total_ios" : 0,
        "short_ios" : 0,
        "drop_ios" : 0,
        "slat_ns" : {
          "min" : 0,
          "max" : 0,
          "mean" : 0.000000,
          "stddev" : 0.000000,
          "N" : 0
        },
        "clat_ns" : {
          "min" : 0,
          "max" : 0,
          "mean" : 0.000000,
          "stddev" : 0.000000,
          "N" : 0
        },
        "lat_ns" : {
          "min" : 0,
          "max" : 0,
          "mean" : 0.000000,
          "stddev" : 0.000000,
          "N" : 0
        },
        "bw_min" : 0,
        "bw_max" : 0,
        "bw_agg" : 0.000000,
        "bw_mean" : 0.000000,
        "bw_dev" : 0.000000,
        "bw_samples" : 0,
        "iops_min" : 0,
        "iops_max" : 0,
        "iops_mean" : 0.000000,
        "iops_stddev" : 0.000000,
        "iops_samples" : 0
      },
      "trim" : {
        "io_bytes" : 0,
        "io_kbytes" : 0,
        "bw_bytes" : 0,
        "bw" : 0,
        "iops" : 0.000000,
        "runtime" : 0,
        "total_ios" : 0,
        "short_ios" : 0,
        "drop_ios" : 0,
        "slat_ns" : {
          "min" : 0,
          "max" : 0,
          "mean" : 0.000000,
          "stddev" : 0.000000,
          "N" : 0
        },
        "clat_ns" : {
          "min" : 0,
          "max" : 0,
          "mean" : 0.000000,
          "stddev" : 0.000000,
          "N" : 0
        },
        "lat_ns" : {
          "min" : 0,
          "max" : 0,
          "mean" : 0.000000,
          "stddev" : 0.000000,
          "N" : 0
        },
        "bw_min" : 0,
        "bw_max" : 0,
        "bw_agg" : 0.000000,
        "bw_mean" : 0.000000,
        "bw_dev" : 0.000000,
        "bw_samples" : 0,
        "iops_min" : 0,
        "iops_max" : 0,
        "iops_mean" : 0.000000,
        "iops_stddev" : 0.000000,
        "iops_samples" : 0
      },
      "sync" : {
        "total_ios" : 0,
        "lat_ns" : {
          "min" : 0,
          "max" : 0,
          "mean" : 0.000000,
          "stddev" : 0.000000,
          "N" : 0
        }
      },
      "job_runtime" : 120003,
      "usr_cpu" : 1.836621,
      "sys_cpu" : 10.493071,
      "ctx" : 1181690,
      "majf" : 1,
      "minf" : 251,
      "iodepth_level" : {
        "1" : 0.100000,
        "2" : 0.100000,
        "4" : 0.100000,
        "8" : 99.996440,
        "16" : 0.000000,
        "32" : 0.000000,
        ">=64" : 0.000000
      },
      "iodepth_submit" : {
        "0" : 0.000000,
        "4" : 100.000000,
        "8" : 0.000000,
        "16" : 0.000000,
        "32" : 0.000000,
        "64" : 0.000000,
        ">=64" : 0.000000
      },
      "iodepth_complete" : {
        "0" : 0.000000,
        "4" : 99.999491,
        "8" : 0.100000,
        "16" : 0.000000,
        "32" : 0.000000,
        "64" : 0.000000,
        ">=64" : 0.000000
      },
      "latency_ns" : {
        "2" : 0.000000,
        "4" : 0.000000,
        "10" : 0.000000,
        "20" : 0.000000,
        "50" : 0.000000,
        "100" : 0.000000,
        "250" : 0.000000,
        "500" : 0.000000,
        "750" : 0.000000,
        "1000" : 0.000000
      },
      "latency_us" : {
        "2" : 0.000000,
        "4" : 0.000000,
        "10" : 0.000000,
        "20" : 0.000000,
        "50" : 0.000000,
        "100" : 0.000000,
        "250" : 0.010000,
        "500" : 0.048570,
        "750" : 0.435728,
        "1000" : 6.314693
      },
      "latency_ms" : {
        "2" : 92.743920,
        "4" : 0.310871,
        "10" : 0.132486,
        "20" : 0.010000,
        "50" : 0.010000,
        "100" : 0.000000,
        "250" : 0.000000,
        "500" : 0.000000,
        "750" : 0.000000,
        "1000" : 0.000000,
        "2000" : 0.000000,
        ">=2000" : 0.000000
      },
      "latency_depth" : 8,
      "latency_target" : 0,
      "latency_percentile" : 100.000000,
      "latency_window" : 0
    }
  ]
}
