{
  "fio version" : "fio-3.28",
  "timestamp" : 1724147198,
  "timestamp_ms" : 1724147198635,
  "time" : "Tue Aug 20 17:46:38 2024",
  "jobs" : [
    {
      "jobname" : "disktest",
      "groupid" : 0,
      "error" : 0,
      "eta" : 0,
      "elapsed" : 31,
      "job options" : {
        "ioengine" : "libaio",
        "iodepth" : "4",
        "numjobs" : "4",
        "rw" : "randread",
        "bs" : "4k",
        "direct" : "1",
        "buffered" : "0",
        "size" : "2G",
        "runtime" : "30"
      },
      "read" : {
        "io_bytes" : 2780106752,
        "io_kbytes" : 2714948,
        "bw_bytes" : 92664047,
        "bw" : 90492,
        "iops" : 22623.058463,
        "runtime" : 30002,
        "total_ios" : 678737,
        "short_ios" : 0,
        "drop_ios" : 0,
        "slat_ns" : {
          "min" : 3146,
          "max" : 958014,
          "mean" : 24510.102894,
          "stddev" : 13665.442454,
          "N" : 678737
        },
        "clat_ns" : {
          "min" : 95804,
          "max" : 11904960,
          "mean" : 681128.664602,
          "stddev" : 200521.010358,
          "N" : 678737,
          "percentile" : {
            "1.000000" : 423936,
            "5.000000" : 485376,
            "10.000000" : 518144,
            "20.000000" : 561152,
            "30.000000" : 602112,
            "40.000000" : 626688,
            "50.000000" : 659456,
            "60.000000" : 692224,
            "70.000000" : 733184,
            "80.000000" : 782336,
            "90.000000" : 847872,
            "95.000000" : 913408,
            "99.000000" : 1073152,
            "99.500000" : 1187840,
            "99.900000" : 2932736,
            "99.950000" : 4145152,
            "99.990000" : 6914048
          }
        },
        "lat_ns" : {
          "min" : 224259,
          "max" : 11914638,
          "mean" : 705843.799864,
          "stddev" : 199373.746967,
          "N" : 678737
        },
        "bw_min" : 86208,
        "bw_max" : 94816,
        "bw_agg" : 99.988691,
        "bw_mean" : 90482.169492,
        "bw_dev" : 450.966675,
        "bw_samples" : 236,
        "iops_min" : 21552,
        "iops_max" : 23704,
        "iops_mean" : 22620.508475,
        "iops_stddev" : 112.740545,
        "iops_samples" : 236
      },
      "write" : {
        "io_bytes" : 0,
        "io_kbytes" : 0,
        "bw_bytes" : 0,
        "bw" : 0,
        "iops" : 0.000000,
        "runtime" : 0,
        "total_ios" : 0,
        "short_ios" : 0,
        "drop_ios" : 0,
        "slat_ns" : {
          "min" : 0,
          "max" : 0,
          "mean" : 0.000000,
          "stddev" : 0.000000,
          "N" : 0
        },
        "clat_ns" : {
          "min" : 0,
          "max" : 0,
          "mean" : 0.000000,
          "stddev" : 0.000000,
          "N" : 0
        },
        "lat_ns" : {
          "min" : 0,
          "max" : 0,
          "mean" : 0.000000,
          "stddev" : 0.000000,
          "N" : 0
        },
        "bw_min" : 0,
        "bw_max" : 0,
        "bw_agg" : 0.000000,
        "bw_mean" : 0.000000,
        "bw_dev" : 0.000000,
        "bw_samples" : 0,
        "iops_min" : 0,
        "iops_max" : 0,
        "iops_mean" : 0.000000,
        "iops_stddev" : 0.000000,
        "iops_samples" : 0
      },
      "trim" : {
        "io_bytes" : 0,
        "io_kbytes" : 0,
        "bw_bytes" : 0,
        "bw" : 0,
        "iops" : 0.000000,
        "runtime" : 0,
        "total_ios" : 0,
        "short_ios" : 0,
        "drop_ios" : 0,
        "slat_ns" : {
          "min" : 0,
          "max" : 0,
          "mean" : 0.000000,
          "stddev" : 0.000000,
          "N" : 0
        },
        "clat_ns" : {
          "min" : 0,
          "max" : 0,
          "mean" : 0.000000,
          "stddev" : 0.000000,
          "N" : 0
        },
        "lat_ns" : {
          "min" : 0,
          "max" : 0,
          "mean" : 0.000000,
          "stddev" : 0.000000,
          "N" : 0
        },
        "bw_min" : 0,
        "bw_max" : 0,
        "bw_agg" : 0.000000,
        "bw_mean" : 0.000000,
        "bw_dev" : 0.000000,
        "bw_samples" : 0,
        "iops_min" : 0,
        "iops_max" : 0,
        "iops_mean" : 0.000000,
        "iops_stddev" : 0.000000,
        "iops_samples" : 0
      },
      "sync" : {
        "total_ios" : 0,
        "lat_ns" : {
          "min" : 0,
          "max" : 0,
          "mean" : 0.000000,
          "stddev" : 0.000000,
          "N" : 0
        }
      },
      "job_runtime" : 120001,
      "usr_cpu" : 1.707486,
      "sys_cpu" : 9.256590,
      "ctx" : 1031205,
      "majf" : 0,
      "minf" : 215,
      "iodepth_level" : {
        "1" : 0.100000,
        "2" : 0.100000,
        "4" : 99.998232,
        "8" : 0.000000,
        "16" : 0.000000,
        "32" : 0.000000,
        ">=64" : 0.000000
      },
      "iodepth_submit" : {
        "0" : 0.000000,
        "4" : 100.000000,
        "8" : 0.000000,
        "16" : 0.000000,
        "32" : 0.000000,
        "64" : 0.000000,
        ">=64" : 0.000000
      },
      "iodepth_complete" : {
        "0" : 0.000000,
        "4" : 100.000000,
        "8" : 0.000000,
        "16" : 0.000000,
        "32" : 0.000000,
        "64" : 0.000000,
        ">=64" : 0.000000
      },
      "latency_ns" : {
        "2" : 0.000000,
        "4" : 0.000000,
        "10" : 0.000000,
        "20" : 0.000000,
        "50" : 0.000000,
        "100" : 0.000000,
        "250" : 0.000000,
        "500" : 0.000000,
        "750" : 0.000000,
        "1000" : 0.000000
      },
      "latency_us" : {
        "2" : 0.000000,
        "4" : 0.000000,
        "10" : 0.000000,
        "20" : 0.000000,
        "50" : 0.000000,
        "100" : 0.010000,
        "250" : 0.010000,
        "500" : 6.880132,
        "750" : 67.306040,
        "1000" : 23.800382
      },
      "latency_ms" : {
        "2" : 1.821177,
        "4" : 0.137314,
        "10" : 0.053334,
        "20" : 0.010000,
        "50" : 0.000000,
        "100" : 0.000000,
        "250" : 0.000000,
        "500" : 0.000000,
        "750" : 0.000000,
        "1000" : 0.000000,
        "2000" : 0.000000,
        ">=2000" : 0.000000
      },
      "latency_depth" : 4,
      "latency_target" : 0,
      "latency_percentile" : 100.000000,
      "latency_window" : 0
    }
  ]
}
