{
  "fio version" : "fio-3.28",
  "timestamp" : 1724147137,
  "timestamp_ms" : 1724147137562,
  "time" : "Tue Aug 20 17:45:37 2024",
  "jobs" : [
    {
      "jobname" : "disktest",
      "groupid" : 0,
      "error" : 0,
      "eta" : 0,
      "elapsed" : 31,
      "job options" : {
        "ioengine" : "libaio",
        "iodepth" : "1",
        "numjobs" : "4",
        "rw" : "randread",
        "bs" : "4k",
        "direct" : "1",
        "buffered" : "0",
        "size" : "2G",
        "runtime" : "30"
      },
      "read" : {
        "io_bytes" : 792236032,
        "io_kbytes" : 773668,
        "bw_bytes" : 26406987,
        "bw" : 25788,
        "iops" : 6447.018433,
        "runtime" : 30001,
        "total_ios" : 193417,
        "short_ios" : 0,
        "drop_ios" : 0,
        "slat_ns" : {
          "min" : 3797,
          "max" : 3846831,
          "mean" : 18791.638739,
          "stddev" : 14699.314675,
          "N" : 193417
        },
        "clat_ns" : {
          "min" : 1694,
          "max" : 31452152,
          "mean" : 599887.654255,
          "stddev" : 257582.050195,
          "N" : 193417,
          "percentile" : {
            "1.000000" : 366592,
            "5.000000" : 432128,
            "10.000000" : 464896,
            "20.000000" : 505856,
            "30.000000" : 536576,
            "40.000000" : 561152,
            "50.000000" : 585728,
            "60.000000" : 610304,
            "70.000000" : 634880,
            "80.000000" : 667648,
            "90.000000" : 724992,
            "95.000000" : 782336,
            "99.000000" : 946176,
            "99.500000" : 1269760,
            "99.900000" : 2867200,
            "99.950000" : 4947968,
            "99.990000" : 9502720
          }
        },
        "lat_ns" : {
          "min" : 242725,
          "max" : 31464305,
          "mean" : 618883.861470,
          "stddev" : 257749.582822,
          "N" : 193417
        },
        "bw_min" : 23512,
        "bw_max" : 27752,
        "bw_agg" : 99.980327,
        "bw_mean" : 25783.593220,
        "bw_dev" : 229.913254,
        "bw_samples" : 236,
        "iops_min" : 5878,
        "iops_max" : 6938,
        "iops_mean" : 6445.898305,
        "iops_stddev" : 57.478313,
        "iops_samples" : 236
      },
      "write" : {
        "io_bytes" : 0,
        "io_kbytes" : 0,
        "bw_bytes" : 0,
        "bw" : 0,
        "iops" : 0.000000,
        "runtime" : 0,
        "total_ios" : 0,
        "short_ios" : 0,
        "drop_ios" : 0,
        "slat_ns" : {
          "min" : 0,
          "max" : 0,
          "mean" : 0.000000,
          "stddev" : 0.000000,
          "N" : 0
        },
        "clat_ns" : {
          "min" : 0,
          "max" : 0,
          "mean" : 0.000000,
          "stddev" : 0.000000,
          "N" : 0
        },
        "lat_ns" : {
          "min" : 0,
          "max" : 0,
          "mean" : 0.000000,
          "stddev" : 0.000000,
          "N" : 0
        },
        "bw_min" : 0,
        "bw_max" : 0,
        "bw_agg" : 0.000000,
        "bw_mean" : 0.000000,
        "bw_dev" : 0.000000,
        "bw_samples" : 0,
        "iops_min" : 0,
        "iops_max" : 0,
        "iops_mean" : 0.000000,
        "iops_stddev" : 0.000000,
        "iops_samples" : 0
      },
      "trim" : {
        "io_bytes" : 0,
        "io_kbytes" : 0,
        "bw_bytes" : 0,
        "bw" : 0,
        "iops" : 0.000000,
        "runtime" : 0,
        "total_ios" : 0,
        "short_ios" : 0,
        "drop_ios" : 0,
        "slat_ns" : {
          "min" : 0,
          "max" : 0,
          "mean" : 0.000000,
          "stddev" : 0.000000,
          "N" : 0
        },
        "clat_ns" : {
          "min" : 0,
          "max" : 0,
          "mean" : 0.000000,
          "stddev" : 0.000000,
          "N" : 0
        },
        "lat_ns" : {
          "min" : 0,
          "max" : 0,
          "mean" : 0.000000,
          "stddev" : 0.000000,
          "N" : 0
        },
        "bw_min" : 0,
        "bw_max" : 0,
        "bw_agg" : 0.000000,
        "bw_mean" : 0.000000,
        "bw_dev" : 0.000000,
        "bw_samples" : 0,
        "iops_min" : 0,
        "iops_max" : 0,
        "iops_mean" : 0.000000,
        "iops_stddev" : 0.000000,
        "iops_samples" : 0
      },
      "sync" : {
        "total_ios" : 0,
        "lat_ns" : {
          "min" : 0,
          "max" : 0,
          "mean" : 0.000000,
          "stddev" : 0.000000,
          "N" : 0
        }
      },
      "job_runtime" : 120000,
      "usr_cpu" : 0.589167,
      "sys_cpu" : 2.605833,
      "ctx" : 269911,
      "majf" : 0,
      "minf" : 51,
      "iodepth_level" : {
        "1" : 100.000000,
        "2" : 0.000000,
        "4" : 0.000000,
        "8" : 0.000000,
        "16" : 0.000000,
        "32" : 0.000000,
        ">=64" : 0.000000
      },
      "iodepth_submit" : {
        "0" : 0.000000,
        "4" : 100.000000,
        "8" : 0.000000,
        "16" : 0.000000,
        "32" : 0.000000,
        "64" : 0.000000,
        ">=64" : 0.000000
      },
      "iodepth_complete" : {
        "0" : 0.000000,
        "4" : 100.000000,
        "8" : 0.000000,
        "16" : 0.000000,
        "32" : 0.000000,
        "64" : 0.000000,
        ">=64" : 0.000000
      },
      "latency_ns" : {
        "2" : 0.000000,
        "4" : 0.000000,
        "10" : 0.000000,
        "20" : 0.000000,
        "50" : 0.000000,
        "100" : 0.000000,
        "250" : 0.000000,
        "500" : 0.000000,
        "750" : 0.000000,
        "1000" : 0.000000
      },
      "latency_us" : {
        "2" : 0.010000,
        "4" : 0.000000,
        "10" : 0.000000,
        "20" : 0.000000,
        "50" : 0.000000,
        "100" : 0.000000,
        "250" : 0.010000,
        "500" : 18.793074,
        "750" : 73.738089,
        "1000" : 6.677283
      },
      "latency_ms" : {
        "2" : 0.608530,
        "4" : 0.114261,
        "10" : 0.057906,
        "20" : 0.010000,
        "50" : 0.010000,
        "100" : 0.000000,
        "250" : 0.000000,
        "500" : 0.000000,
        "750" : 0.000000,
        "1000" : 0.000000,
        "2000" : 0.000000,
        ">=2000" : 0.000000
      },
      "latency_depth" : 1,
      "latency_target" : 0,
      "latency_percentile" : 100.000000,
      "latency_window" : 0
    }
  ]
}
