{
  "fio version" : "fio-3.28",
  "timestamp" : 1724151240,
  "timestamp_ms" : 1724151240788,
  "time" : "Tue Aug 20 18:54:00 2024",
  "jobs" : [
    {
      "jobname" : "disktest",
      "groupid" : 0,
      "error" : 0,
      "eta" : 0,
      "elapsed" : 31,
      "job options" : {
        "ioengine" : "libaio",
        "iodepth" : "4",
        "numjobs" : "1",
        "rw" : "randwrite",
        "bs" : "4096k",
        "direct" : "1",
        "buffered" : "0",
        "size" : "2G",
        "runtime" : "30"
      },
      "read" : {
        "io_bytes" : 0,
        "io_kbytes" : 0,
        "bw_bytes" : 0,
        "bw" : 0,
        "iops" : 0.000000,
        "runtime" : 0,
        "total_ios" : 0,
        "short_ios" : 0,
        "drop_ios" : 0,
        "slat_ns" : {
          "min" : 0,
          "max" : 0,
          "mean" : 0.000000,
          "stddev" : 0.000000,
          "N" : 0
        },
        "clat_ns" : {
          "min" : 0,
          "max" : 0,
          "mean" : 0.000000,
          "stddev" : 0.000000,
          "N" : 0
        },
        "lat_ns" : {
          "min" : 0,
          "max" : 0,
          "mean" : 0.000000,
          "stddev" : 0.000000,
          "N" : 0
        },
        "bw_min" : 0,
        "bw_max" : 0,
        "bw_agg" : 0.000000,
        "bw_mean" : 0.000000,
        "bw_dev" : 0.000000,
        "bw_samples" : 0,
        "iops_min" : 0,
        "iops_max" : 0,
        "iops_mean" : 0.000000,
        "iops_stddev" : 0.000000,
        "iops_samples" : 0
      },
      "write" : {
        "io_bytes" : 2596274176,
        "io_kbytes" : 2535424,
        "bw_bytes" : 86257821,
        "bw" : 84236,
        "iops" : 20.565467,
        "runtime" : 30099,
        "total_ios" : 619,
        "short_ios" : 0,
        "drop_ios" : 0,
        "slat_ns" : {
          "min" : 102577,
          "max" : 1123389,
          "mean" : 244849.504039,
          "stddev" : 121274.589043,
          "N" : 619
        },
        "clat_ns" : {
          "min" : 103075043,
          "max" : 412067987,
          "mean" : 194139170.224556,
          "stddev" : 44694173.168599,
          "N" : 619,
          "percentile" : {
            "1.000000" : 111673344,
            "5.000000" : 129499136,
            "10.000000" : 141557760,
            "20.000000" : 154140672,
            "30.000000" : 166723584,
            "40.000000" : 179306496,
            "50.000000" : 189792256,
            "60.000000" : 200278016,
            "70.000000" : 212860928,
            "80.000000" : 227540992,
            "90.000000" : 254803968,
            "95.000000" : 274726912,
            "99.000000" : 304087040,
            "99.500000" : 320864256,
            "99.900000" : 413138944,
            "99.950000" : 413138944,
            "99.990000" : 413138944
          }
        },
        "lat_ns" : {
          "min" : 103214349,
          "max" : 412241258,
          "mean" : 194384587.915993,
          "stddev" : 44690416.073539,
          "N" : 619
        },
        "bw_min" : 65536,
        "bw_max" : 106496,
        "bw_agg" : 99.678103,
        "bw_mean" : 83965.266667,
        "bw_dev" : 8347.450754,
        "bw_samples" : 60,
        "iops_min" : 16,
        "iops_max" : 26,
        "iops_mean" : 20.483333,
        "iops_stddev" : 2.046010,
        "iops_samples" : 60
      },
      "trim" : {
        "io_bytes" : 0,
        "io_kbytes" : 0,
        "bw_bytes" : 0,
        "bw" : 0,
        "iops" : 0.000000,
        "runtime" : 0,
        "total_ios" : 0,
        "short_ios" : 0,
        "drop_ios" : 0,
        "slat_ns" : {
          "min" : 0,
          "max" : 0,
          "mean" : 0.000000,
          "stddev" : 0.000000,
          "N" : 0
        },
        "clat_ns" : {
          "min" : 0,
          "max" : 0,
          "mean" : 0.000000,
          "stddev" : 0.000000,
          "N" : 0
        },
        "lat_ns" : {
          "min" : 0,
          "max" : 0,
          "mean" : 0.000000,
          "stddev" : 0.000000,
          "N" : 0
        },
        "bw_min" : 0,
        "bw_max" : 0,
        "bw_agg" : 0.000000,
        "bw_mean" : 0.000000,
        "bw_dev" : 0.000000,
        "bw_samples" : 0,
        "iops_min" : 0,
        "iops_max" : 0,
        "iops_mean" : 0.000000,
        "iops_stddev" : 0.000000,
        "iops_samples" : 0
      },
      "sync" : {
        "total_ios" : 0,
        "lat_ns" : {
          "min" : 0,
          "max" : 0,
          "mean" : 0.000000,
          "stddev" : 0.000000,
          "N" : 0
        }
      },
      "job_runtime" : 30098,
      "usr_cpu" : 0.255831,
      "sys_cpu" : 0.265798,
      "ctx" : 633,
      "majf" : 0,
      "minf" : 8,
      "iodepth_level" : {
        "1" : 0.161551,
        "2" : 0.323102,
        "4" : 99.515347,
        "8" : 0.000000,
        "16" : 0.000000,
        "32" : 0.000000,
        ">=64" : 0.000000
      },
      "iodepth_submit" : {
        "0" : 0.000000,
        "4" : 100.000000,
        "8" : 0.000000,
        "16" : 0.000000,
        "32" : 0.000000,
        "64" : 0.000000,
        ">=64" : 0.000000
      },
      "iodepth_complete" : {
        "0" : 0.000000,
        "4" : 100.000000,
        "8" : 0.000000,
        "16" : 0.000000,
        "32" : 0.000000,
        "64" : 0.000000,
        ">=64" : 0.000000
      },
      "latency_ns" : {
        "2" : 0.000000,
        "4" : 0.000000,
        "10" : 0.000000,
        "20" : 0.000000,
        "50" : 0.000000,
        "100" : 0.000000,
        "250" : 0.000000,
        "500" : 0.000000,
        "750" : 0.000000,
        "1000" : 0.000000
      },
      "latency_us" : {
        "2" : 0.000000,
        "4" : 0.000000,
        "10" : 0.000000,
        "20" : 0.000000,
        "50" : 0.000000,
        "100" : 0.000000,
        "250" : 0.000000,
        "500" : 0.000000,
        "750" : 0.000000,
        "1000" : 0.000000
      },
      "latency_ms" : {
        "2" : 0.000000,
        "4" : 0.000000,
        "10" : 0.000000,
        "20" : 0.000000,
        "50" : 0.000000,
        "100" : 0.000000,
        "250" : 88.529887,
        "500" : 11.470113,
        "750" : 0.000000,
        "1000" : 0.000000,
        "2000" : 0.000000,
        ">=2000" : 0.000000
      },
      "latency_depth" : 4,
      "latency_target" : 0,
      "latency_percentile" : 100.000000,
      "latency_window" : 0
    }
  ]
}
