{
  "fio version" : "fio-3.16",
  "timestamp" : 1722851976,
  "timestamp_ms" : 1722851976457,
  "time" : "Mon Aug  5 17:59:36 2024",
  "jobs" : [
    {
      "jobname" : "disktest",
      "groupid" : 0,
      "error" : 0,
      "eta" : 0,
      "elapsed" : 31,
      "job options" : {
        "ioengine" : "libaio",
        "iodepth" : "16",
        "numjobs" : "4",
        "rw" : "randread",
        "bs" : "4k",
        "direct" : "1",
        "buffered" : "0",
        "size" : "2G",
        "runtime" : "30"
      },
      "read" : {
        "io_bytes" : 10672279552,
        "io_kbytes" : 10422148,
        "bw_bytes" : 355718937,
        "bw" : 347381,
        "iops" : 86845.443637,
        "runtime" : 30002,
        "total_ios" : 2605537,
        "short_ios" : 0,
        "drop_ios" : 0,
        "slat_ns" : {
          "min" : 6103,
          "max" : 15085039,
          "mean" : 20078.335129,
          "stddev" : 22954.546328
        },
        "clat_ns" : {
          "min" : 4256,
          "max" : 203321249,
          "mean" : 716004.530057,
          "stddev" : 1067977.984480,
          "percentile" : {
            "1.000000" : 150528,
            "5.000000" : 185344,
            "10.000000" : 214016,
            "20.000000" : 276480,
            "30.000000" : 354304,
            "40.000000" : 456704,
            "50.000000" : 602112,
            "60.000000" : 765952,
            "70.000000" : 929792,
            "80.000000" : 1089536,
            "90.000000" : 1286144,
            "95.000000" : 1564672,
            "99.000000" : 2113536,
            "99.500000" : 2310144,
            "99.900000" : 4358144,
            "99.950000" : 7634944,
            "99.990000" : 16908288
          }
        },
        "lat_ns" : {
          "min" : 121316,
          "max" : 203338041,
          "mean" : 736231.806527,
          "stddev" : 1067213.303164
        },
        "bw_min" : 204960,
        "bw_max" : 498683,
        "bw_agg" : 100.000000,
        "bw_mean" : 347396.783333,
        "bw_dev" : 22539.071894,
        "bw_samples" : 237,
        "iops_min" : 51240,
        "iops_max" : 124670,
        "iops_mean" : 86849.095480,
        "iops_stddev" : 5634.778798,
        "iops_samples" : 237
      },
      "write" : {
        "io_bytes" : 0,
        "io_kbytes" : 0,
        "bw_bytes" : 0,
        "bw" : 0,
        "iops" : 0.000000,
        "runtime" : 0,
        "total_ios" : 0,
        "short_ios" : 0,
        "drop_ios" : 0,
        "slat_ns" : {
          "min" : 0,
          "max" : 0,
          "mean" : 0.000000,
          "stddev" : 0.000000
        },
        "clat_ns" : {
          "min" : 0,
          "max" : 0,
          "mean" : 0.000000,
          "stddev" : 0.000000,
          "percentile" : {
            "1.000000" : 0,
            "5.000000" : 0,
            "10.000000" : 0,
            "20.000000" : 0,
            "30.000000" : 0,
            "40.000000" : 0,
            "50.000000" : 0,
            "60.000000" : 0,
            "70.000000" : 0,
            "80.000000" : 0,
            "90.000000" : 0,
            "95.000000" : 0,
            "99.000000" : 0,
            "99.500000" : 0,
            "99.900000" : 0,
            "99.950000" : 0,
            "99.990000" : 0
          }
        },
        "lat_ns" : {
          "min" : 0,
          "max" : 0,
          "mean" : 0.000000,
          "stddev" : 0.000000
        },
        "bw_min" : 0,
        "bw_max" : 0,
        "bw_agg" : 0.000000,
        "bw_mean" : 0.000000,
        "bw_dev" : 0.000000,
        "bw_samples" : 0,
        "iops_min" : 0,
        "iops_max" : 0,
        "iops_mean" : 0.000000,
        "iops_stddev" : 0.000000,
        "iops_samples" : 0
      },
      "trim" : {
        "io_bytes" : 0,
        "io_kbytes" : 0,
        "bw_bytes" : 0,
        "bw" : 0,
        "iops" : 0.000000,
        "runtime" : 0,
        "total_ios" : 0,
        "short_ios" : 0,
        "drop_ios" : 0,
        "slat_ns" : {
          "min" : 0,
          "max" : 0,
          "mean" : 0.000000,
          "stddev" : 0.000000
        },
        "clat_ns" : {
          "min" : 0,
          "max" : 0,
          "mean" : 0.000000,
          "stddev" : 0.000000,
          "percentile" : {
            "1.000000" : 0,
            "5.000000" : 0,
            "10.000000" : 0,
            "20.000000" : 0,
            "30.000000" : 0,
            "40.000000" : 0,
            "50.000000" : 0,
            "60.000000" : 0,
            "70.000000" : 0,
            "80.000000" : 0,
            "90.000000" : 0,
            "95.000000" : 0,
            "99.000000" : 0,
            "99.500000" : 0,
            "99.900000" : 0,
            "99.950000" : 0,
            "99.990000" : 0
          }
        },
        "lat_ns" : {
          "min" : 0,
          "max" : 0,
          "mean" : 0.000000,
          "stddev" : 0.000000
        },
        "bw_min" : 0,
        "bw_max" : 0,
        "bw_agg" : 0.000000,
        "bw_mean" : 0.000000,
        "bw_dev" : 0.000000,
        "bw_samples" : 0,
        "iops_min" : 0,
        "iops_max" : 0,
        "iops_mean" : 0.000000,
        "iops_stddev" : 0.000000,
        "iops_samples" : 0
      },
      "sync" : {
        "lat_ns" : {
          "min" : 0,
          "max" : 0,
          "mean" : 0.000000,
          "stddev" : 0.000000,
          "percentile" : {
            "1.000000" : 0,
            "5.000000" : 0,
            "10.000000" : 0,
            "20.000000" : 0,
            "30.000000" : 0,
            "40.000000" : 0,
            "50.000000" : 0,
            "60.000000" : 0,
            "70.000000" : 0,
            "80.000000" : 0,
            "90.000000" : 0,
            "95.000000" : 0,
            "99.000000" : 0,
            "99.500000" : 0,
            "99.900000" : 0,
            "99.950000" : 0,
            "99.990000" : 0
          }
        },
        "total_ios" : 0
      },
      "job_runtime" : 120001,
      "usr_cpu" : 6.785777,
      "sys_cpu" : 28.657261,
      "ctx" : 2615364,
      "majf" : 0,
      "minf" : 115,
      "iodepth_level" : {
        "1" : 0.100000,
        "2" : 0.100000,
        "4" : 0.100000,
        "8" : 0.100000,
        "16" : 99.997697,
        "32" : 0.000000,
        ">=64" : 0.000000
      },
      "iodepth_submit" : {
        "0" : 0.000000,
        "4" : 100.000000,
        "8" : 0.000000,
        "16" : 0.000000,
        "32" : 0.000000,
        "64" : 0.000000,
        ">=64" : 0.000000
      },
      "iodepth_complete" : {
        "0" : 0.000000,
        "4" : 99.999846,
        "8" : 0.000000,
        "16" : 0.100000,
        "32" : 0.000000,
        "64" : 0.000000,
        ">=64" : 0.000000
      },
      "latency_ns" : {
        "2" : 0.000000,
        "4" : 0.000000,
        "10" : 0.000000,
        "20" : 0.000000,
        "50" : 0.000000,
        "100" : 0.000000,
        "250" : 0.000000,
        "500" : 0.000000,
        "750" : 0.000000,
        "1000" : 0.000000
      },
      "latency_us" : {
        "2" : 0.000000,
        "4" : 0.000000,
        "10" : 0.010000,
        "20" : 0.000000,
        "50" : 0.010000,
        "100" : 0.010000,
        "250" : 16.149032,
        "500" : 27.146112,
        "750" : 15.656197,
        "1000" : 15.451671
      },
      "latency_ms" : {
        "2" : 24.130956,
        "4" : 1.350624,
        "10" : 0.078448,
        "20" : 0.030627,
        "50" : 0.010000,
        "100" : 0.000000,
        "250" : 0.010000,
        "500" : 0.000000,
        "750" : 0.000000,
        "1000" : 0.000000,
        "2000" : 0.000000,
        ">=2000" : 0.000000
      },
      "latency_depth" : 16,
      "latency_target" : 0,
      "latency_percentile" : 100.000000,
      "latency_window" : 0
    }
  ]
}
