{
  "fio version" : "fio-3.28",
  "timestamp" : 1724147947,
  "timestamp_ms" : 1724147947794,
  "time" : "Tue Aug 20 17:59:07 2024",
  "jobs" : [
    {
      "jobname" : "disktest",
      "groupid" : 0,
      "error" : 0,
      "eta" : 0,
      "elapsed" : 31,
      "job options" : {
        "ioengine" : "libaio",
        "iodepth" : "8",
        "numjobs" : "4",
        "rw" : "randwrite",
        "bs" : "4k",
        "direct" : "1",
        "buffered" : "0",
        "size" : "2G",
        "runtime" : "30"
      },
      "read" : {
        "io_bytes" : 0,
        "io_kbytes" : 0,
        "bw_bytes" : 0,
        "bw" : 0,
        "iops" : 0.000000,
        "runtime" : 0,
        "total_ios" : 0,
        "short_ios" : 0,
        "drop_ios" : 0,
        "slat_ns" : {
          "min" : 0,
          "max" : 0,
          "mean" : 0.000000,
          "stddev" : 0.000000,
          "N" : 0
        },
        "clat_ns" : {
          "min" : 0,
          "max" : 0,
          "mean" : 0.000000,
          "stddev" : 0.000000,
          "N" : 0
        },
        "lat_ns" : {
          "min" : 0,
          "max" : 0,
          "mean" : 0.000000,
          "stddev" : 0.000000,
          "N" : 0
        },
        "bw_min" : 0,
        "bw_max" : 0,
        "bw_agg" : 0.000000,
        "bw_mean" : 0.000000,
        "bw_dev" : 0.000000,
        "bw_samples" : 0,
        "iops_min" : 0,
        "iops_max" : 0,
        "iops_mean" : 0.000000,
        "iops_stddev" : 0.000000,
        "iops_samples" : 0
      },
      "write" : {
        "io_bytes" : 1725104128,
        "io_kbytes" : 1684672,
        "bw_bytes" : 57499637,
        "bw" : 56151,
        "iops" : 14037.997467,
        "runtime" : 30002,
        "total_ios" : 421168,
        "short_ios" : 0,
        "drop_ios" : 0,
        "slat_ns" : {
          "min" : 3847,
          "max" : 981157,
          "mean" : 29188.086403,
          "stddev" : 16742.577547,
          "N" : 421168
        },
        "clat_ns" : {
          "min" : 636718,
          "max" : 209437958,
          "mean" : 2248586.116899,
          "stddev" : 4001033.655834,
          "N" : 421168,
          "percentile" : {
            "1.000000" : 1073152,
            "5.000000" : 1236992,
            "10.000000" : 1335296,
            "20.000000" : 1433600,
            "30.000000" : 1515520,
            "40.000000" : 1581056,
            "50.000000" : 1646592,
            "60.000000" : 1728512,
            "70.000000" : 1810432,
            "80.000000" : 1925120,
            "90.000000" : 2146304,
            "95.000000" : 2605056,
            "99.000000" : 26869760,
            "99.500000" : 32374784,
            "99.900000" : 39059456,
            "99.950000" : 41156608,
            "99.990000" : 47972352
          }
        },
        "lat_ns" : {
          "min" : 714878,
          "max" : 209462425,
          "mean" : 2278023.235538,
          "stddev" : 4001135.763117,
          "N" : 421168
        },
        "bw_min" : 40920,
        "bw_max" : 65392,
        "bw_agg" : 100.000000,
        "bw_mean" : 56274.983051,
        "bw_dev" : 1212.950065,
        "bw_samples" : 236,
        "iops_min" : 10230,
        "iops_max" : 16348,
        "iops_mean" : 14068.745763,
        "iops_stddev" : 303.251268,
        "iops_samples" : 236
      },
      "trim" : {
        "io_bytes" : 0,
        "io_kbytes" : 0,
        "bw_bytes" : 0,
        "bw" : 0,
        "iops" : 0.000000,
        "runtime" : 0,
        "total_ios" : 0,
        "short_ios" : 0,
        "drop_ios" : 0,
        "slat_ns" : {
          "min" : 0,
          "max" : 0,
          "mean" : 0.000000,
          "stddev" : 0.000000,
          "N" : 0
        },
        "clat_ns" : {
          "min" : 0,
          "max" : 0,
          "mean" : 0.000000,
          "stddev" : 0.000000,
          "N" : 0
        },
        "lat_ns" : {
          "min" : 0,
          "max" : 0,
          "mean" : 0.000000,
          "stddev" : 0.000000,
          "N" : 0
        },
        "bw_min" : 0,
        "bw_max" : 0,
        "bw_agg" : 0.000000,
        "bw_mean" : 0.000000,
        "bw_dev" : 0.000000,
        "bw_samples" : 0,
        "iops_min" : 0,
        "iops_max" : 0,
        "iops_mean" : 0.000000,
        "iops_stddev" : 0.000000,
        "iops_samples" : 0
      },
      "sync" : {
        "total_ios" : 0,
        "lat_ns" : {
          "min" : 0,
          "max" : 0,
          "mean" : 0.000000,
          "stddev" : 0.000000,
          "N" : 0
        }
      },
      "job_runtime" : 120004,
      "usr_cpu" : 1.210793,
      "sys_cpu" : 6.960601,
      "ctx" : 560846,
      "majf" : 0,
      "minf" : 207,
      "iodepth_level" : {
        "1" : 0.100000,
        "2" : 0.100000,
        "4" : 0.100000,
        "8" : 99.993352,
        "16" : 0.000000,
        "32" : 0.000000,
        ">=64" : 0.000000
      },
      "iodepth_submit" : {
        "0" : 0.000000,
        "4" : 100.000000,
        "8" : 0.000000,
        "16" : 0.000000,
        "32" : 0.000000,
        "64" : 0.000000,
        ">=64" : 0.000000
      },
      "iodepth_complete" : {
        "0" : 0.000000,
        "4" : 99.999050,
        "8" : 0.100000,
        "16" : 0.000000,
        "32" : 0.000000,
        "64" : 0.000000,
        ">=64" : 0.000000
      },
      "latency_ns" : {
        "2" : 0.000000,
        "4" : 0.000000,
        "10" : 0.000000,
        "20" : 0.000000,
        "50" : 0.000000,
        "100" : 0.000000,
        "250" : 0.000000,
        "500" : 0.000000,
        "750" : 0.000000,
        "1000" : 0.000000
      },
      "latency_us" : {
        "2" : 0.000000,
        "4" : 0.000000,
        "10" : 0.000000,
        "20" : 0.000000,
        "50" : 0.000000,
        "100" : 0.000000,
        "250" : 0.000000,
        "500" : 0.000000,
        "750" : 0.010000,
        "1000" : 0.422872
      },
      "latency_ms" : {
        "2" : 84.564354,
        "4" : 12.120579,
        "10" : 0.689511,
        "20" : 0.660781,
        "50" : 1.533117,
        "100" : 0.010000,
        "250" : 0.010000,
        "500" : 0.000000,
        "750" : 0.000000,
        "1000" : 0.000000,
        "2000" : 0.000000,
        ">=2000" : 0.000000
      },
      "latency_depth" : 8,
      "latency_target" : 0,
      "latency_percentile" : 100.000000,
      "latency_window" : 0
    }
  ]
}
