{
  "fio version" : "fio-3.28",
  "timestamp" : 1724147917,
  "timestamp_ms" : 1724147917292,
  "time" : "Tue Aug 20 17:58:37 2024",
  "jobs" : [
    {
      "jobname" : "disktest",
      "groupid" : 0,
      "error" : 0,
      "eta" : 0,
      "elapsed" : 31,
      "job options" : {
        "ioengine" : "libaio",
        "iodepth" : "4",
        "numjobs" : "4",
        "rw" : "randwrite",
        "bs" : "4k",
        "direct" : "1",
        "buffered" : "0",
        "size" : "2G",
        "runtime" : "30"
      },
      "read" : {
        "io_bytes" : 0,
        "io_kbytes" : 0,
        "bw_bytes" : 0,
        "bw" : 0,
        "iops" : 0.000000,
        "runtime" : 0,
        "total_ios" : 0,
        "short_ios" : 0,
        "drop_ios" : 0,
        "slat_ns" : {
          "min" : 0,
          "max" : 0,
          "mean" : 0.000000,
          "stddev" : 0.000000,
          "N" : 0
        },
        "clat_ns" : {
          "min" : 0,
          "max" : 0,
          "mean" : 0.000000,
          "stddev" : 0.000000,
          "N" : 0
        },
        "lat_ns" : {
          "min" : 0,
          "max" : 0,
          "mean" : 0.000000,
          "stddev" : 0.000000,
          "N" : 0
        },
        "bw_min" : 0,
        "bw_max" : 0,
        "bw_agg" : 0.000000,
        "bw_mean" : 0.000000,
        "bw_dev" : 0.000000,
        "bw_samples" : 0,
        "iops_min" : 0,
        "iops_max" : 0,
        "iops_mean" : 0.000000,
        "iops_stddev" : 0.000000,
        "iops_samples" : 0
      },
      "write" : {
        "io_bytes" : 1427554304,
        "io_kbytes" : 1394096,
        "bw_bytes" : 47580385,
        "bw" : 46465,
        "iops" : 11616.305036,
        "runtime" : 30003,
        "total_ios" : 348524,
        "short_ios" : 0,
        "drop_ios" : 0,
        "slat_ns" : {
          "min" : 3837,
          "max" : 3832253,
          "mean" : 28515.285903,
          "stddev" : 16830.506421,
          "N" : 348524
        },
        "clat_ns" : {
          "min" : 665443,
          "max" : 33475647,
          "mean" : 1347024.598349,
          "stddev" : 478488.517334,
          "N" : 348524,
          "percentile" : {
            "1.000000" : 905216,
            "5.000000" : 1003520,
            "10.000000" : 1056768,
            "20.000000" : 1138688,
            "30.000000" : 1187840,
            "40.000000" : 1236992,
            "50.000000" : 1302528,
            "60.000000" : 1351680,
            "70.000000" : 1417216,
            "80.000000" : 1482752,
            "90.000000" : 1613824,
            "95.000000" : 1777664,
            "99.000000" : 2506752,
            "99.500000" : 2899968,
            "99.900000" : 5472256,
            "99.950000" : 8355840,
            "99.990000" : 21364736
          }
        },
        "lat_ns" : {
          "min" : 701462,
          "max" : 33498310,
          "mean" : 1375764.772340,
          "stddev" : 478344.718010,
          "N" : 348524
        },
        "bw_min" : 43632,
        "bw_max" : 50856,
        "bw_agg" : 100.000000,
        "bw_mean" : 46498.559322,
        "bw_dev" : 392.567798,
        "bw_samples" : 236,
        "iops_min" : 10908,
        "iops_max" : 12714,
        "iops_mean" : 11624.627119,
        "iops_stddev" : 98.139025,
        "iops_samples" : 236
      },
      "trim" : {
        "io_bytes" : 0,
        "io_kbytes" : 0,
        "bw_bytes" : 0,
        "bw" : 0,
        "iops" : 0.000000,
        "runtime" : 0,
        "total_ios" : 0,
        "short_ios" : 0,
        "drop_ios" : 0,
        "slat_ns" : {
          "min" : 0,
          "max" : 0,
          "mean" : 0.000000,
          "stddev" : 0.000000,
          "N" : 0
        },
        "clat_ns" : {
          "min" : 0,
          "max" : 0,
          "mean" : 0.000000,
          "stddev" : 0.000000,
          "N" : 0
        },
        "lat_ns" : {
          "min" : 0,
          "max" : 0,
          "mean" : 0.000000,
          "stddev" : 0.000000,
          "N" : 0
        },
        "bw_min" : 0,
        "bw_max" : 0,
        "bw_agg" : 0.000000,
        "bw_mean" : 0.000000,
        "bw_dev" : 0.000000,
        "bw_samples" : 0,
        "iops_min" : 0,
        "iops_max" : 0,
        "iops_mean" : 0.000000,
        "iops_stddev" : 0.000000,
        "iops_samples" : 0
      },
      "sync" : {
        "total_ios" : 0,
        "lat_ns" : {
          "min" : 0,
          "max" : 0,
          "mean" : 0.000000,
          "stddev" : 0.000000,
          "N" : 0
        }
      },
      "job_runtime" : 120005,
      "usr_cpu" : 0.944961,
      "sys_cpu" : 5.831424,
      "ctx" : 493046,
      "majf" : 0,
      "minf" : 121,
      "iodepth_level" : {
        "1" : 0.100000,
        "2" : 0.100000,
        "4" : 99.996557,
        "8" : 0.000000,
        "16" : 0.000000,
        "32" : 0.000000,
        ">=64" : 0.000000
      },
      "iodepth_submit" : {
        "0" : 0.000000,
        "4" : 100.000000,
        "8" : 0.000000,
        "16" : 0.000000,
        "32" : 0.000000,
        "64" : 0.000000,
        ">=64" : 0.000000
      },
      "iodepth_complete" : {
        "0" : 0.000000,
        "4" : 100.000000,
        "8" : 0.000000,
        "16" : 0.000000,
        "32" : 0.000000,
        "64" : 0.000000,
        ">=64" : 0.000000
      },
      "latency_ns" : {
        "2" : 0.000000,
        "4" : 0.000000,
        "10" : 0.000000,
        "20" : 0.000000,
        "50" : 0.000000,
        "100" : 0.000000,
        "250" : 0.000000,
        "500" : 0.000000,
        "750" : 0.000000,
        "1000" : 0.000000
      },
      "latency_us" : {
        "2" : 0.000000,
        "4" : 0.000000,
        "10" : 0.000000,
        "20" : 0.000000,
        "50" : 0.000000,
        "100" : 0.000000,
        "250" : 0.000000,
        "500" : 0.000000,
        "750" : 0.013199,
        "1000" : 4.967807
      },
      "latency_ms" : {
        "2" : 92.269112,
        "4" : 2.526368,
        "10" : 0.187648,
        "20" : 0.024675,
        "50" : 0.011190,
        "100" : 0.000000,
        "250" : 0.000000,
        "500" : 0.000000,
        "750" : 0.000000,
        "1000" : 0.000000,
        "2000" : 0.000000,
        ">=2000" : 0.000000
      },
      "latency_depth" : 4,
      "latency_target" : 0,
      "latency_percentile" : 100.000000,
      "latency_window" : 0
    }
  ]
}
