{
  "fio version" : "fio-3.28",
  "timestamp" : 1724147886,
  "timestamp_ms" : 1724147886810,
  "time" : "Tue Aug 20 17:58:06 2024",
  "jobs" : [
    {
      "jobname" : "disktest",
      "groupid" : 0,
      "error" : 0,
      "eta" : 0,
      "elapsed" : 31,
      "job options" : {
        "ioengine" : "libaio",
        "iodepth" : "2",
        "numjobs" : "4",
        "rw" : "randwrite",
        "bs" : "4k",
        "direct" : "1",
        "buffered" : "0",
        "size" : "2G",
        "runtime" : "30"
      },
      "read" : {
        "io_bytes" : 0,
        "io_kbytes" : 0,
        "bw_bytes" : 0,
        "bw" : 0,
        "iops" : 0.000000,
        "runtime" : 0,
        "total_ios" : 0,
        "short_ios" : 0,
        "drop_ios" : 0,
        "slat_ns" : {
          "min" : 0,
          "max" : 0,
          "mean" : 0.000000,
          "stddev" : 0.000000,
          "N" : 0
        },
        "clat_ns" : {
          "min" : 0,
          "max" : 0,
          "mean" : 0.000000,
          "stddev" : 0.000000,
          "N" : 0
        },
        "lat_ns" : {
          "min" : 0,
          "max" : 0,
          "mean" : 0.000000,
          "stddev" : 0.000000,
          "N" : 0
        },
        "bw_min" : 0,
        "bw_max" : 0,
        "bw_agg" : 0.000000,
        "bw_mean" : 0.000000,
        "bw_dev" : 0.000000,
        "bw_samples" : 0,
        "iops_min" : 0,
        "iops_max" : 0,
        "iops_mean" : 0.000000,
        "iops_stddev" : 0.000000,
        "iops_samples" : 0
      },
      "write" : {
        "io_bytes" : 768225280,
        "io_kbytes" : 750220,
        "bw_bytes" : 25605802,
        "bw" : 25005,
        "iops" : 6251.416572,
        "runtime" : 30002,
        "total_ios" : 187555,
        "short_ios" : 0,
        "drop_ios" : 0,
        "slat_ns" : {
          "min" : 3908,
          "max" : 746799,
          "mean" : 22977.951316,
          "stddev" : 14312.096305,
          "N" : 187555
        },
        "clat_ns" : {
          "min" : 590620,
          "max" : 31246612,
          "mean" : 1254783.968660,
          "stddev" : 373716.291317,
          "N" : 187555,
          "percentile" : {
            "1.000000" : 847872,
            "5.000000" : 937984,
            "10.000000" : 995328,
            "20.000000" : 1056768,
            "30.000000" : 1122304,
            "40.000000" : 1171456,
            "50.000000" : 1204224,
            "60.000000" : 1253376,
            "70.000000" : 1318912,
            "80.000000" : 1384448,
            "90.000000" : 1499136,
            "95.000000" : 1630208,
            "99.000000" : 2342912,
            "99.500000" : 2703360,
            "99.900000" : 4620288,
            "99.950000" : 6520832,
            "99.990000" : 12255232
          }
        },
        "lat_ns" : {
          "min" : 663099,
          "max" : 31285897,
          "mean" : 1277994.946704,
          "stddev" : 373900.471388,
          "N" : 187555
        },
        "bw_min" : 23184,
        "bw_max" : 27304,
        "bw_agg" : 100.000000,
        "bw_mean" : 25025.220339,
        "bw_dev" : 207.359863,
        "bw_samples" : 236,
        "iops_min" : 5796,
        "iops_max" : 6826,
        "iops_mean" : 6256.305085,
        "iops_stddev" : 51.839966,
        "iops_samples" : 236
      },
      "trim" : {
        "io_bytes" : 0,
        "io_kbytes" : 0,
        "bw_bytes" : 0,
        "bw" : 0,
        "iops" : 0.000000,
        "runtime" : 0,
        "total_ios" : 0,
        "short_ios" : 0,
        "drop_ios" : 0,
        "slat_ns" : {
          "min" : 0,
          "max" : 0,
          "mean" : 0.000000,
          "stddev" : 0.000000,
          "N" : 0
        },
        "clat_ns" : {
          "min" : 0,
          "max" : 0,
          "mean" : 0.000000,
          "stddev" : 0.000000,
          "N" : 0
        },
        "lat_ns" : {
          "min" : 0,
          "max" : 0,
          "mean" : 0.000000,
          "stddev" : 0.000000,
          "N" : 0
        },
        "bw_min" : 0,
        "bw_max" : 0,
        "bw_agg" : 0.000000,
        "bw_mean" : 0.000000,
        "bw_dev" : 0.000000,
        "bw_samples" : 0,
        "iops_min" : 0,
        "iops_max" : 0,
        "iops_mean" : 0.000000,
        "iops_stddev" : 0.000000,
        "iops_samples" : 0
      },
      "sync" : {
        "total_ios" : 0,
        "lat_ns" : {
          "min" : 0,
          "max" : 0,
          "mean" : 0.000000,
          "stddev" : 0.000000,
          "N" : 0
        }
      },
      "job_runtime" : 120002,
      "usr_cpu" : 0.564157,
      "sys_cpu" : 3.062449,
      "ctx" : 244177,
      "majf" : 0,
      "minf" : 81,
      "iodepth_level" : {
        "1" : 0.100000,
        "2" : 99.997867,
        "4" : 0.000000,
        "8" : 0.000000,
        "16" : 0.000000,
        "32" : 0.000000,
        ">=64" : 0.000000
      },
      "iodepth_submit" : {
        "0" : 0.000000,
        "4" : 100.000000,
        "8" : 0.000000,
        "16" : 0.000000,
        "32" : 0.000000,
        "64" : 0.000000,
        ">=64" : 0.000000
      },
      "iodepth_complete" : {
        "0" : 0.000000,
        "4" : 100.000000,
        "8" : 0.000000,
        "16" : 0.000000,
        "32" : 0.000000,
        "64" : 0.000000,
        ">=64" : 0.000000
      },
      "latency_ns" : {
        "2" : 0.000000,
        "4" : 0.000000,
        "10" : 0.000000,
        "20" : 0.000000,
        "50" : 0.000000,
        "100" : 0.000000,
        "250" : 0.000000,
        "500" : 0.000000,
        "750" : 0.000000,
        "1000" : 0.000000
      },
      "latency_us" : {
        "2" : 0.000000,
        "4" : 0.000000,
        "10" : 0.000000,
        "20" : 0.000000,
        "50" : 0.000000,
        "100" : 0.000000,
        "250" : 0.000000,
        "500" : 0.000000,
        "750" : 0.081576,
        "1000" : 10.893338
      },
      "latency_ms" : {
        "2" : 86.984085,
        "4" : 1.890645,
        "10" : 0.127962,
        "20" : 0.019728,
        "50" : 0.010000,
        "100" : 0.000000,
        "250" : 0.000000,
        "500" : 0.000000,
        "750" : 0.000000,
        "1000" : 0.000000,
        "2000" : 0.000000,
        ">=2000" : 0.000000
      },
      "latency_depth" : 2,
      "latency_target" : 0,
      "latency_percentile" : 100.000000,
      "latency_window" : 0
    }
  ]
}
