{
  "fio version" : "fio-3.28",
  "timestamp" : 1724315436,
  "timestamp_ms" : 1724315436329,
  "time" : "Thu Aug 22 16:30:36 2024",
  "jobs" : [
    {
      "jobname" : "disktest",
      "groupid" : 0,
      "error" : 0,
      "eta" : 0,
      "elapsed" : 31,
      "job options" : {
        "ioengine" : "libaio",
        "iodepth" : "4",
        "numjobs" : "4",
        "rw" : "randread",
        "bs" : "4M",
        "direct" : "1",
        "buffered" : "0",
        "size" : "14G",
        "runtime" : "30",
        "filename" : "/cephfs-benchmark/lixie-benchmark/fio-benchmark/randread/train.zip"
      },
      "read" : {
        "io_bytes" : 76256641024,
        "io_kbytes" : 74469376,
        "bw_bytes" : 2540025348,
        "bw" : 2480493,
        "iops" : 605.589235,
        "runtime" : 30022,
        "total_ios" : 18181,
        "short_ios" : 0,
        "drop_ios" : 0,
        "slat_ns" : {
          "min" : 81488,
          "max" : 24118788,
          "mean" : 1013541.264892,
          "stddev" : 2223393.461028,
          "N" : 18181
        },
        "clat_ns" : {
          "min" : 10673101,
          "max" : 241151054,
          "mean" : 25392757.376877,
          "stddev" : 10386343.129868,
          "N" : 18181,
          "percentile" : {
            "1.000000" : 13828096,
            "5.000000" : 15663104,
            "10.000000" : 16449536,
            "20.000000" : 17694720,
            "30.000000" : 19005440,
            "40.000000" : 20840448,
            "50.000000" : 22675456,
            "60.000000" : 25034752,
            "70.000000" : 27656192,
            "80.000000" : 31326208,
            "90.000000" : 38010880,
            "95.000000" : 44826624,
            "99.000000" : 60030976,
            "99.500000" : 66322432,
            "99.900000" : 87556096,
            "99.950000" : 115867648,
            "99.990000" : 227540992
          }
        },
        "lat_ns" : {
          "min" : 10984656,
          "max" : 241486556,
          "mean" : 26407195.033882,
          "stddev" : 10847042.124922,
          "N" : 18181
        },
        "bw_min" : 2162688,
        "bw_max" : 2768896,
        "bw_agg" : 100.000000,
        "bw_mean" : 2480674.133333,
        "bw_dev" : 31619.990465,
        "bw_samples" : 240,
        "iops_min" : 528,
        "iops_max" : 676,
        "iops_mean" : 605.633333,
        "iops_stddev" : 7.719724,
        "iops_samples" : 240
      },
      "write" : {
        "io_bytes" : 0,
        "io_kbytes" : 0,
        "bw_bytes" : 0,
        "bw" : 0,
        "iops" : 0.000000,
        "runtime" : 0,
        "total_ios" : 0,
        "short_ios" : 0,
        "drop_ios" : 0,
        "slat_ns" : {
          "min" : 0,
          "max" : 0,
          "mean" : 0.000000,
          "stddev" : 0.000000,
          "N" : 0
        },
        "clat_ns" : {
          "min" : 0,
          "max" : 0,
          "mean" : 0.000000,
          "stddev" : 0.000000,
          "N" : 0
        },
        "lat_ns" : {
          "min" : 0,
          "max" : 0,
          "mean" : 0.000000,
          "stddev" : 0.000000,
          "N" : 0
        },
        "bw_min" : 0,
        "bw_max" : 0,
        "bw_agg" : 0.000000,
        "bw_mean" : 0.000000,
        "bw_dev" : 0.000000,
        "bw_samples" : 0,
        "iops_min" : 0,
        "iops_max" : 0,
        "iops_mean" : 0.000000,
        "iops_stddev" : 0.000000,
        "iops_samples" : 0
      },
      "trim" : {
        "io_bytes" : 0,
        "io_kbytes" : 0,
        "bw_bytes" : 0,
        "bw" : 0,
        "iops" : 0.000000,
        "runtime" : 0,
        "total_ios" : 0,
        "short_ios" : 0,
        "drop_ios" : 0,
        "slat_ns" : {
          "min" : 0,
          "max" : 0,
          "mean" : 0.000000,
          "stddev" : 0.000000,
          "N" : 0
        },
        "clat_ns" : {
          "min" : 0,
          "max" : 0,
          "mean" : 0.000000,
          "stddev" : 0.000000,
          "N" : 0
        },
        "lat_ns" : {
          "min" : 0,
          "max" : 0,
          "mean" : 0.000000,
          "stddev" : 0.000000,
          "N" : 0
        },
        "bw_min" : 0,
        "bw_max" : 0,
        "bw_agg" : 0.000000,
        "bw_mean" : 0.000000,
        "bw_dev" : 0.000000,
        "bw_samples" : 0,
        "iops_min" : 0,
        "iops_max" : 0,
        "iops_mean" : 0.000000,
        "iops_stddev" : 0.000000,
        "iops_samples" : 0
      },
      "sync" : {
        "total_ios" : 0,
        "lat_ns" : {
          "min" : 0,
          "max" : 0,
          "mean" : 0.000000,
          "stddev" : 0.000000,
          "N" : 0
        }
      },
      "job_runtime" : 120082,
      "usr_cpu" : 0.189037,
      "sys_cpu" : 9.938209,
      "ctx" : 28844,
      "majf" : 0,
      "minf" : 19598,
      "iodepth_level" : {
        "1" : 0.100000,
        "2" : 0.100000,
        "4" : 99.933997,
        "8" : 0.000000,
        "16" : 0.000000,
        "32" : 0.000000,
        ">=64" : 0.000000
      },
      "iodepth_submit" : {
        "0" : 0.000000,
        "4" : 100.000000,
        "8" : 0.000000,
        "16" : 0.000000,
        "32" : 0.000000,
        "64" : 0.000000,
        ">=64" : 0.000000
      },
      "iodepth_complete" : {
        "0" : 0.000000,
        "4" : 100.000000,
        "8" : 0.000000,
        "16" : 0.000000,
        "32" : 0.000000,
        "64" : 0.000000,
        ">=64" : 0.000000
      },
      "latency_ns" : {
        "2" : 0.000000,
        "4" : 0.000000,
        "10" : 0.000000,
        "20" : 0.000000,
        "50" : 0.000000,
        "100" : 0.000000,
        "250" : 0.000000,
        "500" : 0.000000,
        "750" : 0.000000,
        "1000" : 0.000000
      },
      "latency_us" : {
        "2" : 0.000000,
        "4" : 0.000000,
        "10" : 0.000000,
        "20" : 0.000000,
        "50" : 0.000000,
        "100" : 0.000000,
        "250" : 0.000000,
        "500" : 0.000000,
        "750" : 0.000000,
        "1000" : 0.000000
      },
      "latency_ms" : {
        "2" : 0.000000,
        "4" : 0.000000,
        "10" : 0.000000,
        "20" : 35.773610,
        "50" : 61.421264,
        "100" : 2.739123,
        "250" : 0.066003,
        "500" : 0.000000,
        "750" : 0.000000,
        "1000" : 0.000000,
        "2000" : 0.000000,
        ">=2000" : 0.000000
      },
      "latency_depth" : 4,
      "latency_target" : 0,
      "latency_percentile" : 100.000000,
      "latency_window" : 0
    }
  ]
}
