{
  "fio version" : "fio-3.28",
  "timestamp" : 1724151763,
  "timestamp_ms" : 1724151763584,
  "time" : "Tue Aug 20 19:02:43 2024",
  "jobs" : [
    {
      "jobname" : "disktest",
      "groupid" : 0,
      "error" : 0,
      "eta" : 0,
      "elapsed" : 31,
      "job options" : {
        "ioengine" : "libaio",
        "iodepth" : "16",
        "numjobs" : "4",
        "rw" : "randwrite",
        "bs" : "4k",
        "direct" : "1",
        "buffered" : "0",
        "size" : "2G",
        "runtime" : "30"
      },
      "read" : {
        "io_bytes" : 0,
        "io_kbytes" : 0,
        "bw_bytes" : 0,
        "bw" : 0,
        "iops" : 0.000000,
        "runtime" : 0,
        "total_ios" : 0,
        "short_ios" : 0,
        "drop_ios" : 0,
        "slat_ns" : {
          "min" : 0,
          "max" : 0,
          "mean" : 0.000000,
          "stddev" : 0.000000,
          "N" : 0
        },
        "clat_ns" : {
          "min" : 0,
          "max" : 0,
          "mean" : 0.000000,
          "stddev" : 0.000000,
          "N" : 0
        },
        "lat_ns" : {
          "min" : 0,
          "max" : 0,
          "mean" : 0.000000,
          "stddev" : 0.000000,
          "N" : 0
        },
        "bw_min" : 0,
        "bw_max" : 0,
        "bw_agg" : 0.000000,
        "bw_mean" : 0.000000,
        "bw_dev" : 0.000000,
        "bw_samples" : 0,
        "iops_min" : 0,
        "iops_max" : 0,
        "iops_mean" : 0.000000,
        "iops_stddev" : 0.000000,
        "iops_samples" : 0
      },
      "write" : {
        "io_bytes" : 1926844416,
        "io_kbytes" : 1881684,
        "bw_bytes" : 64217444,
        "bw" : 62712,
        "iops" : 15678.086986,
        "runtime" : 30005,
        "total_ios" : 470421,
        "short_ios" : 0,
        "drop_ios" : 0,
        "slat_ns" : {
          "min" : 4208,
          "max" : 2197666,
          "mean" : 32021.460730,
          "stddev" : 18289.910524,
          "N" : 470421
        },
        "clat_ns" : {
          "min" : 648732,
          "max" : 73010685,
          "mean" : 4048181.680382,
          "stddev" : 5053930.498060,
          "N" : 470421,
          "percentile" : {
            "1.000000" : 1122304,
            "5.000000" : 1728512,
            "10.000000" : 2310144,
            "20.000000" : 2670592,
            "30.000000" : 2834432,
            "40.000000" : 2965504,
            "50.000000" : 3096576,
            "60.000000" : 3227648,
            "70.000000" : 3358720,
            "80.000000" : 3555328,
            "90.000000" : 3948544,
            "95.000000" : 7634944,
            "99.000000" : 32899072,
            "99.500000" : 38010880,
            "99.900000" : 45350912,
            "99.950000" : 47972352,
            "99.990000" : 53739520
          }
        },
        "lat_ns" : {
          "min" : 721401,
          "max" : 73036335,
          "mean" : 4080417.772470,
          "stddev" : 5053901.550655,
          "N" : 470421
        },
        "bw_min" : 50200,
        "bw_max" : 72840,
        "bw_agg" : 99.643854,
        "bw_mean" : 62489.084746,
        "bw_dev" : 1174.946766,
        "bw_samples" : 236,
        "iops_min" : 12550,
        "iops_max" : 18210,
        "iops_mean" : 15622.271186,
        "iops_stddev" : 293.736692,
        "iops_samples" : 236
      },
      "trim" : {
        "io_bytes" : 0,
        "io_kbytes" : 0,
        "bw_bytes" : 0,
        "bw" : 0,
        "iops" : 0.000000,
        "runtime" : 0,
        "total_ios" : 0,
        "short_ios" : 0,
        "drop_ios" : 0,
        "slat_ns" : {
          "min" : 0,
          "max" : 0,
          "mean" : 0.000000,
          "stddev" : 0.000000,
          "N" : 0
        },
        "clat_ns" : {
          "min" : 0,
          "max" : 0,
          "mean" : 0.000000,
          "stddev" : 0.000000,
          "N" : 0
        },
        "lat_ns" : {
          "min" : 0,
          "max" : 0,
          "mean" : 0.000000,
          "stddev" : 0.000000,
          "N" : 0
        },
        "bw_min" : 0,
        "bw_max" : 0,
        "bw_agg" : 0.000000,
        "bw_mean" : 0.000000,
        "bw_dev" : 0.000000,
        "bw_samples" : 0,
        "iops_min" : 0,
        "iops_max" : 0,
        "iops_mean" : 0.000000,
        "iops_stddev" : 0.000000,
        "iops_samples" : 0
      },
      "sync" : {
        "total_ios" : 0,
        "lat_ns" : {
          "min" : 0,
          "max" : 0,
          "mean" : 0.000000,
          "stddev" : 0.000000,
          "N" : 0
        }
      },
      "job_runtime" : 120013,
      "usr_cpu" : 1.300692,
      "sys_cpu" : 8.025797,
      "ctx" : 660242,
      "majf" : 0,
      "minf" : 198,
      "iodepth_level" : {
        "1" : 0.100000,
        "2" : 0.100000,
        "4" : 0.100000,
        "8" : 0.100000,
        "16" : 99.987245,
        "32" : 0.000000,
        ">=64" : 0.000000
      },
      "iodepth_submit" : {
        "0" : 0.000000,
        "4" : 100.000000,
        "8" : 0.000000,
        "16" : 0.000000,
        "32" : 0.000000,
        "64" : 0.000000,
        ">=64" : 0.000000
      },
      "iodepth_complete" : {
        "0" : 0.000000,
        "4" : 99.999150,
        "8" : 0.000000,
        "16" : 0.100000,
        "32" : 0.000000,
        "64" : 0.000000,
        ">=64" : 0.000000
      },
      "latency_ns" : {
        "2" : 0.000000,
        "4" : 0.000000,
        "10" : 0.000000,
        "20" : 0.000000,
        "50" : 0.000000,
        "100" : 0.000000,
        "250" : 0.000000,
        "500" : 0.000000,
        "750" : 0.000000,
        "1000" : 0.000000
      },
      "latency_us" : {
        "2" : 0.000000,
        "4" : 0.000000,
        "10" : 0.000000,
        "20" : 0.000000,
        "50" : 0.000000,
        "100" : 0.000000,
        "250" : 0.000000,
        "500" : 0.000000,
        "750" : 0.010000,
        "1000" : 0.331193
      },
      "latency_ms" : {
        "2" : 6.385344,
        "4" : 83.827253,
        "10" : 4.900291,
        "20" : 1.641721,
        "50" : 2.878698,
        "100" : 0.030398,
        "250" : 0.000000,
        "500" : 0.000000,
        "750" : 0.000000,
        "1000" : 0.000000,
        "2000" : 0.000000,
        ">=2000" : 0.000000
      },
      "latency_depth" : 16,
      "latency_target" : 0,
      "latency_percentile" : 100.000000,
      "latency_window" : 0
    }
  ]
}
