{
  "fio version" : "fio-3.28",
  "timestamp" : 1724315558,
  "timestamp_ms" : 1724315558574,
  "time" : "Thu Aug 22 16:32:38 2024",
  "jobs" : [
    {
      "jobname" : "disktest",
      "groupid" : 0,
      "error" : 0,
      "eta" : 0,
      "elapsed" : 31,
      "job options" : {
        "ioengine" : "libaio",
        "iodepth" : "2",
        "numjobs" : "1",
        "rw" : "randread",
        "bs" : "4k",
        "direct" : "1",
        "buffered" : "0",
        "size" : "14G",
        "runtime" : "30",
        "filename" : "/cephfs-benchmark/lixie-benchmark/fio-benchmark/randread/train.zip"
      },
      "read" : {
        "io_bytes" : 332468224,
        "io_kbytes" : 324676,
        "bw_bytes" : 11081904,
        "bw" : 10822,
        "iops" : 2705.543149,
        "runtime" : 30001,
        "total_ios" : 81169,
        "short_ios" : 0,
        "drop_ios" : 0,
        "slat_ns" : {
          "min" : 9718,
          "max" : 291812,
          "mean" : 54563.912885,
          "stddev" : 27967.550095,
          "N" : 81169
        },
        "clat_ns" : {
          "min" : 170411,
          "max" : 43428794,
          "mean" : 679608.204339,
          "stddev" : 510830.009521,
          "N" : 81169,
          "percentile" : {
            "1.000000" : 276480,
            "5.000000" : 342016,
            "10.000000" : 382976,
            "20.000000" : 440320,
            "30.000000" : 501760,
            "40.000000" : 585728,
            "50.000000" : 667648,
            "60.000000" : 733184,
            "70.000000" : 790528,
            "80.000000" : 847872,
            "90.000000" : 929792,
            "95.000000" : 995328,
            "99.000000" : 1269760,
            "99.500000" : 1957888,
            "99.900000" : 6127616,
            "99.950000" : 8585216,
            "99.990000" : 17694720
          }
        },
        "lat_ns" : {
          "min" : 204182,
          "max" : 43465051,
          "mean" : 734722.764701,
          "stddev" : 512066.536121,
          "N" : 81169
        },
        "bw_min" : 7392,
        "bw_max" : 16872,
        "bw_agg" : 100.000000,
        "bw_mean" : 10853.016949,
        "bw_dev" : 2825.716738,
        "bw_samples" : 59,
        "iops_min" : 1848,
        "iops_max" : 4218,
        "iops_mean" : 2713.288136,
        "iops_stddev" : 706.406424,
        "iops_samples" : 59
      },
      "write" : {
        "io_bytes" : 0,
        "io_kbytes" : 0,
        "bw_bytes" : 0,
        "bw" : 0,
        "iops" : 0.000000,
        "runtime" : 0,
        "total_ios" : 0,
        "short_ios" : 0,
        "drop_ios" : 0,
        "slat_ns" : {
          "min" : 0,
          "max" : 0,
          "mean" : 0.000000,
          "stddev" : 0.000000,
          "N" : 0
        },
        "clat_ns" : {
          "min" : 0,
          "max" : 0,
          "mean" : 0.000000,
          "stddev" : 0.000000,
          "N" : 0
        },
        "lat_ns" : {
          "min" : 0,
          "max" : 0,
          "mean" : 0.000000,
          "stddev" : 0.000000,
          "N" : 0
        },
        "bw_min" : 0,
        "bw_max" : 0,
        "bw_agg" : 0.000000,
        "bw_mean" : 0.000000,
        "bw_dev" : 0.000000,
        "bw_samples" : 0,
        "iops_min" : 0,
        "iops_max" : 0,
        "iops_mean" : 0.000000,
        "iops_stddev" : 0.000000,
        "iops_samples" : 0
      },
      "trim" : {
        "io_bytes" : 0,
        "io_kbytes" : 0,
        "bw_bytes" : 0,
        "bw" : 0,
        "iops" : 0.000000,
        "runtime" : 0,
        "total_ios" : 0,
        "short_ios" : 0,
        "drop_ios" : 0,
        "slat_ns" : {
          "min" : 0,
          "max" : 0,
          "mean" : 0.000000,
          "stddev" : 0.000000,
          "N" : 0
        },
        "clat_ns" : {
          "min" : 0,
          "max" : 0,
          "mean" : 0.000000,
          "stddev" : 0.000000,
          "N" : 0
        },
        "lat_ns" : {
          "min" : 0,
          "max" : 0,
          "mean" : 0.000000,
          "stddev" : 0.000000,
          "N" : 0
        },
        "bw_min" : 0,
        "bw_max" : 0,
        "bw_agg" : 0.000000,
        "bw_mean" : 0.000000,
        "bw_dev" : 0.000000,
        "bw_samples" : 0,
        "iops_min" : 0,
        "iops_max" : 0,
        "iops_mean" : 0.000000,
        "iops_stddev" : 0.000000,
        "iops_samples" : 0
      },
      "sync" : {
        "total_ios" : 0,
        "lat_ns" : {
          "min" : 0,
          "max" : 0,
          "mean" : 0.000000,
          "stddev" : 0.000000,
          "N" : 0
        }
      },
      "job_runtime" : 30000,
      "usr_cpu" : 3.096667,
      "sys_cpu" : 12.030000,
      "ctx" : 97092,
      "majf" : 0,
      "minf" : 15,
      "iodepth_level" : {
        "1" : 0.100000,
        "2" : 99.998768,
        "4" : 0.000000,
        "8" : 0.000000,
        "16" : 0.000000,
        "32" : 0.000000,
        ">=64" : 0.000000
      },
      "iodepth_submit" : {
        "0" : 0.000000,
        "4" : 100.000000,
        "8" : 0.000000,
        "16" : 0.000000,
        "32" : 0.000000,
        "64" : 0.000000,
        ">=64" : 0.000000
      },
      "iodepth_complete" : {
        "0" : 0.000000,
        "4" : 100.000000,
        "8" : 0.000000,
        "16" : 0.000000,
        "32" : 0.000000,
        "64" : 0.000000,
        ">=64" : 0.000000
      },
      "latency_ns" : {
        "2" : 0.000000,
        "4" : 0.000000,
        "10" : 0.000000,
        "20" : 0.000000,
        "50" : 0.000000,
        "100" : 0.000000,
        "250" : 0.000000,
        "500" : 0.000000,
        "750" : 0.000000,
        "1000" : 0.000000
      },
      "latency_us" : {
        "2" : 0.000000,
        "4" : 0.000000,
        "10" : 0.000000,
        "20" : 0.000000,
        "50" : 0.000000,
        "100" : 0.000000,
        "250" : 0.461999,
        "500" : 29.333859,
        "750" : 33.194939,
        "1000" : 32.238909
      },
      "latency_ms" : {
        "2" : 4.281191,
        "4" : 0.237776,
        "10" : 0.209440,
        "20" : 0.034496,
        "50" : 0.010000,
        "100" : 0.000000,
        "250" : 0.000000,
        "500" : 0.000000,
        "750" : 0.000000,
        "1000" : 0.000000,
        "2000" : 0.000000,
        ">=2000" : 0.000000
      },
      "latency_depth" : 2,
      "latency_target" : 0,
      "latency_percentile" : 100.000000,
      "latency_window" : 0
    }
  ]
}
