{
  "fio version" : "fio-3.28",
  "timestamp" : 1724315710,
  "timestamp_ms" : 1724315710876,
  "time" : "Thu Aug 22 16:35:10 2024",
  "jobs" : [
    {
      "jobname" : "disktest",
      "groupid" : 0,
      "error" : 0,
      "eta" : 0,
      "elapsed" : 31,
      "job options" : {
        "ioengine" : "libaio",
        "iodepth" : "2",
        "numjobs" : "4",
        "rw" : "randread",
        "bs" : "4k",
        "direct" : "1",
        "buffered" : "0",
        "size" : "14G",
        "runtime" : "30",
        "filename" : "/cephfs-benchmark/lixie-benchmark/fio-benchmark/randread/train.zip"
      },
      "read" : {
        "io_bytes" : 1310195712,
        "io_kbytes" : 1279488,
        "bw_bytes" : 43671734,
        "bw" : 42648,
        "iops" : 10662.044599,
        "runtime" : 30001,
        "total_ios" : 319872,
        "short_ios" : 0,
        "drop_ios" : 0,
        "slat_ns" : {
          "min" : 8080,
          "max" : 879158,
          "mean" : 59554.635648,
          "stddev" : 30873.374784,
          "N" : 319872
        },
        "clat_ns" : {
          "min" : 112427,
          "max" : 47338262,
          "mean" : 685646.043442,
          "stddev" : 528224.292844,
          "N" : 319872,
          "percentile" : {
            "1.000000" : 280576,
            "5.000000" : 382976,
            "10.000000" : 452608,
            "20.000000" : 528384,
            "30.000000" : 577536,
            "40.000000" : 618496,
            "50.000000" : 659456,
            "60.000000" : 700416,
            "70.000000" : 741376,
            "80.000000" : 790528,
            "90.000000" : 864256,
            "95.000000" : 929792,
            "99.000000" : 1236992,
            "99.500000" : 2179072,
            "99.900000" : 6651904,
            "99.950000" : 8978432,
            "99.990000" : 22675456
          }
        },
        "lat_ns" : {
          "min" : 176490,
          "max" : 47372586,
          "mean" : 745773.209606,
          "stddev" : 528234.728173,
          "N" : 319872
        },
        "bw_min" : 36856,
        "bw_max" : 49152,
        "bw_agg" : 100.000000,
        "bw_mean" : 42706.033898,
        "bw_dev" : 827.133042,
        "bw_samples" : 236,
        "iops_min" : 9214,
        "iops_max" : 12288,
        "iops_mean" : 10676.508475,
        "iops_stddev" : 206.783261,
        "iops_samples" : 236
      },
      "write" : {
        "io_bytes" : 0,
        "io_kbytes" : 0,
        "bw_bytes" : 0,
        "bw" : 0,
        "iops" : 0.000000,
        "runtime" : 0,
        "total_ios" : 0,
        "short_ios" : 0,
        "drop_ios" : 0,
        "slat_ns" : {
          "min" : 0,
          "max" : 0,
          "mean" : 0.000000,
          "stddev" : 0.000000,
          "N" : 0
        },
        "clat_ns" : {
          "min" : 0,
          "max" : 0,
          "mean" : 0.000000,
          "stddev" : 0.000000,
          "N" : 0
        },
        "lat_ns" : {
          "min" : 0,
          "max" : 0,
          "mean" : 0.000000,
          "stddev" : 0.000000,
          "N" : 0
        },
        "bw_min" : 0,
        "bw_max" : 0,
        "bw_agg" : 0.000000,
        "bw_mean" : 0.000000,
        "bw_dev" : 0.000000,
        "bw_samples" : 0,
        "iops_min" : 0,
        "iops_max" : 0,
        "iops_mean" : 0.000000,
        "iops_stddev" : 0.000000,
        "iops_samples" : 0
      },
      "trim" : {
        "io_bytes" : 0,
        "io_kbytes" : 0,
        "bw_bytes" : 0,
        "bw" : 0,
        "iops" : 0.000000,
        "runtime" : 0,
        "total_ios" : 0,
        "short_ios" : 0,
        "drop_ios" : 0,
        "slat_ns" : {
          "min" : 0,
          "max" : 0,
          "mean" : 0.000000,
          "stddev" : 0.000000,
          "N" : 0
        },
        "clat_ns" : {
          "min" : 0,
          "max" : 0,
          "mean" : 0.000000,
          "stddev" : 0.000000,
          "N" : 0
        },
        "lat_ns" : {
          "min" : 0,
          "max" : 0,
          "mean" : 0.000000,
          "stddev" : 0.000000,
          "N" : 0
        },
        "bw_min" : 0,
        "bw_max" : 0,
        "bw_agg" : 0.000000,
        "bw_mean" : 0.000000,
        "bw_dev" : 0.000000,
        "bw_samples" : 0,
        "iops_min" : 0,
        "iops_max" : 0,
        "iops_mean" : 0.000000,
        "iops_stddev" : 0.000000,
        "iops_samples" : 0
      },
      "sync" : {
        "total_ios" : 0,
        "lat_ns" : {
          "min" : 0,
          "max" : 0,
          "mean" : 0.000000,
          "stddev" : 0.000000,
          "N" : 0
        }
      },
      "job_runtime" : 120000,
      "usr_cpu" : 2.890833,
      "sys_cpu" : 12.230000,
      "ctx" : 416838,
      "majf" : 0,
      "minf" : 1200,
      "iodepth_level" : {
        "1" : 0.100000,
        "2" : 99.998749,
        "4" : 0.000000,
        "8" : 0.000000,
        "16" : 0.000000,
        "32" : 0.000000,
        ">=64" : 0.000000
      },
      "iodepth_submit" : {
        "0" : 0.000000,
        "4" : 100.000000,
        "8" : 0.000000,
        "16" : 0.000000,
        "32" : 0.000000,
        "64" : 0.000000,
        ">=64" : 0.000000
      },
      "iodepth_complete" : {
        "0" : 0.000000,
        "4" : 100.000000,
        "8" : 0.000000,
        "16" : 0.000000,
        "32" : 0.000000,
        "64" : 0.000000,
        ">=64" : 0.000000
      },
      "latency_ns" : {
        "2" : 0.000000,
        "4" : 0.000000,
        "10" : 0.000000,
        "20" : 0.000000,
        "50" : 0.000000,
        "100" : 0.000000,
        "250" : 0.000000,
        "500" : 0.000000,
        "750" : 0.000000,
        "1000" : 0.000000
      },
      "latency_us" : {
        "2" : 0.000000,
        "4" : 0.000000,
        "10" : 0.000000,
        "20" : 0.000000,
        "50" : 0.000000,
        "100" : 0.000000,
        "250" : 0.426421,
        "500" : 14.739021,
        "750" : 57.013743,
        "1000" : 25.169130
      },
      "latency_ms" : {
        "2" : 2.120536,
        "4" : 0.272609,
        "10" : 0.216962,
        "20" : 0.028136,
        "50" : 0.013443,
        "100" : 0.000000,
        "250" : 0.000000,
        "500" : 0.000000,
        "750" : 0.000000,
        "1000" : 0.000000,
        "2000" : 0.000000,
        ">=2000" : 0.000000
      },
      "latency_depth" : 2,
      "latency_target" : 0,
      "latency_percentile" : 100.000000,
      "latency_window" : 0
    }
  ]
}
