{
  "fio version" : "fio-3.28",
  "timestamp" : 1724315771,
  "timestamp_ms" : 1724315771863,
  "time" : "Thu Aug 22 16:36:11 2024",
  "jobs" : [
    {
      "jobname" : "disktest",
      "groupid" : 0,
      "error" : 0,
      "eta" : 0,
      "elapsed" : 31,
      "job options" : {
        "ioengine" : "libaio",
        "iodepth" : "8",
        "numjobs" : "4",
        "rw" : "randread",
        "bs" : "4k",
        "direct" : "1",
        "buffered" : "0",
        "size" : "14G",
        "runtime" : "30",
        "filename" : "/cephfs-benchmark/lixie-benchmark/fio-benchmark/randread/train.zip"
      },
      "read" : {
        "io_bytes" : 5396557824,
        "io_kbytes" : 5270076,
        "bw_bytes" : 179879264,
        "bw" : 175663,
        "iops" : 43915.836139,
        "runtime" : 30001,
        "total_ios" : 1317519,
        "short_ios" : 0,
        "drop_ios" : 0,
        "slat_ns" : {
          "min" : 8937,
          "max" : 12342794,
          "mean" : 56024.063261,
          "stddev" : 23876.012546,
          "N" : 1317519
        },
        "clat_ns" : {
          "min" : 107947,
          "max" : 38392443,
          "mean" : 669827.647055,
          "stddev" : 414490.701954,
          "N" : 1317519,
          "percentile" : {
            "1.000000" : 313344,
            "5.000000" : 407552,
            "10.000000" : 452608,
            "20.000000" : 509952,
            "30.000000" : 552960,
            "40.000000" : 593920,
            "50.000000" : 626688,
            "60.000000" : 667648,
            "70.000000" : 716800,
            "80.000000" : 774144,
            "90.000000" : 864256,
            "95.000000" : 970752,
            "99.000000" : 1335296,
            "99.500000" : 2146304,
            "99.900000" : 6455296,
            "99.950000" : 8159232,
            "99.990000" : 14090240
          }
        },
        "lat_ns" : {
          "min" : 176477,
          "max" : 38424686,
          "mean" : 726259.864337,
          "stddev" : 414361.907942,
          "N" : 1317519
        },
        "bw_min" : 145664,
        "bw_max" : 201808,
        "bw_agg" : 100.000000,
        "bw_mean" : 175734.508475,
        "bw_dev" : 2148.660777,
        "bw_samples" : 236,
        "iops_min" : 36416,
        "iops_max" : 50452,
        "iops_mean" : 43933.627119,
        "iops_stddev" : 537.165194,
        "iops_samples" : 236
      },
      "write" : {
        "io_bytes" : 0,
        "io_kbytes" : 0,
        "bw_bytes" : 0,
        "bw" : 0,
        "iops" : 0.000000,
        "runtime" : 0,
        "total_ios" : 0,
        "short_ios" : 0,
        "drop_ios" : 0,
        "slat_ns" : {
          "min" : 0,
          "max" : 0,
          "mean" : 0.000000,
          "stddev" : 0.000000,
          "N" : 0
        },
        "clat_ns" : {
          "min" : 0,
          "max" : 0,
          "mean" : 0.000000,
          "stddev" : 0.000000,
          "N" : 0
        },
        "lat_ns" : {
          "min" : 0,
          "max" : 0,
          "mean" : 0.000000,
          "stddev" : 0.000000,
          "N" : 0
        },
        "bw_min" : 0,
        "bw_max" : 0,
        "bw_agg" : 0.000000,
        "bw_mean" : 0.000000,
        "bw_dev" : 0.000000,
        "bw_samples" : 0,
        "iops_min" : 0,
        "iops_max" : 0,
        "iops_mean" : 0.000000,
        "iops_stddev" : 0.000000,
        "iops_samples" : 0
      },
      "trim" : {
        "io_bytes" : 0,
        "io_kbytes" : 0,
        "bw_bytes" : 0,
        "bw" : 0,
        "iops" : 0.000000,
        "runtime" : 0,
        "total_ios" : 0,
        "short_ios" : 0,
        "drop_ios" : 0,
        "slat_ns" : {
          "min" : 0,
          "max" : 0,
          "mean" : 0.000000,
          "stddev" : 0.000000,
          "N" : 0
        },
        "clat_ns" : {
          "min" : 0,
          "max" : 0,
          "mean" : 0.000000,
          "stddev" : 0.000000,
          "N" : 0
        },
        "lat_ns" : {
          "min" : 0,
          "max" : 0,
          "mean" : 0.000000,
          "stddev" : 0.000000,
          "N" : 0
        },
        "bw_min" : 0,
        "bw_max" : 0,
        "bw_agg" : 0.000000,
        "bw_mean" : 0.000000,
        "bw_dev" : 0.000000,
        "bw_samples" : 0,
        "iops_min" : 0,
        "iops_max" : 0,
        "iops_mean" : 0.000000,
        "iops_stddev" : 0.000000,
        "iops_samples" : 0
      },
      "sync" : {
        "total_ios" : 0,
        "lat_ns" : {
          "min" : 0,
          "max" : 0,
          "mean" : 0.000000,
          "stddev" : 0.000000,
          "N" : 0
        }
      },
      "job_runtime" : 120000,
      "usr_cpu" : 6.480000,
      "sys_cpu" : 34.865000,
      "ctx" : 1551662,
      "majf" : 0,
      "minf" : 821,
      "iodepth_level" : {
        "1" : 0.100000,
        "2" : 0.100000,
        "4" : 0.100000,
        "8" : 99.997875,
        "16" : 0.000000,
        "32" : 0.000000,
        ">=64" : 0.000000
      },
      "iodepth_submit" : {
        "0" : 0.000000,
        "4" : 100.000000,
        "8" : 0.000000,
        "16" : 0.000000,
        "32" : 0.000000,
        "64" : 0.000000,
        ">=64" : 0.000000
      },
      "iodepth_complete" : {
        "0" : 0.000000,
        "4" : 99.999696,
        "8" : 0.100000,
        "16" : 0.000000,
        "32" : 0.000000,
        "64" : 0.000000,
        ">=64" : 0.000000
      },
      "latency_ns" : {
        "2" : 0.000000,
        "4" : 0.000000,
        "10" : 0.000000,
        "20" : 0.000000,
        "50" : 0.000000,
        "100" : 0.000000,
        "250" : 0.000000,
        "500" : 0.000000,
        "750" : 0.000000,
        "1000" : 0.000000
      },
      "latency_us" : {
        "2" : 0.000000,
        "4" : 0.000000,
        "10" : 0.000000,
        "20" : 0.000000,
        "50" : 0.000000,
        "100" : 0.000000,
        "250" : 0.244171,
        "500" : 17.646425,
        "750" : 58.926133,
        "1000" : 18.966406
      },
      "latency_ms" : {
        "2" : 3.685867,
        "4" : 0.272026,
        "10" : 0.229978,
        "20" : 0.026489,
        "50" : 0.010000,
        "100" : 0.000000,
        "250" : 0.000000,
        "500" : 0.000000,
        "750" : 0.000000,
        "1000" : 0.000000,
        "2000" : 0.000000,
        ">=2000" : 0.000000
      },
      "latency_depth" : 8,
      "latency_target" : 0,
      "latency_percentile" : 100.000000,
      "latency_window" : 0
    }
  ]
}
