{
  "fio version" : "fio-3.28",
  "timestamp" : 1724315680,
  "timestamp_ms" : 1724315680442,
  "time" : "Thu Aug 22 16:34:40 2024",
  "jobs" : [
    {
      "jobname" : "disktest",
      "groupid" : 0,
      "error" : 0,
      "eta" : 0,
      "elapsed" : 31,
      "job options" : {
        "ioengine" : "libaio",
        "iodepth" : "1",
        "numjobs" : "4",
        "rw" : "randread",
        "bs" : "4k",
        "direct" : "1",
        "buffered" : "0",
        "size" : "14G",
        "runtime" : "30",
        "filename" : "/cephfs-benchmark/lixie-benchmark/fio-benchmark/randread/train.zip"
      },
      "read" : {
        "io_bytes" : 610979840,
        "io_kbytes" : 596660,
        "bw_bytes" : 20365315,
        "bw" : 19888,
        "iops" : 4972.000933,
        "runtime" : 30001,
        "total_ios" : 149165,
        "short_ios" : 0,
        "drop_ios" : 0,
        "slat_ns" : {
          "min" : 14665,
          "max" : 514432,
          "mean" : 64755.556176,
          "stddev" : 30707.006221,
          "N" : 149165
        },
        "clat_ns" : {
          "min" : 127981,
          "max" : 25707813,
          "mean" : 732525.659880,
          "stddev" : 418375.211971,
          "N" : 149165,
          "percentile" : {
            "1.000000" : 329728,
            "5.000000" : 419840,
            "10.000000" : 485376,
            "20.000000" : 577536,
            "30.000000" : 634880,
            "40.000000" : 675840,
            "50.000000" : 716800,
            "60.000000" : 757760,
            "70.000000" : 798720,
            "80.000000" : 847872,
            "90.000000" : 913408,
            "95.000000" : 987136,
            "99.000000" : 1286144,
            "99.500000" : 2088960,
            "99.900000" : 6651904,
            "99.950000" : 9109504,
            "99.990000" : 15007744
          }
        },
        "lat_ns" : {
          "min" : 205976,
          "max" : 25736744,
          "mean" : 797959.106915,
          "stddev" : 418251.159223,
          "N" : 149165
        },
        "bw_min" : 17864,
        "bw_max" : 22496,
        "bw_agg" : 100.000000,
        "bw_mean" : 19916.745763,
        "bw_dev" : 343.029142,
        "bw_samples" : 236,
        "iops_min" : 4466,
        "iops_max" : 5624,
        "iops_mean" : 4979.186441,
        "iops_stddev" : 85.757285,
        "iops_samples" : 236
      },
      "write" : {
        "io_bytes" : 0,
        "io_kbytes" : 0,
        "bw_bytes" : 0,
        "bw" : 0,
        "iops" : 0.000000,
        "runtime" : 0,
        "total_ios" : 0,
        "short_ios" : 0,
        "drop_ios" : 0,
        "slat_ns" : {
          "min" : 0,
          "max" : 0,
          "mean" : 0.000000,
          "stddev" : 0.000000,
          "N" : 0
        },
        "clat_ns" : {
          "min" : 0,
          "max" : 0,
          "mean" : 0.000000,
          "stddev" : 0.000000,
          "N" : 0
        },
        "lat_ns" : {
          "min" : 0,
          "max" : 0,
          "mean" : 0.000000,
          "stddev" : 0.000000,
          "N" : 0
        },
        "bw_min" : 0,
        "bw_max" : 0,
        "bw_agg" : 0.000000,
        "bw_mean" : 0.000000,
        "bw_dev" : 0.000000,
        "bw_samples" : 0,
        "iops_min" : 0,
        "iops_max" : 0,
        "iops_mean" : 0.000000,
        "iops_stddev" : 0.000000,
        "iops_samples" : 0
      },
      "trim" : {
        "io_bytes" : 0,
        "io_kbytes" : 0,
        "bw_bytes" : 0,
        "bw" : 0,
        "iops" : 0.000000,
        "runtime" : 0,
        "total_ios" : 0,
        "short_ios" : 0,
        "drop_ios" : 0,
        "slat_ns" : {
          "min" : 0,
          "max" : 0,
          "mean" : 0.000000,
          "stddev" : 0.000000,
          "N" : 0
        },
        "clat_ns" : {
          "min" : 0,
          "max" : 0,
          "mean" : 0.000000,
          "stddev" : 0.000000,
          "N" : 0
        },
        "lat_ns" : {
          "min" : 0,
          "max" : 0,
          "mean" : 0.000000,
          "stddev" : 0.000000,
          "N" : 0
        },
        "bw_min" : 0,
        "bw_max" : 0,
        "bw_agg" : 0.000000,
        "bw_mean" : 0.000000,
        "bw_dev" : 0.000000,
        "bw_samples" : 0,
        "iops_min" : 0,
        "iops_max" : 0,
        "iops_mean" : 0.000000,
        "iops_stddev" : 0.000000,
        "iops_samples" : 0
      },
      "sync" : {
        "total_ios" : 0,
        "lat_ns" : {
          "min" : 0,
          "max" : 0,
          "mean" : 0.000000,
          "stddev" : 0.000000,
          "N" : 0
        }
      },
      "job_runtime" : 120000,
      "usr_cpu" : 1.879167,
      "sys_cpu" : 7.450000,
      "ctx" : 195405,
      "majf" : 0,
      "minf" : 321,
      "iodepth_level" : {
        "1" : 100.000000,
        "2" : 0.000000,
        "4" : 0.000000,
        "8" : 0.000000,
        "16" : 0.000000,
        "32" : 0.000000,
        ">=64" : 0.000000
      },
      "iodepth_submit" : {
        "0" : 0.000000,
        "4" : 100.000000,
        "8" : 0.000000,
        "16" : 0.000000,
        "32" : 0.000000,
        "64" : 0.000000,
        ">=64" : 0.000000
      },
      "iodepth_complete" : {
        "0" : 0.000000,
        "4" : 100.000000,
        "8" : 0.000000,
        "16" : 0.000000,
        "32" : 0.000000,
        "64" : 0.000000,
        ">=64" : 0.000000
      },
      "latency_ns" : {
        "2" : 0.000000,
        "4" : 0.000000,
        "10" : 0.000000,
        "20" : 0.000000,
        "50" : 0.000000,
        "100" : 0.000000,
        "250" : 0.000000,
        "500" : 0.000000,
        "750" : 0.000000,
        "1000" : 0.000000
      },
      "latency_us" : {
        "2" : 0.000000,
        "4" : 0.000000,
        "10" : 0.000000,
        "20" : 0.000000,
        "50" : 0.000000,
        "100" : 0.000000,
        "250" : 0.135421,
        "500" : 11.185600,
        "750" : 47.531928,
        "1000" : 36.879295
      },
      "latency_ms" : {
        "2" : 3.742165,
        "4" : 0.311735,
        "10" : 0.174304,
        "20" : 0.034861,
        "50" : 0.010000,
        "100" : 0.000000,
        "250" : 0.000000,
        "500" : 0.000000,
        "750" : 0.000000,
        "1000" : 0.000000,
        "2000" : 0.000000,
        ">=2000" : 0.000000
      },
      "latency_depth" : 1,
      "latency_target" : 0,
      "latency_percentile" : 100.000000,
      "latency_window" : 0
    }
  ]
}
