{
  "fio version" : "fio-3.28",
  "timestamp" : 1724315741,
  "timestamp_ms" : 1724315741396,
  "time" : "Thu Aug 22 16:35:41 2024",
  "jobs" : [
    {
      "jobname" : "disktest",
      "groupid" : 0,
      "error" : 0,
      "eta" : 0,
      "elapsed" : 31,
      "job options" : {
        "ioengine" : "libaio",
        "iodepth" : "4",
        "numjobs" : "4",
        "rw" : "randread",
        "bs" : "4k",
        "direct" : "1",
        "buffered" : "0",
        "size" : "14G",
        "runtime" : "30",
        "filename" : "/cephfs-benchmark/lixie-benchmark/fio-benchmark/randread/train.zip"
      },
      "read" : {
        "io_bytes" : 2778238976,
        "io_kbytes" : 2713124,
        "bw_bytes" : 92604879,
        "bw" : 90434,
        "iops" : 22608.613046,
        "runtime" : 30001,
        "total_ios" : 678281,
        "short_ios" : 0,
        "drop_ios" : 0,
        "slat_ns" : {
          "min" : 8876,
          "max" : 1368407,
          "mean" : 58354.384279,
          "stddev" : 24223.236818,
          "N" : 678281
        },
        "clat_ns" : {
          "min" : 123520,
          "max" : 19767303,
          "mean" : 645695.957139,
          "stddev" : 375193.730924,
          "N" : 678281,
          "percentile" : {
            "1.000000" : 272384,
            "5.000000" : 382976,
            "10.000000" : 436224,
            "20.000000" : 497664,
            "30.000000" : 544768,
            "40.000000" : 577536,
            "50.000000" : 618496,
            "60.000000" : 659456,
            "70.000000" : 700416,
            "80.000000" : 749568,
            "90.000000" : 831488,
            "95.000000" : 905216,
            "99.000000" : 1204224,
            "99.500000" : 1794048,
            "99.900000" : 6193152,
            "99.950000" : 8093696,
            "99.990000" : 13172736
          }
        },
        "lat_ns" : {
          "min" : 203528,
          "max" : 19825646,
          "mean" : 704571.793323,
          "stddev" : 374748.825476,
          "N" : 678281
        },
        "bw_min" : 70880,
        "bw_max" : 102416,
        "bw_agg" : 100.000000,
        "bw_mean" : 90524.203390,
        "bw_dev" : 1592.298937,
        "bw_samples" : 236,
        "iops_min" : 17720,
        "iops_max" : 25604,
        "iops_mean" : 22631.050847,
        "iops_stddev" : 398.074734,
        "iops_samples" : 236
      },
      "write" : {
        "io_bytes" : 0,
        "io_kbytes" : 0,
        "bw_bytes" : 0,
        "bw" : 0,
        "iops" : 0.000000,
        "runtime" : 0,
        "total_ios" : 0,
        "short_ios" : 0,
        "drop_ios" : 0,
        "slat_ns" : {
          "min" : 0,
          "max" : 0,
          "mean" : 0.000000,
          "stddev" : 0.000000,
          "N" : 0
        },
        "clat_ns" : {
          "min" : 0,
          "max" : 0,
          "mean" : 0.000000,
          "stddev" : 0.000000,
          "N" : 0
        },
        "lat_ns" : {
          "min" : 0,
          "max" : 0,
          "mean" : 0.000000,
          "stddev" : 0.000000,
          "N" : 0
        },
        "bw_min" : 0,
        "bw_max" : 0,
        "bw_agg" : 0.000000,
        "bw_mean" : 0.000000,
        "bw_dev" : 0.000000,
        "bw_samples" : 0,
        "iops_min" : 0,
        "iops_max" : 0,
        "iops_mean" : 0.000000,
        "iops_stddev" : 0.000000,
        "iops_samples" : 0
      },
      "trim" : {
        "io_bytes" : 0,
        "io_kbytes" : 0,
        "bw_bytes" : 0,
        "bw" : 0,
        "iops" : 0.000000,
        "runtime" : 0,
        "total_ios" : 0,
        "short_ios" : 0,
        "drop_ios" : 0,
        "slat_ns" : {
          "min" : 0,
          "max" : 0,
          "mean" : 0.000000,
          "stddev" : 0.000000,
          "N" : 0
        },
        "clat_ns" : {
          "min" : 0,
          "max" : 0,
          "mean" : 0.000000,
          "stddev" : 0.000000,
          "N" : 0
        },
        "lat_ns" : {
          "min" : 0,
          "max" : 0,
          "mean" : 0.000000,
          "stddev" : 0.000000,
          "N" : 0
        },
        "bw_min" : 0,
        "bw_max" : 0,
        "bw_agg" : 0.000000,
        "bw_mean" : 0.000000,
        "bw_dev" : 0.000000,
        "bw_samples" : 0,
        "iops_min" : 0,
        "iops_max" : 0,
        "iops_mean" : 0.000000,
        "iops_stddev" : 0.000000,
        "iops_samples" : 0
      },
      "sync" : {
        "total_ios" : 0,
        "lat_ns" : {
          "min" : 0,
          "max" : 0,
          "mean" : 0.000000,
          "stddev" : 0.000000,
          "N" : 0
        }
      },
      "job_runtime" : 120000,
      "usr_cpu" : 4.390000,
      "sys_cpu" : 21.203333,
      "ctx" : 913081,
      "majf" : 0,
      "minf" : 981,
      "iodepth_level" : {
        "1" : 0.100000,
        "2" : 0.100000,
        "4" : 99.998231,
        "8" : 0.000000,
        "16" : 0.000000,
        "32" : 0.000000,
        ">=64" : 0.000000
      },
      "iodepth_submit" : {
        "0" : 0.000000,
        "4" : 100.000000,
        "8" : 0.000000,
        "16" : 0.000000,
        "32" : 0.000000,
        "64" : 0.000000,
        ">=64" : 0.000000
      },
      "iodepth_complete" : {
        "0" : 0.000000,
        "4" : 100.000000,
        "8" : 0.000000,
        "16" : 0.000000,
        "32" : 0.000000,
        "64" : 0.000000,
        ">=64" : 0.000000
      },
      "latency_ns" : {
        "2" : 0.000000,
        "4" : 0.000000,
        "10" : 0.000000,
        "20" : 0.000000,
        "50" : 0.000000,
        "100" : 0.000000,
        "250" : 0.000000,
        "500" : 0.000000,
        "750" : 0.000000,
        "1000" : 0.000000
      },
      "latency_us" : {
        "2" : 0.000000,
        "4" : 0.000000,
        "10" : 0.000000,
        "20" : 0.000000,
        "50" : 0.000000,
        "100" : 0.000000,
        "250" : 0.547561,
        "500" : 20.207407,
        "750" : 59.332636,
        "1000" : 17.423015
      },
      "latency_ms" : {
        "2" : 2.031312,
        "4" : 0.234858,
        "10" : 0.195347,
        "20" : 0.027865,
        "50" : 0.000000,
        "100" : 0.000000,
        "250" : 0.000000,
        "500" : 0.000000,
        "750" : 0.000000,
        "1000" : 0.000000,
        "2000" : 0.000000,
        ">=2000" : 0.000000
      },
      "latency_depth" : 4,
      "latency_target" : 0,
      "latency_percentile" : 100.000000,
      "latency_window" : 0
    }
  ]
}
