{
  "fio version" : "fio-3.28",
  "timestamp" : 1724147259,
  "timestamp_ms" : 1724147259622,
  "time" : "Tue Aug 20 17:47:39 2024",
  "jobs" : [
    {
      "jobname" : "disktest",
      "groupid" : 0,
      "error" : 0,
      "eta" : 0,
      "elapsed" : 31,
      "job options" : {
        "ioengine" : "libaio",
        "iodepth" : "16",
        "numjobs" : "4",
        "rw" : "randread",
        "bs" : "4k",
        "direct" : "1",
        "buffered" : "0",
        "size" : "2G",
        "runtime" : "30"
      },
      "read" : {
        "io_bytes" : 3242971136,
        "io_kbytes" : 3166964,
        "bw_bytes" : 108088229,
        "bw" : 105554,
        "iops" : 26388.727794,
        "runtime" : 30003,
        "total_ios" : 791741,
        "short_ios" : 0,
        "drop_ios" : 0,
        "slat_ns" : {
          "min" : 3477,
          "max" : 1376514,
          "mean" : 25015.185383,
          "stddev" : 13646.345525,
          "N" : 791741
        },
        "clat_ns" : {
          "min" : 353787,
          "max" : 15706661,
          "mean" : 2398763.933550,
          "stddev" : 316424.537766,
          "N" : 791741,
          "percentile" : {
            "1.000000" : 1892352,
            "5.000000" : 2146304,
            "10.000000" : 2211840,
            "20.000000" : 2277376,
            "30.000000" : 2310144,
            "40.000000" : 2342912,
            "50.000000" : 2375680,
            "60.000000" : 2408448,
            "70.000000" : 2441216,
            "80.000000" : 2506752,
            "90.000000" : 2572288,
            "95.000000" : 2670592,
            "99.000000" : 3063808,
            "99.500000" : 3620864,
            "99.900000" : 6520832,
            "99.950000" : 8093696,
            "99.990000" : 10813440
          }
        },
        "lat_ns" : {
          "min" : 389125,
          "max" : 15732240,
          "mean" : 2423979.315313,
          "stddev" : 315384.392485,
          "N" : 791741
        },
        "bw_min" : 104224,
        "bw_max" : 106520,
        "bw_agg" : 100.000000,
        "bw_mean" : 105591.457627,
        "bw_dev" : 115.833622,
        "bw_samples" : 236,
        "iops_min" : 26056,
        "iops_max" : 26630,
        "iops_mean" : 26397.864407,
        "iops_stddev" : 28.965458,
        "iops_samples" : 236
      },
      "write" : {
        "io_bytes" : 0,
        "io_kbytes" : 0,
        "bw_bytes" : 0,
        "bw" : 0,
        "iops" : 0.000000,
        "runtime" : 0,
        "total_ios" : 0,
        "short_ios" : 0,
        "drop_ios" : 0,
        "slat_ns" : {
          "min" : 0,
          "max" : 0,
          "mean" : 0.000000,
          "stddev" : 0.000000,
          "N" : 0
        },
        "clat_ns" : {
          "min" : 0,
          "max" : 0,
          "mean" : 0.000000,
          "stddev" : 0.000000,
          "N" : 0
        },
        "lat_ns" : {
          "min" : 0,
          "max" : 0,
          "mean" : 0.000000,
          "stddev" : 0.000000,
          "N" : 0
        },
        "bw_min" : 0,
        "bw_max" : 0,
        "bw_agg" : 0.000000,
        "bw_mean" : 0.000000,
        "bw_dev" : 0.000000,
        "bw_samples" : 0,
        "iops_min" : 0,
        "iops_max" : 0,
        "iops_mean" : 0.000000,
        "iops_stddev" : 0.000000,
        "iops_samples" : 0
      },
      "trim" : {
        "io_bytes" : 0,
        "io_kbytes" : 0,
        "bw_bytes" : 0,
        "bw" : 0,
        "iops" : 0.000000,
        "runtime" : 0,
        "total_ios" : 0,
        "short_ios" : 0,
        "drop_ios" : 0,
        "slat_ns" : {
          "min" : 0,
          "max" : 0,
          "mean" : 0.000000,
          "stddev" : 0.000000,
          "N" : 0
        },
        "clat_ns" : {
          "min" : 0,
          "max" : 0,
          "mean" : 0.000000,
          "stddev" : 0.000000,
          "N" : 0
        },
        "lat_ns" : {
          "min" : 0,
          "max" : 0,
          "mean" : 0.000000,
          "stddev" : 0.000000,
          "N" : 0
        },
        "bw_min" : 0,
        "bw_max" : 0,
        "bw_agg" : 0.000000,
        "bw_mean" : 0.000000,
        "bw_dev" : 0.000000,
        "bw_samples" : 0,
        "iops_min" : 0,
        "iops_max" : 0,
        "iops_mean" : 0.000000,
        "iops_stddev" : 0.000000,
        "iops_samples" : 0
      },
      "sync" : {
        "total_ios" : 0,
        "lat_ns" : {
          "min" : 0,
          "max" : 0,
          "mean" : 0.000000,
          "stddev" : 0.000000,
          "N" : 0
        }
      },
      "job_runtime" : 120008,
      "usr_cpu" : 1.730718,
      "sys_cpu" : 11.067595,
      "ctx" : 1160210,
      "majf" : 0,
      "minf" : 497,
      "iodepth_level" : {
        "1" : 0.100000,
        "2" : 0.100000,
        "4" : 0.100000,
        "8" : 0.100000,
        "16" : 99.992422,
        "32" : 0.000000,
        ">=64" : 0.000000
      },
      "iodepth_submit" : {
        "0" : 0.000000,
        "4" : 100.000000,
        "8" : 0.000000,
        "16" : 0.000000,
        "32" : 0.000000,
        "64" : 0.000000,
        ">=64" : 0.000000
      },
      "iodepth_complete" : {
        "0" : 0.000000,
        "4" : 99.999495,
        "8" : 0.000000,
        "16" : 0.100000,
        "32" : 0.000000,
        "64" : 0.000000,
        ">=64" : 0.000000
      },
      "latency_ns" : {
        "2" : 0.000000,
        "4" : 0.000000,
        "10" : 0.000000,
        "20" : 0.000000,
        "50" : 0.000000,
        "100" : 0.000000,
        "250" : 0.000000,
        "500" : 0.000000,
        "750" : 0.000000,
        "1000" : 0.000000
      },
      "latency_us" : {
        "2" : 0.000000,
        "4" : 0.000000,
        "10" : 0.000000,
        "20" : 0.000000,
        "50" : 0.000000,
        "100" : 0.000000,
        "250" : 0.000000,
        "500" : 0.010000,
        "750" : 0.074393,
        "1000" : 0.090434
      },
      "latency_ms" : {
        "2" : 1.222622,
        "4" : 98.212673,
        "10" : 0.374617,
        "20" : 0.017935,
        "50" : 0.000000,
        "100" : 0.000000,
        "250" : 0.000000,
        "500" : 0.000000,
        "750" : 0.000000,
        "1000" : 0.000000,
        "2000" : 0.000000,
        ">=2000" : 0.000000
      },
      "latency_depth" : 16,
      "latency_target" : 0,
      "latency_percentile" : 100.000000,
      "latency_window" : 0
    }
  ]
}
