{
  "fio version" : "fio-3.28",
  "timestamp" : 1724316033,
  "timestamp_ms" : 1724316033823,
  "time" : "Thu Aug 22 16:40:33 2024",
  "jobs" : [
    {
      "jobname" : "disktest",
      "groupid" : 0,
      "error" : 0,
      "eta" : 0,
      "elapsed" : 31,
      "job options" : {
        "ioengine" : "libaio",
        "iodepth" : "16",
        "numjobs" : "1",
        "rw" : "read",
        "bs" : "4096k",
        "direct" : "1",
        "buffered" : "0",
        "size" : "14G",
        "runtime" : "30",
        "filename" : "/cephfs-benchmark/lixie-benchmark/fio-benchmark/read/train.zip"
      },
      "read" : {
        "io_bytes" : 71554826240,
        "io_kbytes" : 69877760,
        "bw_bytes" : 2383095525,
        "bw" : 2327241,
        "iops" : 568.174249,
        "runtime" : 30026,
        "total_ios" : 17060,
        "short_ios" : 0,
        "drop_ios" : 0,
        "slat_ns" : {
          "min" : 79282,
          "max" : 21302594,
          "mean" : 875779.845662,
          "stddev" : 1988852.278033,
          "N" : 17060
        },
        "clat_ns" : {
          "min" : 10782796,
          "max" : 244324630,
          "mean" : 27262887.970750,
          "stddev" : 10869313.953189,
          "N" : 17060,
          "percentile" : {
            "1.000000" : 14221312,
            "5.000000" : 16187392,
            "10.000000" : 17170432,
            "20.000000" : 18743296,
            "30.000000" : 20578304,
            "40.000000" : 22675456,
            "50.000000" : 24772608,
            "60.000000" : 27131904,
            "70.000000" : 30015488,
            "80.000000" : 33816576,
            "90.000000" : 40632320,
            "95.000000" : 47448064,
            "99.000000" : 62128128,
            "99.500000" : 68681728,
            "99.900000" : 85458944,
            "99.950000" : 115867648,
            "99.990000" : 227540992
          }
        },
        "lat_ns" : {
          "min" : 11012041,
          "max" : 244652669,
          "mean" : 28139295.803634,
          "stddev" : 11109887.403742,
          "N" : 17060
        },
        "bw_min" : 1941504,
        "bw_max" : 2580480,
        "bw_agg" : 99.998637,
        "bw_mean" : 2327210.666667,
        "bw_dev" : 113062.796446,
        "bw_samples" : 60,
        "iops_min" : 474,
        "iops_max" : 630,
        "iops_mean" : 568.166667,
        "iops_stddev" : 27.603222,
        "iops_samples" : 60
      },
      "write" : {
        "io_bytes" : 0,
        "io_kbytes" : 0,
        "bw_bytes" : 0,
        "bw" : 0,
        "iops" : 0.000000,
        "runtime" : 0,
        "total_ios" : 0,
        "short_ios" : 0,
        "drop_ios" : 0,
        "slat_ns" : {
          "min" : 0,
          "max" : 0,
          "mean" : 0.000000,
          "stddev" : 0.000000,
          "N" : 0
        },
        "clat_ns" : {
          "min" : 0,
          "max" : 0,
          "mean" : 0.000000,
          "stddev" : 0.000000,
          "N" : 0
        },
        "lat_ns" : {
          "min" : 0,
          "max" : 0,
          "mean" : 0.000000,
          "stddev" : 0.000000,
          "N" : 0
        },
        "bw_min" : 0,
        "bw_max" : 0,
        "bw_agg" : 0.000000,
        "bw_mean" : 0.000000,
        "bw_dev" : 0.000000,
        "bw_samples" : 0,
        "iops_min" : 0,
        "iops_max" : 0,
        "iops_mean" : 0.000000,
        "iops_stddev" : 0.000000,
        "iops_samples" : 0
      },
      "trim" : {
        "io_bytes" : 0,
        "io_kbytes" : 0,
        "bw_bytes" : 0,
        "bw" : 0,
        "iops" : 0.000000,
        "runtime" : 0,
        "total_ios" : 0,
        "short_ios" : 0,
        "drop_ios" : 0,
        "slat_ns" : {
          "min" : 0,
          "max" : 0,
          "mean" : 0.000000,
          "stddev" : 0.000000,
          "N" : 0
        },
        "clat_ns" : {
          "min" : 0,
          "max" : 0,
          "mean" : 0.000000,
          "stddev" : 0.000000,
          "N" : 0
        },
        "lat_ns" : {
          "min" : 0,
          "max" : 0,
          "mean" : 0.000000,
          "stddev" : 0.000000,
          "N" : 0
        },
        "bw_min" : 0,
        "bw_max" : 0,
        "bw_agg" : 0.000000,
        "bw_mean" : 0.000000,
        "bw_dev" : 0.000000,
        "bw_samples" : 0,
        "iops_min" : 0,
        "iops_max" : 0,
        "iops_mean" : 0.000000,
        "iops_stddev" : 0.000000,
        "iops_samples" : 0
      },
      "sync" : {
        "total_ios" : 0,
        "lat_ns" : {
          "min" : 0,
          "max" : 0,
          "mean" : 0.000000,
          "stddev" : 0.000000,
          "N" : 0
        }
      },
      "job_runtime" : 30025,
      "usr_cpu" : 0.512906,
      "sys_cpu" : 33.272273,
      "ctx" : 22183,
      "majf" : 0,
      "minf" : 35939,
      "iodepth_level" : {
        "1" : 0.100000,
        "2" : 0.100000,
        "4" : 0.100000,
        "8" : 0.100000,
        "16" : 99.912075,
        "32" : 0.000000,
        ">=64" : 0.000000
      },
      "iodepth_submit" : {
        "0" : 0.000000,
        "4" : 100.000000,
        "8" : 0.000000,
        "16" : 0.000000,
        "32" : 0.000000,
        "64" : 0.000000,
        ">=64" : 0.000000
      },
      "iodepth_complete" : {
        "0" : 0.000000,
        "4" : 99.994134,
        "8" : 0.000000,
        "16" : 0.100000,
        "32" : 0.000000,
        "64" : 0.000000,
        ">=64" : 0.000000
      },
      "latency_ns" : {
        "2" : 0.000000,
        "4" : 0.000000,
        "10" : 0.000000,
        "20" : 0.000000,
        "50" : 0.000000,
        "100" : 0.000000,
        "250" : 0.000000,
        "500" : 0.000000,
        "750" : 0.000000,
        "1000" : 0.000000
      },
      "latency_us" : {
        "2" : 0.000000,
        "4" : 0.000000,
        "10" : 0.000000,
        "20" : 0.000000,
        "50" : 0.000000,
        "100" : 0.000000,
        "250" : 0.000000,
        "500" : 0.000000,
        "750" : 0.000000,
        "1000" : 0.000000
      },
      "latency_ms" : {
        "2" : 0.000000,
        "4" : 0.000000,
        "10" : 0.000000,
        "20" : 27.039859,
        "50" : 69.320047,
        "100" : 3.558030,
        "250" : 0.082063,
        "500" : 0.000000,
        "750" : 0.000000,
        "1000" : 0.000000,
        "2000" : 0.000000,
        ">=2000" : 0.000000
      },
      "latency_depth" : 16,
      "latency_target" : 0,
      "latency_percentile" : 100.000000,
      "latency_window" : 0
    }
  ]
}
