{
  "fio version" : "fio-3.28",
  "timestamp" : 1724315911,
  "timestamp_ms" : 1724315911989,
  "time" : "Thu Aug 22 16:38:31 2024",
  "jobs" : [
    {
      "jobname" : "disktest",
      "groupid" : 0,
      "error" : 0,
      "eta" : 0,
      "elapsed" : 31,
      "job options" : {
        "ioengine" : "libaio",
        "iodepth" : "1",
        "numjobs" : "1",
        "rw" : "read",
        "bs" : "4096k",
        "direct" : "1",
        "buffered" : "0",
        "size" : "14G",
        "runtime" : "30",
        "filename" : "/cephfs-benchmark/lixie-benchmark/fio-benchmark/read/train.zip"
      },
      "read" : {
        "io_bytes" : 7528775680,
        "io_kbytes" : 7352320,
        "bw_bytes" : 250925732,
        "bw" : 245044,
        "iops" : 59.825357,
        "runtime" : 30004,
        "total_ios" : 1795,
        "short_ios" : 0,
        "drop_ios" : 0,
        "slat_ns" : {
          "min" : 112248,
          "max" : 2140687,
          "mean" : 281608.820613,
          "stddev" : 68710.210106,
          "N" : 1795
        },
        "clat_ns" : {
          "min" : 8870213,
          "max" : 38397701,
          "mean" : 16426893.422284,
          "stddev" : 2504502.246582,
          "N" : 1795,
          "percentile" : {
            "1.000000" : 11730944,
            "5.000000" : 12910592,
            "10.000000" : 13565952,
            "20.000000" : 14352384,
            "30.000000" : 15007744,
            "40.000000" : 15663104,
            "50.000000" : 16187392,
            "60.000000" : 16908288,
            "70.000000" : 17694720,
            "80.000000" : 18219008,
            "90.000000" : 19267584,
            "95.000000" : 20316160,
            "99.000000" : 23461888,
            "99.500000" : 28442624,
            "99.900000" : 34865152,
            "99.950000" : 38535168,
            "99.990000" : 38535168
          }
        },
        "lat_ns" : {
          "min" : 9059323,
          "max" : 38518557,
          "mean" : 16709586.064067,
          "stddev" : 2510145.085887,
          "N" : 1795
        },
        "bw_min" : 188416,
        "bw_max" : 278528,
        "bw_agg" : 100.000000,
        "bw_mean" : 245065.762712,
        "bw_dev" : 14927.165004,
        "bw_samples" : 59,
        "iops_min" : 46,
        "iops_max" : 68,
        "iops_mean" : 59.830508,
        "iops_stddev" : 3.644327,
        "iops_samples" : 59
      },
      "write" : {
        "io_bytes" : 0,
        "io_kbytes" : 0,
        "bw_bytes" : 0,
        "bw" : 0,
        "iops" : 0.000000,
        "runtime" : 0,
        "total_ios" : 0,
        "short_ios" : 0,
        "drop_ios" : 0,
        "slat_ns" : {
          "min" : 0,
          "max" : 0,
          "mean" : 0.000000,
          "stddev" : 0.000000,
          "N" : 0
        },
        "clat_ns" : {
          "min" : 0,
          "max" : 0,
          "mean" : 0.000000,
          "stddev" : 0.000000,
          "N" : 0
        },
        "lat_ns" : {
          "min" : 0,
          "max" : 0,
          "mean" : 0.000000,
          "stddev" : 0.000000,
          "N" : 0
        },
        "bw_min" : 0,
        "bw_max" : 0,
        "bw_agg" : 0.000000,
        "bw_mean" : 0.000000,
        "bw_dev" : 0.000000,
        "bw_samples" : 0,
        "iops_min" : 0,
        "iops_max" : 0,
        "iops_mean" : 0.000000,
        "iops_stddev" : 0.000000,
        "iops_samples" : 0
      },
      "trim" : {
        "io_bytes" : 0,
        "io_kbytes" : 0,
        "bw_bytes" : 0,
        "bw" : 0,
        "iops" : 0.000000,
        "runtime" : 0,
        "total_ios" : 0,
        "short_ios" : 0,
        "drop_ios" : 0,
        "slat_ns" : {
          "min" : 0,
          "max" : 0,
          "mean" : 0.000000,
          "stddev" : 0.000000,
          "N" : 0
        },
        "clat_ns" : {
          "min" : 0,
          "max" : 0,
          "mean" : 0.000000,
          "stddev" : 0.000000,
          "N" : 0
        },
        "lat_ns" : {
          "min" : 0,
          "max" : 0,
          "mean" : 0.000000,
          "stddev" : 0.000000,
          "N" : 0
        },
        "bw_min" : 0,
        "bw_max" : 0,
        "bw_agg" : 0.000000,
        "bw_mean" : 0.000000,
        "bw_dev" : 0.000000,
        "bw_samples" : 0,
        "iops_min" : 0,
        "iops_max" : 0,
        "iops_mean" : 0.000000,
        "iops_stddev" : 0.000000,
        "iops_samples" : 0
      },
      "sync" : {
        "total_ios" : 0,
        "lat_ns" : {
          "min" : 0,
          "max" : 0,
          "mean" : 0.000000,
          "stddev" : 0.000000,
          "N" : 0
        }
      },
      "job_runtime" : 30003,
      "usr_cpu" : 0.083325,
      "sys_cpu" : 1.569843,
      "ctx" : 2758,
      "majf" : 0,
      "minf" : 1036,
      "iodepth_level" : {
        "1" : 100.000000,
        "2" : 0.000000,
        "4" : 0.000000,
        "8" : 0.000000,
        "16" : 0.000000,
        "32" : 0.000000,
        ">=64" : 0.000000
      },
      "iodepth_submit" : {
        "0" : 0.000000,
        "4" : 100.000000,
        "8" : 0.000000,
        "16" : 0.000000,
        "32" : 0.000000,
        "64" : 0.000000,
        ">=64" : 0.000000
      },
      "iodepth_complete" : {
        "0" : 0.000000,
        "4" : 100.000000,
        "8" : 0.000000,
        "16" : 0.000000,
        "32" : 0.000000,
        "64" : 0.000000,
        ">=64" : 0.000000
      },
      "latency_ns" : {
        "2" : 0.000000,
        "4" : 0.000000,
        "10" : 0.000000,
        "20" : 0.000000,
        "50" : 0.000000,
        "100" : 0.000000,
        "250" : 0.000000,
        "500" : 0.000000,
        "750" : 0.000000,
        "1000" : 0.000000
      },
      "latency_us" : {
        "2" : 0.000000,
        "4" : 0.000000,
        "10" : 0.000000,
        "20" : 0.000000,
        "50" : 0.000000,
        "100" : 0.000000,
        "250" : 0.000000,
        "500" : 0.000000,
        "750" : 0.000000,
        "1000" : 0.000000
      },
      "latency_ms" : {
        "2" : 0.000000,
        "4" : 0.000000,
        "10" : 0.111421,
        "20" : 94.261838,
        "50" : 5.626741,
        "100" : 0.000000,
        "250" : 0.000000,
        "500" : 0.000000,
        "750" : 0.000000,
        "1000" : 0.000000,
        "2000" : 0.000000,
        ">=2000" : 0.000000
      },
      "latency_depth" : 1,
      "latency_target" : 0,
      "latency_percentile" : 100.000000,
      "latency_window" : 0
    }
  ]
}
