{
  "fio version" : "fio-3.28",
  "timestamp" : 1724316003,
  "timestamp_ms" : 1724316003351,
  "time" : "Thu Aug 22 16:40:03 2024",
  "jobs" : [
    {
      "jobname" : "disktest",
      "groupid" : 0,
      "error" : 0,
      "eta" : 0,
      "elapsed" : 31,
      "job options" : {
        "ioengine" : "libaio",
        "iodepth" : "8",
        "numjobs" : "1",
        "rw" : "read",
        "bs" : "4096k",
        "direct" : "1",
        "buffered" : "0",
        "size" : "14G",
        "runtime" : "30",
        "filename" : "/cephfs-benchmark/lixie-benchmark/fio-benchmark/read/train.zip"
      },
      "read" : {
        "io_bytes" : 46405779456,
        "io_kbytes" : 45318144,
        "bw_bytes" : 1545777271,
        "bw" : 1509548,
        "iops" : 368.542021,
        "runtime" : 30021,
        "total_ios" : 11064,
        "short_ios" : 0,
        "drop_ios" : 0,
        "slat_ns" : {
          "min" : 88843,
          "max" : 18680023,
          "mean" : 729416.281273,
          "stddev" : 1732426.862229,
          "N" : 11064
        },
        "clat_ns" : {
          "min" : 11240634,
          "max" : 83101083,
          "mean" : 20965140.577639,
          "stddev" : 5788750.217269,
          "N" : 11064,
          "percentile" : {
            "1.000000" : 13565952,
            "5.000000" : 15138816,
            "10.000000" : 15794176,
            "20.000000" : 16580608,
            "30.000000" : 17170432,
            "40.000000" : 17956864,
            "50.000000" : 19005440,
            "60.000000" : 20578304,
            "70.000000" : 22413312,
            "80.000000" : 24772608,
            "90.000000" : 28704768,
            "95.000000" : 32374784,
            "99.000000" : 40632320,
            "99.500000" : 44302336,
            "99.900000" : 53739520,
            "99.950000" : 61079552,
            "99.990000" : 73924608
          }
        },
        "lat_ns" : {
          "min" : 11526892,
          "max" : 83356121,
          "mean" : 21695377.904555,
          "stddev" : 6076997.701600,
          "N" : 11064
        },
        "bw_min" : 1343488,
        "bw_max" : 1654784,
        "bw_agg" : 100.000000,
        "bw_mean" : 1509649.066667,
        "bw_dev" : 57888.703362,
        "bw_samples" : 60,
        "iops_min" : 328,
        "iops_max" : 404,
        "iops_mean" : 368.566667,
        "iops_stddev" : 14.132984,
        "iops_samples" : 60
      },
      "write" : {
        "io_bytes" : 0,
        "io_kbytes" : 0,
        "bw_bytes" : 0,
        "bw" : 0,
        "iops" : 0.000000,
        "runtime" : 0,
        "total_ios" : 0,
        "short_ios" : 0,
        "drop_ios" : 0,
        "slat_ns" : {
          "min" : 0,
          "max" : 0,
          "mean" : 0.000000,
          "stddev" : 0.000000,
          "N" : 0
        },
        "clat_ns" : {
          "min" : 0,
          "max" : 0,
          "mean" : 0.000000,
          "stddev" : 0.000000,
          "N" : 0
        },
        "lat_ns" : {
          "min" : 0,
          "max" : 0,
          "mean" : 0.000000,
          "stddev" : 0.000000,
          "N" : 0
        },
        "bw_min" : 0,
        "bw_max" : 0,
        "bw_agg" : 0.000000,
        "bw_mean" : 0.000000,
        "bw_dev" : 0.000000,
        "bw_samples" : 0,
        "iops_min" : 0,
        "iops_max" : 0,
        "iops_mean" : 0.000000,
        "iops_stddev" : 0.000000,
        "iops_samples" : 0
      },
      "trim" : {
        "io_bytes" : 0,
        "io_kbytes" : 0,
        "bw_bytes" : 0,
        "bw" : 0,
        "iops" : 0.000000,
        "runtime" : 0,
        "total_ios" : 0,
        "short_ios" : 0,
        "drop_ios" : 0,
        "slat_ns" : {
          "min" : 0,
          "max" : 0,
          "mean" : 0.000000,
          "stddev" : 0.000000,
          "N" : 0
        },
        "clat_ns" : {
          "min" : 0,
          "max" : 0,
          "mean" : 0.000000,
          "stddev" : 0.000000,
          "N" : 0
        },
        "lat_ns" : {
          "min" : 0,
          "max" : 0,
          "mean" : 0.000000,
          "stddev" : 0.000000,
          "N" : 0
        },
        "bw_min" : 0,
        "bw_max" : 0,
        "bw_agg" : 0.000000,
        "bw_mean" : 0.000000,
        "bw_dev" : 0.000000,
        "bw_samples" : 0,
        "iops_min" : 0,
        "iops_max" : 0,
        "iops_mean" : 0.000000,
        "iops_stddev" : 0.000000,
        "iops_samples" : 0
      },
      "sync" : {
        "total_ios" : 0,
        "lat_ns" : {
          "min" : 0,
          "max" : 0,
          "mean" : 0.000000,
          "stddev" : 0.000000,
          "N" : 0
        }
      },
      "job_runtime" : 30020,
      "usr_cpu" : 0.363091,
      "sys_cpu" : 18.614257,
      "ctx" : 16739,
      "majf" : 0,
      "minf" : 14392,
      "iodepth_level" : {
        "1" : 0.100000,
        "2" : 0.100000,
        "4" : 0.100000,
        "8" : 99.936732,
        "16" : 0.000000,
        "32" : 0.000000,
        ">=64" : 0.000000
      },
      "iodepth_submit" : {
        "0" : 0.000000,
        "4" : 100.000000,
        "8" : 0.000000,
        "16" : 0.000000,
        "32" : 0.000000,
        "64" : 0.000000,
        ">=64" : 0.000000
      },
      "iodepth_complete" : {
        "0" : 0.000000,
        "4" : 99.990957,
        "8" : 0.100000,
        "16" : 0.000000,
        "32" : 0.000000,
        "64" : 0.000000,
        ">=64" : 0.000000
      },
      "latency_ns" : {
        "2" : 0.000000,
        "4" : 0.000000,
        "10" : 0.000000,
        "20" : 0.000000,
        "50" : 0.000000,
        "100" : 0.000000,
        "250" : 0.000000,
        "500" : 0.000000,
        "750" : 0.000000,
        "1000" : 0.000000
      },
      "latency_us" : {
        "2" : 0.000000,
        "4" : 0.000000,
        "10" : 0.000000,
        "20" : 0.000000,
        "50" : 0.000000,
        "100" : 0.000000,
        "250" : 0.000000,
        "500" : 0.000000,
        "750" : 0.000000,
        "1000" : 0.000000
      },
      "latency_ms" : {
        "2" : 0.000000,
        "4" : 0.000000,
        "10" : 0.000000,
        "20" : 56.661244,
        "50" : 43.130875,
        "100" : 0.207881,
        "250" : 0.000000,
        "500" : 0.000000,
        "750" : 0.000000,
        "1000" : 0.000000,
        "2000" : 0.000000,
        ">=2000" : 0.000000
      },
      "latency_depth" : 8,
      "latency_target" : 0,
      "latency_percentile" : 100.000000,
      "latency_window" : 0
    }
  ]
}
