{
  "fio version" : "fio-3.28",
  "timestamp" : 1724316186,
  "timestamp_ms" : 1724316186571,
  "time" : "Thu Aug 22 16:43:06 2024",
  "jobs" : [
    {
      "jobname" : "disktest",
      "groupid" : 0,
      "error" : 0,
      "eta" : 0,
      "elapsed" : 31,
      "job options" : {
        "ioengine" : "libaio",
        "iodepth" : "16",
        "numjobs" : "4",
        "rw" : "read",
        "bs" : "4096k",
        "direct" : "1",
        "buffered" : "0",
        "size" : "14G",
        "runtime" : "30",
        "filename" : "/cephfs-benchmark/lixie-benchmark/fio-benchmark/read/train.zip"
      },
      "read" : {
        "io_bytes" : 109211287552,
        "io_kbytes" : 106651648,
        "bw_bytes" : 3625270956,
        "bw" : 3540303,
        "iops" : 864.331950,
        "runtime" : 30125,
        "total_ios" : 26038,
        "short_ios" : 0,
        "drop_ios" : 0,
        "slat_ns" : {
          "min" : 56088,
          "max" : 22633931,
          "mean" : 717707.543321,
          "stddev" : 1662209.644875,
          "N" : 26038
        },
        "clat_ns" : {
          "min" : 10355967,
          "max" : 768287326,
          "mean" : 73230258.743951,
          "stddev" : 107377442.021018,
          "N" : 26038,
          "percentile" : {
            "1.000000" : 14614528,
            "5.000000" : 17432576,
            "10.000000" : 19529728,
            "20.000000" : 23199744,
            "30.000000" : 26869760,
            "40.000000" : 30801920,
            "50.000000" : 35913728,
            "60.000000" : 43778048,
            "70.000000" : 55312384,
            "80.000000" : 79167488,
            "90.000000" : 149946368,
            "95.000000" : 304087040,
            "99.000000" : 574619648,
            "99.500000" : 633339904,
            "99.900000" : 708837376,
            "99.950000" : 725614592,
            "99.990000" : 759169024
          }
        },
        "lat_ns" : {
          "min" : 10614858,
          "max" : 768585001,
          "mean" : 73948706.038751,
          "stddev" : 107450830.097709,
          "N" : 26038
        },
        "bw_min" : 1900544,
        "bw_max" : 4841472,
        "bw_agg" : 100.000000,
        "bw_mean" : 3546862.933333,
        "bw_dev" : 139067.108993,
        "bw_samples" : 240,
        "iops_min" : 464,
        "iops_max" : 1182,
        "iops_mean" : 865.933333,
        "iops_stddev" : 33.951931,
        "iops_samples" : 240
      },
      "write" : {
        "io_bytes" : 0,
        "io_kbytes" : 0,
        "bw_bytes" : 0,
        "bw" : 0,
        "iops" : 0.000000,
        "runtime" : 0,
        "total_ios" : 0,
        "short_ios" : 0,
        "drop_ios" : 0,
        "slat_ns" : {
          "min" : 0,
          "max" : 0,
          "mean" : 0.000000,
          "stddev" : 0.000000,
          "N" : 0
        },
        "clat_ns" : {
          "min" : 0,
          "max" : 0,
          "mean" : 0.000000,
          "stddev" : 0.000000,
          "N" : 0
        },
        "lat_ns" : {
          "min" : 0,
          "max" : 0,
          "mean" : 0.000000,
          "stddev" : 0.000000,
          "N" : 0
        },
        "bw_min" : 0,
        "bw_max" : 0,
        "bw_agg" : 0.000000,
        "bw_mean" : 0.000000,
        "bw_dev" : 0.000000,
        "bw_samples" : 0,
        "iops_min" : 0,
        "iops_max" : 0,
        "iops_mean" : 0.000000,
        "iops_stddev" : 0.000000,
        "iops_samples" : 0
      },
      "trim" : {
        "io_bytes" : 0,
        "io_kbytes" : 0,
        "bw_bytes" : 0,
        "bw" : 0,
        "iops" : 0.000000,
        "runtime" : 0,
        "total_ios" : 0,
        "short_ios" : 0,
        "drop_ios" : 0,
        "slat_ns" : {
          "min" : 0,
          "max" : 0,
          "mean" : 0.000000,
          "stddev" : 0.000000,
          "N" : 0
        },
        "clat_ns" : {
          "min" : 0,
          "max" : 0,
          "mean" : 0.000000,
          "stddev" : 0.000000,
          "N" : 0
        },
        "lat_ns" : {
          "min" : 0,
          "max" : 0,
          "mean" : 0.000000,
          "stddev" : 0.000000,
          "N" : 0
        },
        "bw_min" : 0,
        "bw_max" : 0,
        "bw_agg" : 0.000000,
        "bw_mean" : 0.000000,
        "bw_dev" : 0.000000,
        "bw_samples" : 0,
        "iops_min" : 0,
        "iops_max" : 0,
        "iops_mean" : 0.000000,
        "iops_stddev" : 0.000000,
        "iops_samples" : 0
      },
      "sync" : {
        "total_ios" : 0,
        "lat_ns" : {
          "min" : 0,
          "max" : 0,
          "mean" : 0.000000,
          "stddev" : 0.000000,
          "N" : 0
        }
      },
      "job_runtime" : 120452,
      "usr_cpu" : 0.246571,
      "sys_cpu" : 11.097367,
      "ctx" : 38692,
      "majf" : 0,
      "minf" : 69859,
      "iodepth_level" : {
        "1" : 0.100000,
        "2" : 0.100000,
        "4" : 0.100000,
        "8" : 0.122897,
        "16" : 99.769568,
        "32" : 0.000000,
        ">=64" : 0.000000
      },
      "iodepth_submit" : {
        "0" : 0.000000,
        "4" : 100.000000,
        "8" : 0.000000,
        "16" : 0.000000,
        "32" : 0.000000,
        "64" : 0.000000,
        ">=64" : 0.000000
      },
      "iodepth_complete" : {
        "0" : 0.000000,
        "4" : 99.984605,
        "8" : 0.000000,
        "16" : 0.100000,
        "32" : 0.000000,
        "64" : 0.000000,
        ">=64" : 0.000000
      },
      "latency_ns" : {
        "2" : 0.000000,
        "4" : 0.000000,
        "10" : 0.000000,
        "20" : 0.000000,
        "50" : 0.000000,
        "100" : 0.000000,
        "250" : 0.000000,
        "500" : 0.000000,
        "750" : 0.000000,
        "1000" : 0.000000
      },
      "latency_us" : {
        "2" : 0.000000,
        "4" : 0.000000,
        "10" : 0.000000,
        "20" : 0.000000,
        "50" : 0.000000,
        "100" : 0.000000,
        "250" : 0.000000,
        "500" : 0.000000,
        "750" : 0.000000,
        "1000" : 0.000000
      },
      "latency_ms" : {
        "2" : 0.000000,
        "4" : 0.000000,
        "10" : 0.000000,
        "20" : 11.218220,
        "50" : 54.816038,
        "100" : 18.592058,
        "250" : 9.351717,
        "500" : 3.802135,
        "750" : 2.208311,
        "1000" : 0.011522,
        "2000" : 0.000000,
        ">=2000" : 0.000000
      },
      "latency_depth" : 16,
      "latency_target" : 0,
      "latency_percentile" : 100.000000,
      "latency_window" : 0
    }
  ]
}
