{
  "fio version" : "fio-3.28",
  "timestamp" : 1724152370,
  "timestamp_ms" : 1724152370539,
  "time" : "Tue Aug 20 19:12:50 2024",
  "jobs" : [
    {
      "jobname" : "disktest",
      "groupid" : 0,
      "error" : 0,
      "eta" : 0,
      "elapsed" : 31,
      "job options" : {
        "ioengine" : "libaio",
        "iodepth" : "16",
        "numjobs" : "1",
        "rw" : "read",
        "bs" : "4096k",
        "direct" : "1",
        "buffered" : "0",
        "size" : "2G",
        "runtime" : "30"
      },
      "read" : {
        "io_bytes" : 3573547008,
        "io_kbytes" : 3489792,
        "bw_bytes" : 117446577,
        "bw" : 114693,
        "iops" : 28.001446,
        "runtime" : 30427,
        "total_ios" : 852,
        "short_ios" : 0,
        "drop_ios" : 0,
        "slat_ns" : {
          "min" : 25398,
          "max" : 1693361,
          "mean" : 110025.630282,
          "stddev" : 158360.660116,
          "N" : 852
        },
        "clat_ns" : {
          "min" : 138242415,
          "max" : 1683823936,
          "mean" : 570634096.282864,
          "stddev" : 338358803.920316,
          "N" : 852,
          "percentile" : {
            "1.000000" : 160432128,
            "5.000000" : 200278016,
            "10.000000" : 223346688,
            "20.000000" : 258998272,
            "30.000000" : 320864256,
            "40.000000" : 400556032,
            "50.000000" : 476053504,
            "60.000000" : 574619648,
            "70.000000" : 700448768,
            "80.000000" : 868220928,
            "90.000000" : 1098907648,
            "95.000000" : 1266679808,
            "99.000000" : 1518338048,
            "99.500000" : 1585446912,
            "99.900000" : 1686110208,
            "99.950000" : 1686110208,
            "99.990000" : 1686110208
          }
        },
        "lat_ns" : {
          "min" : 138317970,
          "max" : 1683940138,
          "mean" : 570744602.133803,
          "stddev" : 338351687.174956,
          "N" : 852
        },
        "bw_min" : 81920,
        "bw_max" : 139264,
        "bw_agg" : 99.517914,
        "bw_mean" : 114141.866667,
        "bw_dev" : 10862.332801,
        "bw_samples" : 60,
        "iops_min" : 20,
        "iops_max" : 34,
        "iops_mean" : 27.866667,
        "iops_stddev" : 2.651937,
        "iops_samples" : 60
      },
      "write" : {
        "io_bytes" : 0,
        "io_kbytes" : 0,
        "bw_bytes" : 0,
        "bw" : 0,
        "iops" : 0.000000,
        "runtime" : 0,
        "total_ios" : 0,
        "short_ios" : 0,
        "drop_ios" : 0,
        "slat_ns" : {
          "min" : 0,
          "max" : 0,
          "mean" : 0.000000,
          "stddev" : 0.000000,
          "N" : 0
        },
        "clat_ns" : {
          "min" : 0,
          "max" : 0,
          "mean" : 0.000000,
          "stddev" : 0.000000,
          "N" : 0
        },
        "lat_ns" : {
          "min" : 0,
          "max" : 0,
          "mean" : 0.000000,
          "stddev" : 0.000000,
          "N" : 0
        },
        "bw_min" : 0,
        "bw_max" : 0,
        "bw_agg" : 0.000000,
        "bw_mean" : 0.000000,
        "bw_dev" : 0.000000,
        "bw_samples" : 0,
        "iops_min" : 0,
        "iops_max" : 0,
        "iops_mean" : 0.000000,
        "iops_stddev" : 0.000000,
        "iops_samples" : 0
      },
      "trim" : {
        "io_bytes" : 0,
        "io_kbytes" : 0,
        "bw_bytes" : 0,
        "bw" : 0,
        "iops" : 0.000000,
        "runtime" : 0,
        "total_ios" : 0,
        "short_ios" : 0,
        "drop_ios" : 0,
        "slat_ns" : {
          "min" : 0,
          "max" : 0,
          "mean" : 0.000000,
          "stddev" : 0.000000,
          "N" : 0
        },
        "clat_ns" : {
          "min" : 0,
          "max" : 0,
          "mean" : 0.000000,
          "stddev" : 0.000000,
          "N" : 0
        },
        "lat_ns" : {
          "min" : 0,
          "max" : 0,
          "mean" : 0.000000,
          "stddev" : 0.000000,
          "N" : 0
        },
        "bw_min" : 0,
        "bw_max" : 0,
        "bw_agg" : 0.000000,
        "bw_mean" : 0.000000,
        "bw_dev" : 0.000000,
        "bw_samples" : 0,
        "iops_min" : 0,
        "iops_max" : 0,
        "iops_mean" : 0.000000,
        "iops_stddev" : 0.000000,
        "iops_samples" : 0
      },
      "sync" : {
        "total_ios" : 0,
        "lat_ns" : {
          "min" : 0,
          "max" : 0,
          "mean" : 0.000000,
          "stddev" : 0.000000,
          "N" : 0
        }
      },
      "job_runtime" : 30426,
      "usr_cpu" : 0.049300,
      "sys_cpu" : 0.295800,
      "ctx" : 948,
      "majf" : 0,
      "minf" : 16393,
      "iodepth_level" : {
        "1" : 0.117371,
        "2" : 0.234742,
        "4" : 0.469484,
        "8" : 0.938967,
        "16" : 98.239437,
        "32" : 0.000000,
        ">=64" : 0.000000
      },
      "iodepth_submit" : {
        "0" : 0.000000,
        "4" : 100.000000,
        "8" : 0.000000,
        "16" : 0.000000,
        "32" : 0.000000,
        "64" : 0.000000,
        ">=64" : 0.000000
      },
      "iodepth_complete" : {
        "0" : 0.000000,
        "4" : 99.880668,
        "8" : 0.000000,
        "16" : 0.119332,
        "32" : 0.000000,
        "64" : 0.000000,
        ">=64" : 0.000000
      },
      "latency_ns" : {
        "2" : 0.000000,
        "4" : 0.000000,
        "10" : 0.000000,
        "20" : 0.000000,
        "50" : 0.000000,
        "100" : 0.000000,
        "250" : 0.000000,
        "500" : 0.000000,
        "750" : 0.000000,
        "1000" : 0.000000
      },
      "latency_us" : {
        "2" : 0.000000,
        "4" : 0.000000,
        "10" : 0.000000,
        "20" : 0.000000,
        "50" : 0.000000,
        "100" : 0.000000,
        "250" : 0.000000,
        "500" : 0.000000,
        "750" : 0.000000,
        "1000" : 0.000000
      },
      "latency_ms" : {
        "2" : 0.000000,
        "4" : 0.000000,
        "10" : 0.000000,
        "20" : 0.000000,
        "50" : 0.000000,
        "100" : 0.000000,
        "250" : 16.549296,
        "500" : 36.267606,
        "750" : 20.187793,
        "1000" : 13.615023,
        "2000" : 13.380282,
        ">=2000" : 0.000000
      },
      "latency_depth" : 16,
      "latency_target" : 0,
      "latency_percentile" : 100.000000,
      "latency_window" : 0
    }
  ]
}
