{
  "fio version" : "fio-3.28",
  "timestamp" : 1724152339,
  "timestamp_ms" : 1724152339655,
  "time" : "Tue Aug 20 19:12:19 2024",
  "jobs" : [
    {
      "jobname" : "disktest",
      "groupid" : 0,
      "error" : 0,
      "eta" : 0,
      "elapsed" : 31,
      "job options" : {
        "ioengine" : "libaio",
        "iodepth" : "8",
        "numjobs" : "1",
        "rw" : "read",
        "bs" : "4096k",
        "direct" : "1",
        "buffered" : "0",
        "size" : "2G",
        "runtime" : "30"
      },
      "read" : {
        "io_bytes" : 3539992576,
        "io_kbytes" : 3457024,
        "bw_bytes" : 117373759,
        "bw" : 114622,
        "iops" : 27.984085,
        "runtime" : 30160,
        "total_ios" : 844,
        "short_ios" : 0,
        "drop_ios" : 0,
        "slat_ns" : {
          "min" : 24637,
          "max" : 1204415,
          "mean" : 116285.324645,
          "stddev" : 112783.156567,
          "N" : 844
        },
        "clat_ns" : {
          "min" : 96978547,
          "max" : 775816013,
          "mean" : 285548413.449052,
          "stddev" : 121702930.745477,
          "N" : 844,
          "percentile" : {
            "1.000000" : 121110528,
            "5.000000" : 145752064,
            "10.000000" : 162529280,
            "20.000000" : 181403648,
            "30.000000" : 200278016,
            "40.000000" : 219152384,
            "50.000000" : 250609664,
            "60.000000" : 295698432,
            "70.000000" : 333447168,
            "80.000000" : 383778816,
            "90.000000" : 459276288,
            "95.000000" : 526385152,
            "99.000000" : 633339904,
            "99.500000" : 675282944,
            "99.900000" : 775946240,
            "99.950000" : 775946240,
            "99.990000" : 775946240
          }
        },
        "lat_ns" : {
          "min" : 97156107,
          "max" : 775916245,
          "mean" : 285665204.022512,
          "stddev" : 121699517.524117,
          "N" : 844
        },
        "bw_min" : 90112,
        "bw_max" : 139264,
        "bw_agg" : 99.579655,
        "bw_mean" : 114141.866667,
        "bw_dev" : 11373.858519,
        "bw_samples" : 60,
        "iops_min" : 22,
        "iops_max" : 34,
        "iops_mean" : 27.866667,
        "iops_stddev" : 2.776821,
        "iops_samples" : 60
      },
      "write" : {
        "io_bytes" : 0,
        "io_kbytes" : 0,
        "bw_bytes" : 0,
        "bw" : 0,
        "iops" : 0.000000,
        "runtime" : 0,
        "total_ios" : 0,
        "short_ios" : 0,
        "drop_ios" : 0,
        "slat_ns" : {
          "min" : 0,
          "max" : 0,
          "mean" : 0.000000,
          "stddev" : 0.000000,
          "N" : 0
        },
        "clat_ns" : {
          "min" : 0,
          "max" : 0,
          "mean" : 0.000000,
          "stddev" : 0.000000,
          "N" : 0
        },
        "lat_ns" : {
          "min" : 0,
          "max" : 0,
          "mean" : 0.000000,
          "stddev" : 0.000000,
          "N" : 0
        },
        "bw_min" : 0,
        "bw_max" : 0,
        "bw_agg" : 0.000000,
        "bw_mean" : 0.000000,
        "bw_dev" : 0.000000,
        "bw_samples" : 0,
        "iops_min" : 0,
        "iops_max" : 0,
        "iops_mean" : 0.000000,
        "iops_stddev" : 0.000000,
        "iops_samples" : 0
      },
      "trim" : {
        "io_bytes" : 0,
        "io_kbytes" : 0,
        "bw_bytes" : 0,
        "bw" : 0,
        "iops" : 0.000000,
        "runtime" : 0,
        "total_ios" : 0,
        "short_ios" : 0,
        "drop_ios" : 0,
        "slat_ns" : {
          "min" : 0,
          "max" : 0,
          "mean" : 0.000000,
          "stddev" : 0.000000,
          "N" : 0
        },
        "clat_ns" : {
          "min" : 0,
          "max" : 0,
          "mean" : 0.000000,
          "stddev" : 0.000000,
          "N" : 0
        },
        "lat_ns" : {
          "min" : 0,
          "max" : 0,
          "mean" : 0.000000,
          "stddev" : 0.000000,
          "N" : 0
        },
        "bw_min" : 0,
        "bw_max" : 0,
        "bw_agg" : 0.000000,
        "bw_mean" : 0.000000,
        "bw_dev" : 0.000000,
        "bw_samples" : 0,
        "iops_min" : 0,
        "iops_max" : 0,
        "iops_mean" : 0.000000,
        "iops_stddev" : 0.000000,
        "iops_samples" : 0
      },
      "sync" : {
        "total_ios" : 0,
        "lat_ns" : {
          "min" : 0,
          "max" : 0,
          "mean" : 0.000000,
          "stddev" : 0.000000,
          "N" : 0
        }
      },
      "job_runtime" : 30159,
      "usr_cpu" : 0.046421,
      "sys_cpu" : 0.311681,
      "ctx" : 999,
      "majf" : 0,
      "minf" : 8201,
      "iodepth_level" : {
        "1" : 0.118483,
        "2" : 0.236967,
        "4" : 0.473934,
        "8" : 99.170616,
        "16" : 0.000000,
        "32" : 0.000000,
        ">=64" : 0.000000
      },
      "iodepth_submit" : {
        "0" : 0.000000,
        "4" : 100.000000,
        "8" : 0.000000,
        "16" : 0.000000,
        "32" : 0.000000,
        "64" : 0.000000,
        ">=64" : 0.000000
      },
      "iodepth_complete" : {
        "0" : 0.000000,
        "4" : 99.880668,
        "8" : 0.119332,
        "16" : 0.000000,
        "32" : 0.000000,
        "64" : 0.000000,
        ">=64" : 0.000000
      },
      "latency_ns" : {
        "2" : 0.000000,
        "4" : 0.000000,
        "10" : 0.000000,
        "20" : 0.000000,
        "50" : 0.000000,
        "100" : 0.000000,
        "250" : 0.000000,
        "500" : 0.000000,
        "750" : 0.000000,
        "1000" : 0.000000
      },
      "latency_us" : {
        "2" : 0.000000,
        "4" : 0.000000,
        "10" : 0.000000,
        "20" : 0.000000,
        "50" : 0.000000,
        "100" : 0.000000,
        "250" : 0.000000,
        "500" : 0.000000,
        "750" : 0.000000,
        "1000" : 0.000000
      },
      "latency_ms" : {
        "2" : 0.000000,
        "4" : 0.000000,
        "10" : 0.000000,
        "20" : 0.000000,
        "50" : 0.000000,
        "100" : 0.118483,
        "250" : 49.644550,
        "500" : 42.890995,
        "750" : 7.227488,
        "1000" : 0.118483,
        "2000" : 0.000000,
        ">=2000" : 0.000000
      },
      "latency_depth" : 8,
      "latency_target" : 0,
      "latency_percentile" : 100.000000,
      "latency_window" : 0
    }
  ]
}
