{
  "fio version" : "fio-3.28",
  "timestamp" : 1724152553,
  "timestamp_ms" : 1724152553108,
  "time" : "Tue Aug 20 19:15:53 2024",
  "jobs" : [
    {
      "jobname" : "disktest",
      "groupid" : 0,
      "error" : 0,
      "eta" : 0,
      "elapsed" : 32,
      "job options" : {
        "ioengine" : "libaio",
        "iodepth" : "8",
        "numjobs" : "4",
        "rw" : "read",
        "bs" : "4096k",
        "direct" : "1",
        "buffered" : "0",
        "size" : "2G",
        "runtime" : "30"
      },
      "read" : {
        "io_bytes" : 3640655872,
        "io_kbytes" : 3555328,
        "bw_bytes" : 117474617,
        "bw" : 114721,
        "iops" : 28.008131,
        "runtime" : 30991,
        "total_ios" : 868,
        "short_ios" : 0,
        "drop_ios" : 0,
        "slat_ns" : {
          "min" : 28284,
          "max" : 2215239,
          "mean" : 164650.961982,
          "stddev" : 308284.130602,
          "N" : 868
        },
        "clat_ns" : {
          "min" : 143051467,
          "max" : 3584910487,
          "mean" : 1135095908.960829,
          "stddev" : 877906992.968312,
          "N" : 868,
          "percentile" : {
            "1.000000" : 162529280,
            "5.000000" : 200278016,
            "10.000000" : 227540992,
            "20.000000" : 283115520,
            "30.000000" : 413138944,
            "40.000000" : 574619648,
            "50.000000" : 876609536,
            "60.000000" : 1199570944,
            "70.000000" : 1585446912,
            "80.000000" : 2055208960,
            "90.000000" : 2499805184,
            "95.000000" : 2734686208,
            "99.000000" : 3204448256,
            "99.500000" : 3305111552,
            "99.900000" : 3573547008,
            "99.950000" : 3573547008,
            "99.990000" : 3573547008
          }
        },
        "lat_ns" : {
          "min" : 143200673,
          "max" : 3584982305,
          "mean" : 1135261123.395161,
          "stddev" : 877887944.898801,
          "N" : 868
        },
        "bw_min" : 32768,
        "bw_max" : 253952,
        "bw_agg" : 99.155078,
        "bw_mean" : 113752.410929,
        "bw_dev" : 12843.563643,
        "bw_samples" : 242,
        "iops_min" : 8,
        "iops_max" : 62,
        "iops_mean" : 27.771585,
        "iops_stddev" : 3.135636,
        "iops_samples" : 242
      },
      "write" : {
        "io_bytes" : 0,
        "io_kbytes" : 0,
        "bw_bytes" : 0,
        "bw" : 0,
        "iops" : 0.000000,
        "runtime" : 0,
        "total_ios" : 0,
        "short_ios" : 0,
        "drop_ios" : 0,
        "slat_ns" : {
          "min" : 0,
          "max" : 0,
          "mean" : 0.000000,
          "stddev" : 0.000000,
          "N" : 0
        },
        "clat_ns" : {
          "min" : 0,
          "max" : 0,
          "mean" : 0.000000,
          "stddev" : 0.000000,
          "N" : 0
        },
        "lat_ns" : {
          "min" : 0,
          "max" : 0,
          "mean" : 0.000000,
          "stddev" : 0.000000,
          "N" : 0
        },
        "bw_min" : 0,
        "bw_max" : 0,
        "bw_agg" : 0.000000,
        "bw_mean" : 0.000000,
        "bw_dev" : 0.000000,
        "bw_samples" : 0,
        "iops_min" : 0,
        "iops_max" : 0,
        "iops_mean" : 0.000000,
        "iops_stddev" : 0.000000,
        "iops_samples" : 0
      },
      "trim" : {
        "io_bytes" : 0,
        "io_kbytes" : 0,
        "bw_bytes" : 0,
        "bw" : 0,
        "iops" : 0.000000,
        "runtime" : 0,
        "total_ios" : 0,
        "short_ios" : 0,
        "drop_ios" : 0,
        "slat_ns" : {
          "min" : 0,
          "max" : 0,
          "mean" : 0.000000,
          "stddev" : 0.000000,
          "N" : 0
        },
        "clat_ns" : {
          "min" : 0,
          "max" : 0,
          "mean" : 0.000000,
          "stddev" : 0.000000,
          "N" : 0
        },
        "lat_ns" : {
          "min" : 0,
          "max" : 0,
          "mean" : 0.000000,
          "stddev" : 0.000000,
          "N" : 0
        },
        "bw_min" : 0,
        "bw_max" : 0,
        "bw_agg" : 0.000000,
        "bw_mean" : 0.000000,
        "bw_dev" : 0.000000,
        "bw_samples" : 0,
        "iops_min" : 0,
        "iops_max" : 0,
        "iops_mean" : 0.000000,
        "iops_stddev" : 0.000000,
        "iops_samples" : 0
      },
      "sync" : {
        "total_ios" : 0,
        "lat_ns" : {
          "min" : 0,
          "max" : 0,
          "mean" : 0.000000,
          "stddev" : 0.000000,
          "N" : 0
        }
      },
      "job_runtime" : 123613,
      "usr_cpu" : 0.015371,
      "sys_cpu" : 0.111639,
      "ctx" : 993,
      "majf" : 0,
      "minf" : 32816,
      "iodepth_level" : {
        "1" : 0.460829,
        "2" : 0.921659,
        "4" : 1.843318,
        "8" : 96.774194,
        "16" : 0.000000,
        "32" : 0.000000,
        ">=64" : 0.000000
      },
      "iodepth_submit" : {
        "0" : 0.000000,
        "4" : 100.000000,
        "8" : 0.000000,
        "16" : 0.000000,
        "32" : 0.000000,
        "64" : 0.000000,
        ">=64" : 0.000000
      },
      "iodepth_complete" : {
        "0" : 0.000000,
        "4" : 99.526066,
        "8" : 0.473934,
        "16" : 0.000000,
        "32" : 0.000000,
        "64" : 0.000000,
        ">=64" : 0.000000
      },
      "latency_ns" : {
        "2" : 0.000000,
        "4" : 0.000000,
        "10" : 0.000000,
        "20" : 0.000000,
        "50" : 0.000000,
        "100" : 0.000000,
        "250" : 0.000000,
        "500" : 0.000000,
        "750" : 0.000000,
        "1000" : 0.000000
      },
      "latency_us" : {
        "2" : 0.000000,
        "4" : 0.000000,
        "10" : 0.000000,
        "20" : 0.000000,
        "50" : 0.000000,
        "100" : 0.000000,
        "250" : 0.000000,
        "500" : 0.000000,
        "750" : 0.000000,
        "1000" : 0.000000
      },
      "latency_ms" : {
        "2" : 0.000000,
        "4" : 0.000000,
        "10" : 0.000000,
        "20" : 0.000000,
        "50" : 0.000000,
        "100" : 0.000000,
        "250" : 14.055300,
        "500" : 22.580645,
        "750" : 8.986175,
        "1000" : 7.834101,
        "2000" : 24.769585,
        ">=2000" : 21.774194
      },
      "latency_depth" : 8,
      "latency_target" : 0,
      "latency_percentile" : 100.000000,
      "latency_window" : 0
    }
  ]
}
