{
  "fio version" : "fio-3.28",
  "timestamp" : 1724152859,
  "timestamp_ms" : 1724152859847,
  "time" : "Tue Aug 20 19:20:59 2024",
  "jobs" : [
    {
      "jobname" : "disktest",
      "groupid" : 0,
      "error" : 0,
      "eta" : 0,
      "elapsed" : 31,
      "job options" : {
        "ioengine" : "libaio",
        "iodepth" : "8",
        "numjobs" : "4",
        "rw" : "read",
        "bs" : "4k",
        "direct" : "1",
        "buffered" : "0",
        "size" : "2G",
        "runtime" : "30"
      },
      "read" : {
        "io_bytes" : 3218444288,
        "io_kbytes" : 3143012,
        "bw_bytes" : 107270749,
        "bw" : 104756,
        "iops" : 26189.147752,
        "runtime" : 30003,
        "total_ios" : 785753,
        "short_ios" : 0,
        "drop_ios" : 0,
        "slat_ns" : {
          "min" : 2805,
          "max" : 1160019,
          "mean" : 21582.295926,
          "stddev" : 13867.453641,
          "N" : 785753
        },
        "clat_ns" : {
          "min" : 131993,
          "max" : 24245293,
          "mean" : 1199019.152797,
          "stddev" : 322865.057412,
          "N" : 785753,
          "percentile" : {
            "1.000000" : 724992,
            "5.000000" : 856064,
            "10.000000" : 937984,
            "20.000000" : 1028096,
            "30.000000" : 1089536,
            "40.000000" : 1138688,
            "50.000000" : 1171456,
            "60.000000" : 1204224,
            "70.000000" : 1253376,
            "80.000000" : 1318912,
            "90.000000" : 1433600,
            "95.000000" : 1646592,
            "99.000000" : 2146304,
            "99.500000" : 2539520,
            "99.900000" : 3751936,
            "99.950000" : 5406720,
            "99.990000" : 10158080
          }
        },
        "lat_ns" : {
          "min" : 364338,
          "max" : 24265412,
          "mean" : 1220789.151110,
          "stddev" : 322571.178304,
          "N" : 785753
        },
        "bw_min" : 78584,
        "bw_max" : 123056,
        "bw_agg" : 100.000000,
        "bw_mean" : 104856.542373,
        "bw_dev" : 1917.298559,
        "bw_samples" : 236,
        "iops_min" : 19646,
        "iops_max" : 30764,
        "iops_mean" : 26214.135593,
        "iops_stddev" : 479.336394,
        "iops_samples" : 236
      },
      "write" : {
        "io_bytes" : 0,
        "io_kbytes" : 0,
        "bw_bytes" : 0,
        "bw" : 0,
        "iops" : 0.000000,
        "runtime" : 0,
        "total_ios" : 0,
        "short_ios" : 0,
        "drop_ios" : 0,
        "slat_ns" : {
          "min" : 0,
          "max" : 0,
          "mean" : 0.000000,
          "stddev" : 0.000000,
          "N" : 0
        },
        "clat_ns" : {
          "min" : 0,
          "max" : 0,
          "mean" : 0.000000,
          "stddev" : 0.000000,
          "N" : 0
        },
        "lat_ns" : {
          "min" : 0,
          "max" : 0,
          "mean" : 0.000000,
          "stddev" : 0.000000,
          "N" : 0
        },
        "bw_min" : 0,
        "bw_max" : 0,
        "bw_agg" : 0.000000,
        "bw_mean" : 0.000000,
        "bw_dev" : 0.000000,
        "bw_samples" : 0,
        "iops_min" : 0,
        "iops_max" : 0,
        "iops_mean" : 0.000000,
        "iops_stddev" : 0.000000,
        "iops_samples" : 0
      },
      "trim" : {
        "io_bytes" : 0,
        "io_kbytes" : 0,
        "bw_bytes" : 0,
        "bw" : 0,
        "iops" : 0.000000,
        "runtime" : 0,
        "total_ios" : 0,
        "short_ios" : 0,
        "drop_ios" : 0,
        "slat_ns" : {
          "min" : 0,
          "max" : 0,
          "mean" : 0.000000,
          "stddev" : 0.000000,
          "N" : 0
        },
        "clat_ns" : {
          "min" : 0,
          "max" : 0,
          "mean" : 0.000000,
          "stddev" : 0.000000,
          "N" : 0
        },
        "lat_ns" : {
          "min" : 0,
          "max" : 0,
          "mean" : 0.000000,
          "stddev" : 0.000000,
          "N" : 0
        },
        "bw_min" : 0,
        "bw_max" : 0,
        "bw_agg" : 0.000000,
        "bw_mean" : 0.000000,
        "bw_dev" : 0.000000,
        "bw_samples" : 0,
        "iops_min" : 0,
        "iops_max" : 0,
        "iops_mean" : 0.000000,
        "iops_stddev" : 0.000000,
        "iops_samples" : 0
      },
      "sync" : {
        "total_ios" : 0,
        "lat_ns" : {
          "min" : 0,
          "max" : 0,
          "mean" : 0.000000,
          "stddev" : 0.000000,
          "N" : 0
        }
      },
      "job_runtime" : 120005,
      "usr_cpu" : 1.601600,
      "sys_cpu" : 10.685388,
      "ctx" : 1085956,
      "majf" : 0,
      "minf" : 157,
      "iodepth_level" : {
        "1" : 0.100000,
        "2" : 0.100000,
        "4" : 0.100000,
        "8" : 99.996437,
        "16" : 0.000000,
        "32" : 0.000000,
        ">=64" : 0.000000
      },
      "iodepth_submit" : {
        "0" : 0.000000,
        "4" : 100.000000,
        "8" : 0.000000,
        "16" : 0.000000,
        "32" : 0.000000,
        "64" : 0.000000,
        ">=64" : 0.000000
      },
      "iodepth_complete" : {
        "0" : 0.000000,
        "4" : 99.999491,
        "8" : 0.100000,
        "16" : 0.000000,
        "32" : 0.000000,
        "64" : 0.000000,
        ">=64" : 0.000000
      },
      "latency_ns" : {
        "2" : 0.000000,
        "4" : 0.000000,
        "10" : 0.000000,
        "20" : 0.000000,
        "50" : 0.000000,
        "100" : 0.000000,
        "250" : 0.000000,
        "500" : 0.000000,
        "750" : 0.000000,
        "1000" : 0.000000
      },
      "latency_us" : {
        "2" : 0.000000,
        "4" : 0.000000,
        "10" : 0.000000,
        "20" : 0.000000,
        "50" : 0.000000,
        "100" : 0.000000,
        "250" : 0.010000,
        "500" : 0.019981,
        "750" : 1.472218,
        "1000" : 14.394982
      },
      "latency_ms" : {
        "2" : 82.659182,
        "4" : 1.363660,
        "10" : 0.078905,
        "20" : 0.010000,
        "50" : 0.010000,
        "100" : 0.000000,
        "250" : 0.000000,
        "500" : 0.000000,
        "750" : 0.000000,
        "1000" : 0.000000,
        "2000" : 0.000000,
        ">=2000" : 0.000000
      },
      "latency_depth" : 8,
      "latency_target" : 0,
      "latency_percentile" : 100.000000,
      "latency_window" : 0
    }
  ]
}
