{
  "fio version" : "fio-3.16",
  "timestamp" : 1722851688,
  "timestamp_ms" : 1722851688312,
  "time" : "Mon Aug  5 17:54:48 2024",
  "jobs" : [
    {
      "jobname" : "disktest",
      "groupid" : 0,
      "error" : 0,
      "eta" : 0,
      "elapsed" : 31,
      "job options" : {
        "ioengine" : "libaio",
        "iodepth" : "2",
        "numjobs" : "1",
        "rw" : "randread",
        "bs" : "4k",
        "direct" : "1",
        "buffered" : "0",
        "size" : "2G",
        "runtime" : "30"
      },
      "read" : {
        "io_bytes" : 1223086080,
        "io_kbytes" : 1194420,
        "bw_bytes" : 40768177,
        "bw" : 39812,
        "iops" : 9953.168228,
        "runtime" : 30001,
        "total_ios" : 298605,
        "short_ios" : 0,
        "drop_ios" : 0,
        "slat_ns" : {
          "min" : 6722,
          "max" : 1579739,
          "mean" : 21546.986340,
          "stddev" : 7776.724418
        },
        "clat_ns" : {
          "min" : 3504,
          "max" : 43625352,
          "mean" : 178484.363751,
          "stddev" : 130697.445524,
          "percentile" : {
            "1.000000" : 125440,
            "5.000000" : 134144,
            "10.000000" : 138240,
            "20.000000" : 146432,
            "30.000000" : 152576,
            "40.000000" : 158720,
            "50.000000" : 164864,
            "60.000000" : 173056,
            "70.000000" : 181248,
            "80.000000" : 195584,
            "90.000000" : 224256,
            "95.000000" : 288768,
            "99.000000" : 358400,
            "99.500000" : 387072,
            "99.900000" : 610304,
            "99.950000" : 970752,
            "99.990000" : 2768896
          }
        },
        "lat_ns" : {
          "min" : 129061,
          "max" : 43645369,
          "mean" : 200205.591708,
          "stddev" : 130869.387215
        },
        "bw_min" : 34032,
        "bw_max" : 44336,
        "bw_agg" : 100.000000,
        "bw_mean" : 39853.593220,
        "bw_dev" : 2771.338940,
        "bw_samples" : 59,
        "iops_min" : 8508,
        "iops_max" : 11084,
        "iops_mean" : 9963.355932,
        "iops_stddev" : 692.830719,
        "iops_samples" : 59
      },
      "write" : {
        "io_bytes" : 0,
        "io_kbytes" : 0,
        "bw_bytes" : 0,
        "bw" : 0,
        "iops" : 0.000000,
        "runtime" : 0,
        "total_ios" : 0,
        "short_ios" : 0,
        "drop_ios" : 0,
        "slat_ns" : {
          "min" : 0,
          "max" : 0,
          "mean" : 0.000000,
          "stddev" : 0.000000
        },
        "clat_ns" : {
          "min" : 0,
          "max" : 0,
          "mean" : 0.000000,
          "stddev" : 0.000000,
          "percentile" : {
            "1.000000" : 0,
            "5.000000" : 0,
            "10.000000" : 0,
            "20.000000" : 0,
            "30.000000" : 0,
            "40.000000" : 0,
            "50.000000" : 0,
            "60.000000" : 0,
            "70.000000" : 0,
            "80.000000" : 0,
            "90.000000" : 0,
            "95.000000" : 0,
            "99.000000" : 0,
            "99.500000" : 0,
            "99.900000" : 0,
            "99.950000" : 0,
            "99.990000" : 0
          }
        },
        "lat_ns" : {
          "min" : 0,
          "max" : 0,
          "mean" : 0.000000,
          "stddev" : 0.000000
        },
        "bw_min" : 0,
        "bw_max" : 0,
        "bw_agg" : 0.000000,
        "bw_mean" : 0.000000,
        "bw_dev" : 0.000000,
        "bw_samples" : 0,
        "iops_min" : 0,
        "iops_max" : 0,
        "iops_mean" : 0.000000,
        "iops_stddev" : 0.000000,
        "iops_samples" : 0
      },
      "trim" : {
        "io_bytes" : 0,
        "io_kbytes" : 0,
        "bw_bytes" : 0,
        "bw" : 0,
        "iops" : 0.000000,
        "runtime" : 0,
        "total_ios" : 0,
        "short_ios" : 0,
        "drop_ios" : 0,
        "slat_ns" : {
          "min" : 0,
          "max" : 0,
          "mean" : 0.000000,
          "stddev" : 0.000000
        },
        "clat_ns" : {
          "min" : 0,
          "max" : 0,
          "mean" : 0.000000,
          "stddev" : 0.000000,
          "percentile" : {
            "1.000000" : 0,
            "5.000000" : 0,
            "10.000000" : 0,
            "20.000000" : 0,
            "30.000000" : 0,
            "40.000000" : 0,
            "50.000000" : 0,
            "60.000000" : 0,
            "70.000000" : 0,
            "80.000000" : 0,
            "90.000000" : 0,
            "95.000000" : 0,
            "99.000000" : 0,
            "99.500000" : 0,
            "99.900000" : 0,
            "99.950000" : 0,
            "99.990000" : 0
          }
        },
        "lat_ns" : {
          "min" : 0,
          "max" : 0,
          "mean" : 0.000000,
          "stddev" : 0.000000
        },
        "bw_min" : 0,
        "bw_max" : 0,
        "bw_agg" : 0.000000,
        "bw_mean" : 0.000000,
        "bw_dev" : 0.000000,
        "bw_samples" : 0,
        "iops_min" : 0,
        "iops_max" : 0,
        "iops_mean" : 0.000000,
        "iops_stddev" : 0.000000,
        "iops_samples" : 0
      },
      "sync" : {
        "lat_ns" : {
          "min" : 0,
          "max" : 0,
          "mean" : 0.000000,
          "stddev" : 0.000000,
          "percentile" : {
            "1.000000" : 0,
            "5.000000" : 0,
            "10.000000" : 0,
            "20.000000" : 0,
            "30.000000" : 0,
            "40.000000" : 0,
            "50.000000" : 0,
            "60.000000" : 0,
            "70.000000" : 0,
            "80.000000" : 0,
            "90.000000" : 0,
            "95.000000" : 0,
            "99.000000" : 0,
            "99.500000" : 0,
            "99.900000" : 0,
            "99.950000" : 0,
            "99.990000" : 0
          }
        },
        "total_ios" : 0
      },
      "job_runtime" : 30000,
      "usr_cpu" : 3.750000,
      "sys_cpu" : 13.496667,
      "ctx" : 502825,
      "majf" : 0,
      "minf" : 12,
      "iodepth_level" : {
        "1" : 0.100000,
        "2" : 99.999665,
        "4" : 0.000000,
        "8" : 0.000000,
        "16" : 0.000000,
        "32" : 0.000000,
        ">=64" : 0.000000
      },
      "iodepth_submit" : {
        "0" : 0.000000,
        "4" : 100.000000,
        "8" : 0.000000,
        "16" : 0.000000,
        "32" : 0.000000,
        "64" : 0.000000,
        ">=64" : 0.000000
      },
      "iodepth_complete" : {
        "0" : 0.000000,
        "4" : 100.000000,
        "8" : 0.000000,
        "16" : 0.000000,
        "32" : 0.000000,
        "64" : 0.000000,
        ">=64" : 0.000000
      },
      "latency_ns" : {
        "2" : 0.000000,
        "4" : 0.000000,
        "10" : 0.000000,
        "20" : 0.000000,
        "50" : 0.000000,
        "100" : 0.000000,
        "250" : 0.000000,
        "500" : 0.000000,
        "750" : 0.000000,
        "1000" : 0.000000
      },
      "latency_us" : {
        "2" : 0.000000,
        "4" : 0.010000,
        "10" : 0.010000,
        "20" : 0.000000,
        "50" : 0.010000,
        "100" : 0.010000,
        "250" : 92.602602,
        "500" : 7.252390,
        "750" : 0.059945,
        "1000" : 0.026121
      },
      "latency_ms" : {
        "2" : 0.030475,
        "4" : 0.013731,
        "10" : 0.010000,
        "20" : 0.000000,
        "50" : 0.010000,
        "100" : 0.000000,
        "250" : 0.000000,
        "500" : 0.000000,
        "750" : 0.000000,
        "1000" : 0.000000,
        "2000" : 0.000000,
        ">=2000" : 0.000000
      },
      "latency_depth" : 2,
      "latency_target" : 0,
      "latency_percentile" : 100.000000,
      "latency_window" : 0
    }
  ]
}
