{
  "fio version" : "fio-3.16",
  "timestamp" : 1726137684,
  "timestamp_ms" : 1726137684708,
  "time" : "Thu Sep 12 18:41:24 2024",
  "jobs" : [
    {
      "jobname" : "disktest",
      "groupid" : 0,
      "error" : 0,
      "eta" : 0,
      "elapsed" : 32,
      "job options" : {
        "ioengine" : "libaio",
        "iodepth" : "8",
        "numjobs" : "4",
        "rw" : "read",
        "bs" : "4096k",
        "direct" : "1",
        "buffered" : "0",
        "size" : "14G",
        "runtime" : "30",
        "filename" : "/cephfs/volumes/csi/csi-vol-3f4625bb-1d3f-4b61-bd0d-07af55a377e7/fa3b03a6-1901-4992-8066-fa70579589fd/fio-benchmark/read/train.zip"
      },
      "read" : {
        "io_bytes" : 6459228160,
        "io_kbytes" : 6307840,
        "bw_bytes" : 207165982,
        "bw" : 202310,
        "iops" : 49.392219,
        "runtime" : 31179,
        "total_ios" : 1540,
        "short_ios" : 0,
        "drop_ios" : 0,
        "slat_ns" : {
          "min" : 31160,
          "max" : 2894133,
          "mean" : 214601.057143,
          "stddev" : 325724.402165
        },
        "clat_ns" : {
          "min" : 2320612,
          "max" : 3238014797,
          "mean" : 642455821.694156,
          "stddev" : 844318795.203851,
          "percentile" : {
            "1.000000" : 2932736,
            "5.000000" : 3620864,
            "10.000000" : 4079616,
            "20.000000" : 4620288,
            "30.000000" : 15007744,
            "40.000000" : 20054016,
            "50.000000" : 129499136,
            "60.000000" : 354418688,
            "70.000000" : 985661440,
            "80.000000" : 1434451968,
            "90.000000" : 2122317824,
            "95.000000" : 2432696320,
            "99.000000" : 2801795072,
            "99.500000" : 3036676096,
            "99.900000" : 3170893824,
            "99.950000" : 3238002688,
            "99.990000" : 3238002688
          }
        },
        "lat_ns" : {
          "min" : 2486382,
          "max" : 3238168317,
          "mean" : 642670927.693507,
          "stddev" : 844278396.433853
        },
        "bw_min" : 32734,
        "bw_max" : 630784,
        "bw_agg" : 100.000000,
        "bw_mean" : 205513.915206,
        "bw_dev" : 33337.450546,
        "bw_samples" : 241,
        "iops_min" : 6,
        "iops_max" : 154,
        "iops_mean" : 49.718485,
        "iops_stddev" : 8.171976,
        "iops_samples" : 241
      },
      "write" : {
        "io_bytes" : 0,
        "io_kbytes" : 0,
        "bw_bytes" : 0,
        "bw" : 0,
        "iops" : 0.000000,
        "runtime" : 0,
        "total_ios" : 0,
        "short_ios" : 0,
        "drop_ios" : 0,
        "slat_ns" : {
          "min" : 0,
          "max" : 0,
          "mean" : 0.000000,
          "stddev" : 0.000000
        },
        "clat_ns" : {
          "min" : 0,
          "max" : 0,
          "mean" : 0.000000,
          "stddev" : 0.000000,
          "percentile" : {
            "1.000000" : 0,
            "5.000000" : 0,
            "10.000000" : 0,
            "20.000000" : 0,
            "30.000000" : 0,
            "40.000000" : 0,
            "50.000000" : 0,
            "60.000000" : 0,
            "70.000000" : 0,
            "80.000000" : 0,
            "90.000000" : 0,
            "95.000000" : 0,
            "99.000000" : 0,
            "99.500000" : 0,
            "99.900000" : 0,
            "99.950000" : 0,
            "99.990000" : 0
          }
        },
        "lat_ns" : {
          "min" : 0,
          "max" : 0,
          "mean" : 0.000000,
          "stddev" : 0.000000
        },
        "bw_min" : 0,
        "bw_max" : 0,
        "bw_agg" : 0.000000,
        "bw_mean" : 0.000000,
        "bw_dev" : 0.000000,
        "bw_samples" : 0,
        "iops_min" : 0,
        "iops_max" : 0,
        "iops_mean" : 0.000000,
        "iops_stddev" : 0.000000,
        "iops_samples" : 0
      },
      "trim" : {
        "io_bytes" : 0,
        "io_kbytes" : 0,
        "bw_bytes" : 0,
        "bw" : 0,
        "iops" : 0.000000,
        "runtime" : 0,
        "total_ios" : 0,
        "short_ios" : 0,
        "drop_ios" : 0,
        "slat_ns" : {
          "min" : 0,
          "max" : 0,
          "mean" : 0.000000,
          "stddev" : 0.000000
        },
        "clat_ns" : {
          "min" : 0,
          "max" : 0,
          "mean" : 0.000000,
          "stddev" : 0.000000,
          "percentile" : {
            "1.000000" : 0,
            "5.000000" : 0,
            "10.000000" : 0,
            "20.000000" : 0,
            "30.000000" : 0,
            "40.000000" : 0,
            "50.000000" : 0,
            "60.000000" : 0,
            "70.000000" : 0,
            "80.000000" : 0,
            "90.000000" : 0,
            "95.000000" : 0,
            "99.000000" : 0,
            "99.500000" : 0,
            "99.900000" : 0,
            "99.950000" : 0,
            "99.990000" : 0
          }
        },
        "lat_ns" : {
          "min" : 0,
          "max" : 0,
          "mean" : 0.000000,
          "stddev" : 0.000000
        },
        "bw_min" : 0,
        "bw_max" : 0,
        "bw_agg" : 0.000000,
        "bw_mean" : 0.000000,
        "bw_dev" : 0.000000,
        "bw_samples" : 0,
        "iops_min" : 0,
        "iops_max" : 0,
        "iops_mean" : 0.000000,
        "iops_stddev" : 0.000000,
        "iops_samples" : 0
      },
      "sync" : {
        "lat_ns" : {
          "min" : 0,
          "max" : 0,
          "mean" : 0.000000,
          "stddev" : 0.000000,
          "percentile" : {
            "1.000000" : 0,
            "5.000000" : 0,
            "10.000000" : 0,
            "20.000000" : 0,
            "30.000000" : 0,
            "40.000000" : 0,
            "50.000000" : 0,
            "60.000000" : 0,
            "70.000000" : 0,
            "80.000000" : 0,
            "90.000000" : 0,
            "95.000000" : 0,
            "99.000000" : 0,
            "99.500000" : 0,
            "99.900000" : 0,
            "99.950000" : 0,
            "99.990000" : 0
          }
        },
        "total_ios" : 0
      },
      "job_runtime" : 124203,
      "usr_cpu" : 0.007246,
      "sys_cpu" : 0.274551,
      "ctx" : 1691,
      "majf" : 0,
      "minf" : 32812,
      "iodepth_level" : {
        "1" : 0.259740,
        "2" : 0.519481,
        "4" : 1.038961,
        "8" : 98.181818,
        "16" : 0.000000,
        "32" : 0.000000,
        ">=64" : 0.000000
      },
      "iodepth_submit" : {
        "0" : 0.000000,
        "4" : 100.000000,
        "8" : 0.000000,
        "16" : 0.000000,
        "32" : 0.000000,
        "64" : 0.000000,
        ">=64" : 0.000000
      },
      "iodepth_complete" : {
        "0" : 0.000000,
        "4" : 99.736148,
        "8" : 0.263852,
        "16" : 0.000000,
        "32" : 0.000000,
        "64" : 0.000000,
        ">=64" : 0.000000
      },
      "latency_ns" : {
        "2" : 0.000000,
        "4" : 0.000000,
        "10" : 0.000000,
        "20" : 0.000000,
        "50" : 0.000000,
        "100" : 0.000000,
        "250" : 0.000000,
        "500" : 0.000000,
        "750" : 0.000000,
        "1000" : 0.000000
      },
      "latency_us" : {
        "2" : 0.000000,
        "4" : 0.000000,
        "10" : 0.000000,
        "20" : 0.000000,
        "50" : 0.000000,
        "100" : 0.000000,
        "250" : 0.000000,
        "500" : 0.000000,
        "750" : 0.000000,
        "1000" : 0.000000
      },
      "latency_ms" : {
        "2" : 0.000000,
        "4" : 8.636364,
        "10" : 19.610390,
        "20" : 11.883117,
        "50" : 3.311688,
        "100" : 0.714286,
        "250" : 12.532468,
        "500" : 6.688312,
        "750" : 2.662338,
        "1000" : 4.545455,
        "2000" : 18.571429,
        ">=2000" : 10.844156
      },
      "latency_depth" : 8,
      "latency_target" : 0,
      "latency_percentile" : 100.000000,
      "latency_window" : 0
    }
  ]
}
