{
  "fio version" : "fio-3.16",
  "timestamp" : 1726137717,
  "timestamp_ms" : 1726137717590,
  "time" : "Thu Sep 12 18:41:57 2024",
  "jobs" : [
    {
      "jobname" : "disktest",
      "groupid" : 0,
      "error" : 0,
      "eta" : 0,
      "elapsed" : 33,
      "job options" : {
        "ioengine" : "libaio",
        "iodepth" : "16",
        "numjobs" : "4",
        "rw" : "read",
        "bs" : "4096k",
        "direct" : "1",
        "buffered" : "0",
        "size" : "14G",
        "runtime" : "30",
        "filename" : "/cephfs/volumes/csi/csi-vol-3f4625bb-1d3f-4b61-bd0d-07af55a377e7/fa3b03a6-1901-4992-8066-fa70579589fd/fio-benchmark/read/train.zip"
      },
      "read" : {
        "io_bytes" : 6664749056,
        "io_kbytes" : 6508544,
        "bw_bytes" : 206588421,
        "bw" : 201746,
        "iops" : 49.254518,
        "runtime" : 32261,
        "total_ios" : 1589,
        "short_ios" : 0,
        "drop_ios" : 0,
        "slat_ns" : {
          "min" : 27290,
          "max" : 3828343,
          "mean" : 193792.574575,
          "stddev" : 354189.727609
        },
        "clat_ns" : {
          "min" : 1912602,
          "max" : 5479378964,
          "mean" : 1290605297.926369,
          "stddev" : 1556668713.338021,
          "percentile" : {
            "1.000000" : 2768896,
            "5.000000" : 3555328,
            "10.000000" : 3883008,
            "20.000000" : 4489216,
            "30.000000" : 15532032,
            "40.000000" : 24248320,
            "50.000000" : 198180864,
            "60.000000" : 1400897536,
            "70.000000" : 2399141888,
            "80.000000" : 2936012800,
            "90.000000" : 3707764736,
            "95.000000" : 4278190080,
            "99.000000" : 4865392640,
            "99.500000" : 5066719232,
            "99.900000" : 5335154688,
            "99.950000" : 5469372416,
            "99.990000" : 5469372416
          }
        },
        "lat_ns" : {
          "min" : 1987872,
          "max" : 5479513924,
          "mean" : 1290799572.321587,
          "stddev" : 1556611712.696032
        },
        "bw_min" : 32768,
        "bw_max" : 745472,
        "bw_agg" : 100.000000,
        "bw_mean" : 207097.192831,
        "bw_dev" : 32105.402372,
        "bw_samples" : 242,
        "iops_min" : 8,
        "iops_max" : 182,
        "iops_mean" : 50.480967,
        "iops_stddev" : 7.831001,
        "iops_samples" : 242
      },
      "write" : {
        "io_bytes" : 0,
        "io_kbytes" : 0,
        "bw_bytes" : 0,
        "bw" : 0,
        "iops" : 0.000000,
        "runtime" : 0,
        "total_ios" : 0,
        "short_ios" : 0,
        "drop_ios" : 0,
        "slat_ns" : {
          "min" : 0,
          "max" : 0,
          "mean" : 0.000000,
          "stddev" : 0.000000
        },
        "clat_ns" : {
          "min" : 0,
          "max" : 0,
          "mean" : 0.000000,
          "stddev" : 0.000000,
          "percentile" : {
            "1.000000" : 0,
            "5.000000" : 0,
            "10.000000" : 0,
            "20.000000" : 0,
            "30.000000" : 0,
            "40.000000" : 0,
            "50.000000" : 0,
            "60.000000" : 0,
            "70.000000" : 0,
            "80.000000" : 0,
            "90.000000" : 0,
            "95.000000" : 0,
            "99.000000" : 0,
            "99.500000" : 0,
            "99.900000" : 0,
            "99.950000" : 0,
            "99.990000" : 0
          }
        },
        "lat_ns" : {
          "min" : 0,
          "max" : 0,
          "mean" : 0.000000,
          "stddev" : 0.000000
        },
        "bw_min" : 0,
        "bw_max" : 0,
        "bw_agg" : 0.000000,
        "bw_mean" : 0.000000,
        "bw_dev" : 0.000000,
        "bw_samples" : 0,
        "iops_min" : 0,
        "iops_max" : 0,
        "iops_mean" : 0.000000,
        "iops_stddev" : 0.000000,
        "iops_samples" : 0
      },
      "trim" : {
        "io_bytes" : 0,
        "io_kbytes" : 0,
        "bw_bytes" : 0,
        "bw" : 0,
        "iops" : 0.000000,
        "runtime" : 0,
        "total_ios" : 0,
        "short_ios" : 0,
        "drop_ios" : 0,
        "slat_ns" : {
          "min" : 0,
          "max" : 0,
          "mean" : 0.000000,
          "stddev" : 0.000000
        },
        "clat_ns" : {
          "min" : 0,
          "max" : 0,
          "mean" : 0.000000,
          "stddev" : 0.000000,
          "percentile" : {
            "1.000000" : 0,
            "5.000000" : 0,
            "10.000000" : 0,
            "20.000000" : 0,
            "30.000000" : 0,
            "40.000000" : 0,
            "50.000000" : 0,
            "60.000000" : 0,
            "70.000000" : 0,
            "80.000000" : 0,
            "90.000000" : 0,
            "95.000000" : 0,
            "99.000000" : 0,
            "99.500000" : 0,
            "99.900000" : 0,
            "99.950000" : 0,
            "99.990000" : 0
          }
        },
        "lat_ns" : {
          "min" : 0,
          "max" : 0,
          "mean" : 0.000000,
          "stddev" : 0.000000
        },
        "bw_min" : 0,
        "bw_max" : 0,
        "bw_agg" : 0.000000,
        "bw_mean" : 0.000000,
        "bw_dev" : 0.000000,
        "bw_samples" : 0,
        "iops_min" : 0,
        "iops_max" : 0,
        "iops_mean" : 0.000000,
        "iops_stddev" : 0.000000,
        "iops_samples" : 0
      },
      "sync" : {
        "lat_ns" : {
          "min" : 0,
          "max" : 0,
          "mean" : 0.000000,
          "stddev" : 0.000000,
          "percentile" : {
            "1.000000" : 0,
            "5.000000" : 0,
            "10.000000" : 0,
            "20.000000" : 0,
            "30.000000" : 0,
            "40.000000" : 0,
            "50.000000" : 0,
            "60.000000" : 0,
            "70.000000" : 0,
            "80.000000" : 0,
            "90.000000" : 0,
            "95.000000" : 0,
            "99.000000" : 0,
            "99.500000" : 0,
            "99.900000" : 0,
            "99.950000" : 0,
            "99.990000" : 0
          }
        },
        "total_ios" : 0
      },
      "job_runtime" : 128753,
      "usr_cpu" : 0.007767,
      "sys_cpu" : 0.248538,
      "ctx" : 1801,
      "majf" : 0,
      "minf" : 65582,
      "iodepth_level" : {
        "1" : 0.251731,
        "2" : 0.503461,
        "4" : 1.006923,
        "8" : 2.013845,
        "16" : 96.224040,
        "32" : 0.000000,
        ">=64" : 0.000000
      },
      "iodepth_submit" : {
        "0" : 0.000000,
        "4" : 100.000000,
        "8" : 0.000000,
        "16" : 0.000000,
        "32" : 0.000000,
        "64" : 0.000000,
        ">=64" : 0.000000
      },
      "iodepth_complete" : {
        "0" : 0.000000,
        "4" : 99.739074,
        "8" : 0.000000,
        "16" : 0.260926,
        "32" : 0.000000,
        "64" : 0.000000,
        ">=64" : 0.000000
      },
      "latency_ns" : {
        "2" : 0.000000,
        "4" : 0.000000,
        "10" : 0.000000,
        "20" : 0.000000,
        "50" : 0.000000,
        "100" : 0.000000,
        "250" : 0.000000,
        "500" : 0.000000,
        "750" : 0.000000,
        "1000" : 0.000000
      },
      "latency_us" : {
        "2" : 0.000000,
        "4" : 0.000000,
        "10" : 0.000000,
        "20" : 0.000000,
        "50" : 0.000000,
        "100" : 0.000000,
        "250" : 0.000000,
        "500" : 0.000000,
        "750" : 0.000000,
        "1000" : 0.000000
      },
      "latency_ms" : {
        "2" : 0.125865,
        "4" : 12.146004,
        "10" : 15.670233,
        "20" : 10.509755,
        "50" : 4.405286,
        "100" : 0.818125,
        "250" : 8.370044,
        "500" : 2.831970,
        "750" : 1.321586,
        "1000" : 1.825047,
        "2000" : 8.244179,
        ">=2000" : 33.731907
      },
      "latency_depth" : 16,
      "latency_target" : 0,
      "latency_percentile" : 100.000000,
      "latency_window" : 0
    }
  ]
}
