{
  "fio version" : "fio-3.28",
  "timestamp" : 1723013673,
  "timestamp_ms" : 1723013673868,
  "time" : "Wed Aug  7 14:54:33 2024",
  "jobs" : [
    {
      "jobname" : "disktest",
      "groupid" : 0,
      "error" : 0,
      "eta" : 0,
      "elapsed" : 31,
      "job options" : {
        "ioengine" : "libaio",
        "iodepth" : "2",
        "numjobs" : "1",
        "rw" : "randread",
        "bs" : "4096k",
        "direct" : "1",
        "buffered" : "0",
        "size" : "2G",
        "runtime" : "30"
      },
      "read" : {
        "io_bytes" : 15317598208,
        "io_kbytes" : 14958592,
        "bw_bytes" : 510399460,
        "bw" : 498436,
        "iops" : 121.688714,
        "runtime" : 30011,
        "total_ios" : 3652,
        "short_ios" : 0,
        "drop_ios" : 0,
        "slat_ns" : {
          "min" : 99246,
          "max" : 7563007,
          "mean" : 289283.473713,
          "stddev" : 487168.634562,
          "N" : 3652
        },
        "clat_ns" : {
          "min" : 9062795,
          "max" : 223638691,
          "mean" : 16136156.605148,
          "stddev" : 6416628.605603,
          "N" : 3652,
          "percentile" : {
            "1.000000" : 11075584,
            "5.000000" : 12517376,
            "10.000000" : 13172736,
            "20.000000" : 13959168,
            "30.000000" : 14483456,
            "40.000000" : 14876672,
            "50.000000" : 15269888,
            "60.000000" : 15794176,
            "70.000000" : 16449536,
            "80.000000" : 17170432,
            "90.000000" : 19267584,
            "95.000000" : 21626880,
            "99.000000" : 27131904,
            "99.500000" : 30015488,
            "99.900000" : 121110528,
            "99.950000" : 191889408,
            "99.990000" : 223346688
          }
        },
        "lat_ns" : {
          "min" : 9228420,
          "max" : 223802428,
          "mean" : 16426211.548467,
          "stddev" : 6423582.136424,
          "N" : 3652
        },
        "bw_min" : 262144,
        "bw_max" : 540672,
        "bw_agg" : 100.000000,
        "bw_mean" : 498878.915254,
        "bw_dev" : 45348.955889,
        "bw_samples" : 59,
        "iops_min" : 64,
        "iops_max" : 132,
        "iops_mean" : 121.796610,
        "iops_stddev" : 11.071522,
        "iops_samples" : 59
      },
      "write" : {
        "io_bytes" : 0,
        "io_kbytes" : 0,
        "bw_bytes" : 0,
        "bw" : 0,
        "iops" : 0.000000,
        "runtime" : 0,
        "total_ios" : 0,
        "short_ios" : 0,
        "drop_ios" : 0,
        "slat_ns" : {
          "min" : 0,
          "max" : 0,
          "mean" : 0.000000,
          "stddev" : 0.000000,
          "N" : 0
        },
        "clat_ns" : {
          "min" : 0,
          "max" : 0,
          "mean" : 0.000000,
          "stddev" : 0.000000,
          "N" : 0
        },
        "lat_ns" : {
          "min" : 0,
          "max" : 0,
          "mean" : 0.000000,
          "stddev" : 0.000000,
          "N" : 0
        },
        "bw_min" : 0,
        "bw_max" : 0,
        "bw_agg" : 0.000000,
        "bw_mean" : 0.000000,
        "bw_dev" : 0.000000,
        "bw_samples" : 0,
        "iops_min" : 0,
        "iops_max" : 0,
        "iops_mean" : 0.000000,
        "iops_stddev" : 0.000000,
        "iops_samples" : 0
      },
      "trim" : {
        "io_bytes" : 0,
        "io_kbytes" : 0,
        "bw_bytes" : 0,
        "bw" : 0,
        "iops" : 0.000000,
        "runtime" : 0,
        "total_ios" : 0,
        "short_ios" : 0,
        "drop_ios" : 0,
        "slat_ns" : {
          "min" : 0,
          "max" : 0,
          "mean" : 0.000000,
          "stddev" : 0.000000,
          "N" : 0
        },
        "clat_ns" : {
          "min" : 0,
          "max" : 0,
          "mean" : 0.000000,
          "stddev" : 0.000000,
          "N" : 0
        },
        "lat_ns" : {
          "min" : 0,
          "max" : 0,
          "mean" : 0.000000,
          "stddev" : 0.000000,
          "N" : 0
        },
        "bw_min" : 0,
        "bw_max" : 0,
        "bw_agg" : 0.000000,
        "bw_mean" : 0.000000,
        "bw_dev" : 0.000000,
        "bw_samples" : 0,
        "iops_min" : 0,
        "iops_max" : 0,
        "iops_mean" : 0.000000,
        "iops_stddev" : 0.000000,
        "iops_samples" : 0
      },
      "sync" : {
        "total_ios" : 0,
        "lat_ns" : {
          "min" : 0,
          "max" : 0,
          "mean" : 0.000000,
          "stddev" : 0.000000,
          "N" : 0
        }
      },
      "job_runtime" : 30010,
      "usr_cpu" : 0.193269,
      "sys_cpu" : 3.025658,
      "ctx" : 5007,
      "majf" : 0,
      "minf" : 2057,
      "iodepth_level" : {
        "1" : 0.100000,
        "2" : 99.972618,
        "4" : 0.000000,
        "8" : 0.000000,
        "16" : 0.000000,
        "32" : 0.000000,
        ">=64" : 0.000000
      },
      "iodepth_submit" : {
        "0" : 0.000000,
        "4" : 100.000000,
        "8" : 0.000000,
        "16" : 0.000000,
        "32" : 0.000000,
        "64" : 0.000000,
        ">=64" : 0.000000
      },
      "iodepth_complete" : {
        "0" : 0.000000,
        "4" : 100.000000,
        "8" : 0.000000,
        "16" : 0.000000,
        "32" : 0.000000,
        "64" : 0.000000,
        ">=64" : 0.000000
      },
      "latency_ns" : {
        "2" : 0.000000,
        "4" : 0.000000,
        "10" : 0.000000,
        "20" : 0.000000,
        "50" : 0.000000,
        "100" : 0.000000,
        "250" : 0.000000,
        "500" : 0.000000,
        "750" : 0.000000,
        "1000" : 0.000000
      },
      "latency_us" : {
        "2" : 0.000000,
        "4" : 0.000000,
        "10" : 0.000000,
        "20" : 0.000000,
        "50" : 0.000000,
        "100" : 0.000000,
        "250" : 0.000000,
        "500" : 0.000000,
        "750" : 0.000000,
        "1000" : 0.000000
      },
      "latency_ms" : {
        "2" : 0.000000,
        "4" : 0.000000,
        "10" : 0.109529,
        "20" : 92.031763,
        "50" : 7.584885,
        "100" : 0.164294,
        "250" : 0.109529,
        "500" : 0.000000,
        "750" : 0.000000,
        "1000" : 0.000000,
        "2000" : 0.000000,
        ">=2000" : 0.000000
      },
      "latency_depth" : 2,
      "latency_target" : 0,
      "latency_percentile" : 100.000000,
      "latency_window" : 0
    }
  ]
}
