{
  "fio version" : "fio-3.28",
  "timestamp" : 1723014019,
  "timestamp_ms" : 1723014019772,
  "time" : "Wed Aug  7 15:00:19 2024",
  "jobs" : [
    {
      "jobname" : "disktest",
      "groupid" : 0,
      "error" : 0,
      "eta" : 0,
      "elapsed" : 31,
      "job options" : {
        "ioengine" : "libaio",
        "iodepth" : "16",
        "numjobs" : "4",
        "rw" : "randread",
        "bs" : "4096k",
        "direct" : "1",
        "buffered" : "0",
        "size" : "2G",
        "runtime" : "30"
      },
      "read" : {
        "io_bytes" : 108036882432,
        "io_kbytes" : 105504768,
        "bw_bytes" : 3582956337,
        "bw" : 3498980,
        "iops" : 854.243359,
        "runtime" : 30153,
        "total_ios" : 25758,
        "short_ios" : 0,
        "drop_ios" : 0,
        "slat_ns" : {
          "min" : 63035,
          "max" : 23096794,
          "mean" : 605470.430313,
          "stddev" : 1465373.426776,
          "N" : 25758
        },
        "clat_ns" : {
          "min" : 11726878,
          "max" : 1067475252,
          "mean" : 74174788.560525,
          "stddev" : 95782653.750242,
          "N" : 25758,
          "percentile" : {
            "1.000000" : 15007744,
            "5.000000" : 17432576,
            "10.000000" : 19529728,
            "20.000000" : 23199744,
            "30.000000" : 26869760,
            "40.000000" : 31588352,
            "50.000000" : 37486592,
            "60.000000" : 46923776,
            "70.000000" : 62128128,
            "80.000000" : 92798976,
            "90.000000" : 175112192,
            "95.000000" : 283115520,
            "99.000000" : 480247808,
            "99.500000" : 549453824,
            "99.900000" : 817889280,
            "99.950000" : 868220928,
            "99.990000" : 935329792
          }
        },
        "lat_ns" : {
          "min" : 11994233,
          "max" : 1067625794,
          "mean" : 74781018.210342,
          "stddev" : 95755589.820805,
          "N" : 25758
        },
        "bw_min" : 2580480,
        "bw_max" : 4440064,
        "bw_agg" : 100.000000,
        "bw_mean" : 3508633.600000,
        "bw_dev" : 92356.199845,
        "bw_samples" : 240,
        "iops_min" : 630,
        "iops_max" : 1084,
        "iops_mean" : 856.600000,
        "iops_stddev" : 22.547900,
        "iops_samples" : 240
      },
      "write" : {
        "io_bytes" : 0,
        "io_kbytes" : 0,
        "bw_bytes" : 0,
        "bw" : 0,
        "iops" : 0.000000,
        "runtime" : 0,
        "total_ios" : 0,
        "short_ios" : 0,
        "drop_ios" : 0,
        "slat_ns" : {
          "min" : 0,
          "max" : 0,
          "mean" : 0.000000,
          "stddev" : 0.000000,
          "N" : 0
        },
        "clat_ns" : {
          "min" : 0,
          "max" : 0,
          "mean" : 0.000000,
          "stddev" : 0.000000,
          "N" : 0
        },
        "lat_ns" : {
          "min" : 0,
          "max" : 0,
          "mean" : 0.000000,
          "stddev" : 0.000000,
          "N" : 0
        },
        "bw_min" : 0,
        "bw_max" : 0,
        "bw_agg" : 0.000000,
        "bw_mean" : 0.000000,
        "bw_dev" : 0.000000,
        "bw_samples" : 0,
        "iops_min" : 0,
        "iops_max" : 0,
        "iops_mean" : 0.000000,
        "iops_stddev" : 0.000000,
        "iops_samples" : 0
      },
      "trim" : {
        "io_bytes" : 0,
        "io_kbytes" : 0,
        "bw_bytes" : 0,
        "bw" : 0,
        "iops" : 0.000000,
        "runtime" : 0,
        "total_ios" : 0,
        "short_ios" : 0,
        "drop_ios" : 0,
        "slat_ns" : {
          "min" : 0,
          "max" : 0,
          "mean" : 0.000000,
          "stddev" : 0.000000,
          "N" : 0
        },
        "clat_ns" : {
          "min" : 0,
          "max" : 0,
          "mean" : 0.000000,
          "stddev" : 0.000000,
          "N" : 0
        },
        "lat_ns" : {
          "min" : 0,
          "max" : 0,
          "mean" : 0.000000,
          "stddev" : 0.000000,
          "N" : 0
        },
        "bw_min" : 0,
        "bw_max" : 0,
        "bw_agg" : 0.000000,
        "bw_mean" : 0.000000,
        "bw_dev" : 0.000000,
        "bw_samples" : 0,
        "iops_min" : 0,
        "iops_max" : 0,
        "iops_mean" : 0.000000,
        "iops_stddev" : 0.000000,
        "iops_samples" : 0
      },
      "sync" : {
        "total_ios" : 0,
        "lat_ns" : {
          "min" : 0,
          "max" : 0,
          "mean" : 0.000000,
          "stddev" : 0.000000,
          "N" : 0
        }
      },
      "job_runtime" : 120516,
      "usr_cpu" : 0.266355,
      "sys_cpu" : 9.565535,
      "ctx" : 36460,
      "majf" : 0,
      "minf" : 67759,
      "iodepth_level" : {
        "1" : 0.100000,
        "2" : 0.100000,
        "4" : 0.100000,
        "8" : 0.124233,
        "16" : 99.767063,
        "32" : 0.000000,
        ">=64" : 0.000000
      },
      "iodepth_submit" : {
        "0" : 0.000000,
        "4" : 100.000000,
        "8" : 0.000000,
        "16" : 0.000000,
        "32" : 0.000000,
        "64" : 0.000000,
        ">=64" : 0.000000
      },
      "iodepth_complete" : {
        "0" : 0.000000,
        "4" : 99.984437,
        "8" : 0.000000,
        "16" : 0.100000,
        "32" : 0.000000,
        "64" : 0.000000,
        ">=64" : 0.000000
      },
      "latency_ns" : {
        "2" : 0.000000,
        "4" : 0.000000,
        "10" : 0.000000,
        "20" : 0.000000,
        "50" : 0.000000,
        "100" : 0.000000,
        "250" : 0.000000,
        "500" : 0.000000,
        "750" : 0.000000,
        "1000" : 0.000000
      },
      "latency_us" : {
        "2" : 0.000000,
        "4" : 0.000000,
        "10" : 0.000000,
        "20" : 0.000000,
        "50" : 0.000000,
        "100" : 0.000000,
        "250" : 0.000000,
        "500" : 0.000000,
        "750" : 0.000000,
        "1000" : 0.000000
      },
      "latency_ms" : {
        "2" : 0.000000,
        "4" : 0.000000,
        "10" : 0.000000,
        "20" : 11.149934,
        "50" : 51.327743,
        "100" : 18.918394,
        "250" : 12.365090,
        "500" : 5.408029,
        "750" : 0.659989,
        "1000" : 0.166938,
        "2000" : 0.010000,
        ">=2000" : 0.000000
      },
      "latency_depth" : 16,
      "latency_target" : 0,
      "latency_percentile" : 100.000000,
      "latency_window" : 0
    }
  ]
}
