{
  "fio version" : "fio-3.28",
  "timestamp" : 1723013928,
  "timestamp_ms" : 1723013928055,
  "time" : "Wed Aug  7 14:58:48 2024",
  "jobs" : [
    {
      "jobname" : "disktest",
      "groupid" : 0,
      "error" : 0,
      "eta" : 0,
      "elapsed" : 31,
      "job options" : {
        "ioengine" : "libaio",
        "iodepth" : "2",
        "numjobs" : "4",
        "rw" : "randread",
        "bs" : "4096k",
        "direct" : "1",
        "buffered" : "0",
        "size" : "2G",
        "runtime" : "30"
      },
      "read" : {
        "io_bytes" : 48179970048,
        "io_kbytes" : 47050752,
        "bw_bytes" : 1604822132,
        "bw" : 1567209,
        "iops" : 382.619412,
        "runtime" : 30022,
        "total_ios" : 11487,
        "short_ios" : 0,
        "drop_ios" : 0,
        "slat_ns" : {
          "min" : 82579,
          "max" : 17621726,
          "mean" : 681239.341081,
          "stddev" : 1720730.357973,
          "N" : 11487
        },
        "clat_ns" : {
          "min" : 10086209,
          "max" : 233625924,
          "mean" : 20209788.116392,
          "stddev" : 6261395.854347,
          "N" : 11487,
          "percentile" : {
            "1.000000" : 13041664,
            "5.000000" : 14483456,
            "10.000000" : 15400960,
            "20.000000" : 16318464,
            "30.000000" : 16908288,
            "40.000000" : 17432576,
            "50.000000" : 18219008,
            "60.000000" : 19529728,
            "70.000000" : 21364736,
            "80.000000" : 23724032,
            "90.000000" : 27394048,
            "95.000000" : 31064064,
            "99.000000" : 40632320,
            "99.500000" : 44302336,
            "99.900000" : 53739520,
            "99.950000" : 60555264,
            "99.990000" : 227540992
          }
        },
        "lat_ns" : {
          "min" : 10329274,
          "max" : 233791588,
          "mean" : 20891910.148603,
          "stddev" : 6661735.904582,
          "N" : 11487
        },
        "bw_min" : 1310720,
        "bw_max" : 1810432,
        "bw_agg" : 99.989145,
        "bw_mean" : 1567039.349153,
        "bw_dev" : 23384.994297,
        "bw_samples" : 237,
        "iops_min" : 320,
        "iops_max" : 442,
        "iops_mean" : 382.577966,
        "iops_stddev" : 5.709227,
        "iops_samples" : 237
      },
      "write" : {
        "io_bytes" : 0,
        "io_kbytes" : 0,
        "bw_bytes" : 0,
        "bw" : 0,
        "iops" : 0.000000,
        "runtime" : 0,
        "total_ios" : 0,
        "short_ios" : 0,
        "drop_ios" : 0,
        "slat_ns" : {
          "min" : 0,
          "max" : 0,
          "mean" : 0.000000,
          "stddev" : 0.000000,
          "N" : 0
        },
        "clat_ns" : {
          "min" : 0,
          "max" : 0,
          "mean" : 0.000000,
          "stddev" : 0.000000,
          "N" : 0
        },
        "lat_ns" : {
          "min" : 0,
          "max" : 0,
          "mean" : 0.000000,
          "stddev" : 0.000000,
          "N" : 0
        },
        "bw_min" : 0,
        "bw_max" : 0,
        "bw_agg" : 0.000000,
        "bw_mean" : 0.000000,
        "bw_dev" : 0.000000,
        "bw_samples" : 0,
        "iops_min" : 0,
        "iops_max" : 0,
        "iops_mean" : 0.000000,
        "iops_stddev" : 0.000000,
        "iops_samples" : 0
      },
      "trim" : {
        "io_bytes" : 0,
        "io_kbytes" : 0,
        "bw_bytes" : 0,
        "bw" : 0,
        "iops" : 0.000000,
        "runtime" : 0,
        "total_ios" : 0,
        "short_ios" : 0,
        "drop_ios" : 0,
        "slat_ns" : {
          "min" : 0,
          "max" : 0,
          "mean" : 0.000000,
          "stddev" : 0.000000,
          "N" : 0
        },
        "clat_ns" : {
          "min" : 0,
          "max" : 0,
          "mean" : 0.000000,
          "stddev" : 0.000000,
          "N" : 0
        },
        "lat_ns" : {
          "min" : 0,
          "max" : 0,
          "mean" : 0.000000,
          "stddev" : 0.000000,
          "N" : 0
        },
        "bw_min" : 0,
        "bw_max" : 0,
        "bw_agg" : 0.000000,
        "bw_mean" : 0.000000,
        "bw_dev" : 0.000000,
        "bw_samples" : 0,
        "iops_min" : 0,
        "iops_max" : 0,
        "iops_mean" : 0.000000,
        "iops_stddev" : 0.000000,
        "iops_samples" : 0
      },
      "sync" : {
        "total_ios" : 0,
        "lat_ns" : {
          "min" : 0,
          "max" : 0,
          "mean" : 0.000000,
          "stddev" : 0.000000,
          "N" : 0
        }
      },
      "job_runtime" : 120064,
      "usr_cpu" : 0.129098,
      "sys_cpu" : 4.467617,
      "ctx" : 16669,
      "majf" : 0,
      "minf" : 8237,
      "iodepth_level" : {
        "1" : 0.100000,
        "2" : 99.965178,
        "4" : 0.000000,
        "8" : 0.000000,
        "16" : 0.000000,
        "32" : 0.000000,
        ">=64" : 0.000000
      },
      "iodepth_submit" : {
        "0" : 0.000000,
        "4" : 100.000000,
        "8" : 0.000000,
        "16" : 0.000000,
        "32" : 0.000000,
        "64" : 0.000000,
        ">=64" : 0.000000
      },
      "iodepth_complete" : {
        "0" : 0.000000,
        "4" : 100.000000,
        "8" : 0.000000,
        "16" : 0.000000,
        "32" : 0.000000,
        "64" : 0.000000,
        ">=64" : 0.000000
      },
      "latency_ns" : {
        "2" : 0.000000,
        "4" : 0.000000,
        "10" : 0.000000,
        "20" : 0.000000,
        "50" : 0.000000,
        "100" : 0.000000,
        "250" : 0.000000,
        "500" : 0.000000,
        "750" : 0.000000,
        "1000" : 0.000000
      },
      "latency_us" : {
        "2" : 0.000000,
        "4" : 0.000000,
        "10" : 0.000000,
        "20" : 0.000000,
        "50" : 0.000000,
        "100" : 0.000000,
        "250" : 0.000000,
        "500" : 0.000000,
        "750" : 0.000000,
        "1000" : 0.000000
      },
      "latency_ms" : {
        "2" : 0.000000,
        "4" : 0.000000,
        "10" : 0.000000,
        "20" : 63.297641,
        "50" : 36.493427,
        "100" : 0.191521,
        "250" : 0.017411,
        "500" : 0.000000,
        "750" : 0.000000,
        "1000" : 0.000000,
        "2000" : 0.000000,
        ">=2000" : 0.000000
      },
      "latency_depth" : 2,
      "latency_target" : 0,
      "latency_percentile" : 100.000000,
      "latency_window" : 0
    }
  ]
}
