{
  "fio version" : "fio-3.28",
  "timestamp" : 1723015113,
  "timestamp_ms" : 1723015113122,
  "time" : "Wed Aug  7 15:18:33 2024",
  "jobs" : [
    {
      "jobname" : "disktest",
      "groupid" : 0,
      "error" : 0,
      "eta" : 0,
      "elapsed" : 31,
      "job options" : {
        "ioengine" : "libaio",
        "iodepth" : "8",
        "numjobs" : "4",
        "rw" : "randwrite",
        "bs" : "4k",
        "direct" : "1",
        "buffered" : "0",
        "size" : "2G",
        "runtime" : "30"
      },
      "read" : {
        "io_bytes" : 0,
        "io_kbytes" : 0,
        "bw_bytes" : 0,
        "bw" : 0,
        "iops" : 0.000000,
        "runtime" : 0,
        "total_ios" : 0,
        "short_ios" : 0,
        "drop_ios" : 0,
        "slat_ns" : {
          "min" : 0,
          "max" : 0,
          "mean" : 0.000000,
          "stddev" : 0.000000,
          "N" : 0
        },
        "clat_ns" : {
          "min" : 0,
          "max" : 0,
          "mean" : 0.000000,
          "stddev" : 0.000000,
          "N" : 0
        },
        "lat_ns" : {
          "min" : 0,
          "max" : 0,
          "mean" : 0.000000,
          "stddev" : 0.000000,
          "N" : 0
        },
        "bw_min" : 0,
        "bw_max" : 0,
        "bw_agg" : 0.000000,
        "bw_mean" : 0.000000,
        "bw_dev" : 0.000000,
        "bw_samples" : 0,
        "iops_min" : 0,
        "iops_max" : 0,
        "iops_mean" : 0.000000,
        "iops_stddev" : 0.000000,
        "iops_samples" : 0
      },
      "write" : {
        "io_bytes" : 1935065088,
        "io_kbytes" : 1889712,
        "bw_bytes" : 64495720,
        "bw" : 62984,
        "iops" : 15746.025397,
        "runtime" : 30003,
        "total_ios" : 472428,
        "short_ios" : 0,
        "drop_ios" : 0,
        "slat_ns" : {
          "min" : 8130,
          "max" : 2323958,
          "mean" : 52527.714577,
          "stddev" : 29787.319082,
          "N" : 472428
        },
        "clat_ns" : {
          "min" : 500840,
          "max" : 635316774,
          "mean" : 1975746.916226,
          "stddev" : 4670189.323181,
          "N" : 472428,
          "percentile" : {
            "1.000000" : 897024,
            "5.000000" : 1019904,
            "10.000000" : 1105920,
            "20.000000" : 1220608,
            "30.000000" : 1318912,
            "40.000000" : 1417216,
            "50.000000" : 1515520,
            "60.000000" : 1630208,
            "70.000000" : 1761280,
            "80.000000" : 1974272,
            "90.000000" : 2506752,
            "95.000000" : 4227072,
            "99.000000" : 9109504,
            "99.500000" : 12648448,
            "99.900000" : 34340864,
            "99.950000" : 66322432,
            "99.990000" : 177209344
          }
        },
        "lat_ns" : {
          "min" : 683820,
          "max" : 635337855,
          "mean" : 2028743.193991,
          "stddev" : 4670353.581160,
          "N" : 472428
        },
        "bw_min" : 9752,
        "bw_max" : 72856,
        "bw_agg" : 99.831542,
        "bw_mean" : 62878.101695,
        "bw_dev" : 2761.230802,
        "bw_samples" : 236,
        "iops_min" : 2438,
        "iops_max" : 18214,
        "iops_mean" : 15719.525424,
        "iops_stddev" : 690.307701,
        "iops_samples" : 236
      },
      "trim" : {
        "io_bytes" : 0,
        "io_kbytes" : 0,
        "bw_bytes" : 0,
        "bw" : 0,
        "iops" : 0.000000,
        "runtime" : 0,
        "total_ios" : 0,
        "short_ios" : 0,
        "drop_ios" : 0,
        "slat_ns" : {
          "min" : 0,
          "max" : 0,
          "mean" : 0.000000,
          "stddev" : 0.000000,
          "N" : 0
        },
        "clat_ns" : {
          "min" : 0,
          "max" : 0,
          "mean" : 0.000000,
          "stddev" : 0.000000,
          "N" : 0
        },
        "lat_ns" : {
          "min" : 0,
          "max" : 0,
          "mean" : 0.000000,
          "stddev" : 0.000000,
          "N" : 0
        },
        "bw_min" : 0,
        "bw_max" : 0,
        "bw_agg" : 0.000000,
        "bw_mean" : 0.000000,
        "bw_dev" : 0.000000,
        "bw_samples" : 0,
        "iops_min" : 0,
        "iops_max" : 0,
        "iops_mean" : 0.000000,
        "iops_stddev" : 0.000000,
        "iops_samples" : 0
      },
      "sync" : {
        "total_ios" : 0,
        "lat_ns" : {
          "min" : 0,
          "max" : 0,
          "mean" : 0.000000,
          "stddev" : 0.000000,
          "N" : 0
        }
      },
      "job_runtime" : 120005,
      "usr_cpu" : 3.181534,
      "sys_cpu" : 14.688555,
      "ctx" : 548374,
      "majf" : 0,
      "minf" : 104,
      "iodepth_level" : {
        "1" : 0.100000,
        "2" : 0.100000,
        "4" : 0.100000,
        "8" : 99.994073,
        "16" : 0.000000,
        "32" : 0.000000,
        ">=64" : 0.000000
      },
      "iodepth_submit" : {
        "0" : 0.000000,
        "4" : 100.000000,
        "8" : 0.000000,
        "16" : 0.000000,
        "32" : 0.000000,
        "64" : 0.000000,
        ">=64" : 0.000000
      },
      "iodepth_complete" : {
        "0" : 0.000000,
        "4" : 99.999153,
        "8" : 0.100000,
        "16" : 0.000000,
        "32" : 0.000000,
        "64" : 0.000000,
        ">=64" : 0.000000
      },
      "latency_ns" : {
        "2" : 0.000000,
        "4" : 0.000000,
        "10" : 0.000000,
        "20" : 0.000000,
        "50" : 0.000000,
        "100" : 0.000000,
        "250" : 0.000000,
        "500" : 0.000000,
        "750" : 0.000000,
        "1000" : 0.000000
      },
      "latency_us" : {
        "2" : 0.000000,
        "4" : 0.000000,
        "10" : 0.000000,
        "20" : 0.000000,
        "50" : 0.000000,
        "100" : 0.000000,
        "250" : 0.000000,
        "500" : 0.000000,
        "750" : 0.022014,
        "1000" : 4.070673
      },
      "latency_ms" : {
        "2" : 77.100003,
        "4" : 13.485229,
        "10" : 4.509470,
        "20" : 0.628244,
        "50" : 0.112610,
        "100" : 0.042123,
        "250" : 0.023919,
        "500" : 0.010000,
        "750" : 0.010000,
        "1000" : 0.000000,
        "2000" : 0.000000,
        ">=2000" : 0.000000
      },
      "latency_depth" : 8,
      "latency_target" : 0,
      "latency_percentile" : 100.000000,
      "latency_window" : 0
    }
  ]
}
