{
  "fio version" : "fio-3.28",
  "timestamp" : 1723015052,
  "timestamp_ms" : 1723015052094,
  "time" : "Wed Aug  7 15:17:32 2024",
  "jobs" : [
    {
      "jobname" : "disktest",
      "groupid" : 0,
      "error" : 0,
      "eta" : 0,
      "elapsed" : 31,
      "job options" : {
        "ioengine" : "libaio",
        "iodepth" : "2",
        "numjobs" : "4",
        "rw" : "randwrite",
        "bs" : "4k",
        "direct" : "1",
        "buffered" : "0",
        "size" : "2G",
        "runtime" : "30"
      },
      "read" : {
        "io_bytes" : 0,
        "io_kbytes" : 0,
        "bw_bytes" : 0,
        "bw" : 0,
        "iops" : 0.000000,
        "runtime" : 0,
        "total_ios" : 0,
        "short_ios" : 0,
        "drop_ios" : 0,
        "slat_ns" : {
          "min" : 0,
          "max" : 0,
          "mean" : 0.000000,
          "stddev" : 0.000000,
          "N" : 0
        },
        "clat_ns" : {
          "min" : 0,
          "max" : 0,
          "mean" : 0.000000,
          "stddev" : 0.000000,
          "N" : 0
        },
        "lat_ns" : {
          "min" : 0,
          "max" : 0,
          "mean" : 0.000000,
          "stddev" : 0.000000,
          "N" : 0
        },
        "bw_min" : 0,
        "bw_max" : 0,
        "bw_agg" : 0.000000,
        "bw_mean" : 0.000000,
        "bw_dev" : 0.000000,
        "bw_samples" : 0,
        "iops_min" : 0,
        "iops_max" : 0,
        "iops_mean" : 0.000000,
        "iops_stddev" : 0.000000,
        "iops_samples" : 0
      },
      "write" : {
        "io_bytes" : 606687232,
        "io_kbytes" : 592468,
        "bw_bytes" : 20220211,
        "bw" : 19746,
        "iops" : 4936.575123,
        "runtime" : 30004,
        "total_ios" : 148117,
        "short_ios" : 0,
        "drop_ios" : 0,
        "slat_ns" : {
          "min" : 9353,
          "max" : 3112641,
          "mean" : 49388.007622,
          "stddev" : 29451.218007,
          "N" : 148117
        },
        "clat_ns" : {
          "min" : 735917,
          "max" : 682643032,
          "mean" : 1565864.489134,
          "stddev" : 3879280.211166,
          "N" : 148117,
          "percentile" : {
            "1.000000" : 962560,
            "5.000000" : 1073152,
            "10.000000" : 1122304,
            "20.000000" : 1204224,
            "30.000000" : 1269760,
            "40.000000" : 1318912,
            "50.000000" : 1368064,
            "60.000000" : 1417216,
            "70.000000" : 1482752,
            "80.000000" : 1548288,
            "90.000000" : 1695744,
            "95.000000" : 2113536,
            "99.000000" : 6258688,
            "99.500000" : 7503872,
            "99.900000" : 13565952,
            "99.950000" : 25559040,
            "99.990000" : 72876032
          }
        },
        "lat_ns" : {
          "min" : 776728,
          "max" : 682692859,
          "mean" : 1615764.396497,
          "stddev" : 3879374.206266,
          "N" : 148117
        },
        "bw_min" : 1088,
        "bw_max" : 22456,
        "bw_agg" : 99.973161,
        "bw_mean" : 19741.694915,
        "bw_dev" : 820.130322,
        "bw_samples" : 236,
        "iops_min" : 272,
        "iops_max" : 5614,
        "iops_mean" : 4935.423729,
        "iops_stddev" : 205.032580,
        "iops_samples" : 236
      },
      "trim" : {
        "io_bytes" : 0,
        "io_kbytes" : 0,
        "bw_bytes" : 0,
        "bw" : 0,
        "iops" : 0.000000,
        "runtime" : 0,
        "total_ios" : 0,
        "short_ios" : 0,
        "drop_ios" : 0,
        "slat_ns" : {
          "min" : 0,
          "max" : 0,
          "mean" : 0.000000,
          "stddev" : 0.000000,
          "N" : 0
        },
        "clat_ns" : {
          "min" : 0,
          "max" : 0,
          "mean" : 0.000000,
          "stddev" : 0.000000,
          "N" : 0
        },
        "lat_ns" : {
          "min" : 0,
          "max" : 0,
          "mean" : 0.000000,
          "stddev" : 0.000000,
          "N" : 0
        },
        "bw_min" : 0,
        "bw_max" : 0,
        "bw_agg" : 0.000000,
        "bw_mean" : 0.000000,
        "bw_dev" : 0.000000,
        "bw_samples" : 0,
        "iops_min" : 0,
        "iops_max" : 0,
        "iops_mean" : 0.000000,
        "iops_stddev" : 0.000000,
        "iops_samples" : 0
      },
      "sync" : {
        "total_ios" : 0,
        "lat_ns" : {
          "min" : 0,
          "max" : 0,
          "mean" : 0.000000,
          "stddev" : 0.000000,
          "N" : 0
        }
      },
      "job_runtime" : 120006,
      "usr_cpu" : 1.340766,
      "sys_cpu" : 6.011366,
      "ctx" : 160857,
      "majf" : 0,
      "minf" : 90,
      "iodepth_level" : {
        "1" : 0.100000,
        "2" : 99.997299,
        "4" : 0.000000,
        "8" : 0.000000,
        "16" : 0.000000,
        "32" : 0.000000,
        ">=64" : 0.000000
      },
      "iodepth_submit" : {
        "0" : 0.000000,
        "4" : 100.000000,
        "8" : 0.000000,
        "16" : 0.000000,
        "32" : 0.000000,
        "64" : 0.000000,
        ">=64" : 0.000000
      },
      "iodepth_complete" : {
        "0" : 0.000000,
        "4" : 100.000000,
        "8" : 0.000000,
        "16" : 0.000000,
        "32" : 0.000000,
        "64" : 0.000000,
        ">=64" : 0.000000
      },
      "latency_ns" : {
        "2" : 0.000000,
        "4" : 0.000000,
        "10" : 0.000000,
        "20" : 0.000000,
        "50" : 0.000000,
        "100" : 0.000000,
        "250" : 0.000000,
        "500" : 0.000000,
        "750" : 0.000000,
        "1000" : 0.000000
      },
      "latency_us" : {
        "2" : 0.000000,
        "4" : 0.000000,
        "10" : 0.000000,
        "20" : 0.000000,
        "50" : 0.000000,
        "100" : 0.000000,
        "250" : 0.000000,
        "500" : 0.000000,
        "750" : 0.010000,
        "1000" : 1.912677
      },
      "latency_ms" : {
        "2" : 92.699015,
        "4" : 3.206249,
        "10" : 2.004496,
        "20" : 0.112074,
        "50" : 0.045910,
        "100" : 0.010000,
        "250" : 0.010000,
        "500" : 0.010000,
        "750" : 0.010000,
        "1000" : 0.000000,
        "2000" : 0.000000,
        ">=2000" : 0.000000
      },
      "latency_depth" : 2,
      "latency_target" : 0,
      "latency_percentile" : 100.000000,
      "latency_window" : 0
    }
  ]
}
