{
  "fio version" : "fio-3.28",
  "timestamp" : 1723015143,
  "timestamp_ms" : 1723015143609,
  "time" : "Wed Aug  7 15:19:03 2024",
  "jobs" : [
    {
      "jobname" : "disktest",
      "groupid" : 0,
      "error" : 0,
      "eta" : 0,
      "elapsed" : 31,
      "job options" : {
        "ioengine" : "libaio",
        "iodepth" : "16",
        "numjobs" : "4",
        "rw" : "randwrite",
        "bs" : "4k",
        "direct" : "1",
        "buffered" : "0",
        "size" : "2G",
        "runtime" : "30"
      },
      "read" : {
        "io_bytes" : 0,
        "io_kbytes" : 0,
        "bw_bytes" : 0,
        "bw" : 0,
        "iops" : 0.000000,
        "runtime" : 0,
        "total_ios" : 0,
        "short_ios" : 0,
        "drop_ios" : 0,
        "slat_ns" : {
          "min" : 0,
          "max" : 0,
          "mean" : 0.000000,
          "stddev" : 0.000000,
          "N" : 0
        },
        "clat_ns" : {
          "min" : 0,
          "max" : 0,
          "mean" : 0.000000,
          "stddev" : 0.000000,
          "N" : 0
        },
        "lat_ns" : {
          "min" : 0,
          "max" : 0,
          "mean" : 0.000000,
          "stddev" : 0.000000,
          "N" : 0
        },
        "bw_min" : 0,
        "bw_max" : 0,
        "bw_agg" : 0.000000,
        "bw_mean" : 0.000000,
        "bw_dev" : 0.000000,
        "bw_samples" : 0,
        "iops_min" : 0,
        "iops_max" : 0,
        "iops_mean" : 0.000000,
        "iops_stddev" : 0.000000,
        "iops_samples" : 0
      },
      "write" : {
        "io_bytes" : 2420797440,
        "io_kbytes" : 2364060,
        "bw_bytes" : 80679801,
        "bw" : 78788,
        "iops" : 19697.217130,
        "runtime" : 30005,
        "total_ios" : 591015,
        "short_ios" : 0,
        "drop_ios" : 0,
        "slat_ns" : {
          "min" : 9390,
          "max" : 4875523,
          "mean" : 56506.051209,
          "stddev" : 32563.950783,
          "N" : 591015
        },
        "clat_ns" : {
          "min" : 475982,
          "max" : 352428157,
          "mean" : 3189057.873783,
          "stddev" : 3386048.318070,
          "N" : 591015,
          "percentile" : {
            "1.000000" : 897024,
            "5.000000" : 1056768,
            "10.000000" : 1187840,
            "20.000000" : 1662976,
            "30.000000" : 2211840,
            "40.000000" : 2539520,
            "50.000000" : 2834432,
            "60.000000" : 3129344,
            "70.000000" : 3522560,
            "80.000000" : 4079616,
            "90.000000" : 4947968,
            "95.000000" : 5996544,
            "99.000000" : 11337728,
            "99.500000" : 17170432,
            "99.900000" : 30801920,
            "99.950000" : 36962304,
            "99.990000" : 98041856
          }
        },
        "lat_ns" : {
          "min" : 695987,
          "max" : 352485579,
          "mean" : 3245955.122897,
          "stddev" : 3386067.759132,
          "N" : 591015
        },
        "bw_min" : 41680,
        "bw_max" : 86440,
        "bw_agg" : 99.958283,
        "bw_mean" : 78756.355932,
        "bw_dev" : 1948.800338,
        "bw_samples" : 236,
        "iops_min" : 10420,
        "iops_max" : 21610,
        "iops_mean" : 19689.084746,
        "iops_stddev" : 487.200138,
        "iops_samples" : 236
      },
      "trim" : {
        "io_bytes" : 0,
        "io_kbytes" : 0,
        "bw_bytes" : 0,
        "bw" : 0,
        "iops" : 0.000000,
        "runtime" : 0,
        "total_ios" : 0,
        "short_ios" : 0,
        "drop_ios" : 0,
        "slat_ns" : {
          "min" : 0,
          "max" : 0,
          "mean" : 0.000000,
          "stddev" : 0.000000,
          "N" : 0
        },
        "clat_ns" : {
          "min" : 0,
          "max" : 0,
          "mean" : 0.000000,
          "stddev" : 0.000000,
          "N" : 0
        },
        "lat_ns" : {
          "min" : 0,
          "max" : 0,
          "mean" : 0.000000,
          "stddev" : 0.000000,
          "N" : 0
        },
        "bw_min" : 0,
        "bw_max" : 0,
        "bw_agg" : 0.000000,
        "bw_mean" : 0.000000,
        "bw_dev" : 0.000000,
        "bw_samples" : 0,
        "iops_min" : 0,
        "iops_max" : 0,
        "iops_mean" : 0.000000,
        "iops_stddev" : 0.000000,
        "iops_samples" : 0
      },
      "sync" : {
        "total_ios" : 0,
        "lat_ns" : {
          "min" : 0,
          "max" : 0,
          "mean" : 0.000000,
          "stddev" : 0.000000,
          "N" : 0
        }
      },
      "job_runtime" : 120015,
      "usr_cpu" : 3.693705,
      "sys_cpu" : 17.767779,
      "ctx" : 693138,
      "majf" : 0,
      "minf" : 702,
      "iodepth_level" : {
        "1" : 0.100000,
        "2" : 0.100000,
        "4" : 0.100000,
        "8" : 0.100000,
        "16" : 99.989848,
        "32" : 0.000000,
        ">=64" : 0.000000
      },
      "iodepth_submit" : {
        "0" : 0.000000,
        "4" : 100.000000,
        "8" : 0.000000,
        "16" : 0.000000,
        "32" : 0.000000,
        "64" : 0.000000,
        ">=64" : 0.000000
      },
      "iodepth_complete" : {
        "0" : 0.000000,
        "4" : 99.999323,
        "8" : 0.000000,
        "16" : 0.100000,
        "32" : 0.000000,
        "64" : 0.000000,
        ">=64" : 0.000000
      },
      "latency_ns" : {
        "2" : 0.000000,
        "4" : 0.000000,
        "10" : 0.000000,
        "20" : 0.000000,
        "50" : 0.000000,
        "100" : 0.000000,
        "250" : 0.000000,
        "500" : 0.000000,
        "750" : 0.000000,
        "1000" : 0.000000
      },
      "latency_us" : {
        "2" : 0.000000,
        "4" : 0.000000,
        "10" : 0.000000,
        "20" : 0.000000,
        "50" : 0.000000,
        "100" : 0.000000,
        "250" : 0.000000,
        "500" : 0.010000,
        "750" : 0.025380,
        "1000" : 3.280627
      },
      "latency_ms" : {
        "2" : 22.131756,
        "4" : 53.585950,
        "10" : 19.691548,
        "20" : 0.918420,
        "50" : 0.347707,
        "100" : 0.010000,
        "250" : 0.010000,
        "500" : 0.010000,
        "750" : 0.000000,
        "1000" : 0.000000,
        "2000" : 0.000000,
        ">=2000" : 0.000000
      },
      "latency_depth" : 16,
      "latency_target" : 0,
      "latency_percentile" : 100.000000,
      "latency_window" : 0
    }
  ]
}
