{
  "fio version" : "fio-3.28",
  "timestamp" : 1724153166,
  "timestamp_ms" : 1724153166803,
  "time" : "Tue Aug 20 19:26:06 2024",
  "jobs" : [
    {
      "jobname" : "disktest",
      "groupid" : 0,
      "error" : 0,
      "eta" : 0,
      "elapsed" : 31,
      "job options" : {
        "ioengine" : "libaio",
        "iodepth" : "16",
        "numjobs" : "1",
        "rw" : "write",
        "bs" : "4096k",
        "direct" : "1",
        "buffered" : "0",
        "size" : "2G",
        "runtime" : "30"
      },
      "read" : {
        "io_bytes" : 0,
        "io_kbytes" : 0,
        "bw_bytes" : 0,
        "bw" : 0,
        "iops" : 0.000000,
        "runtime" : 0,
        "total_ios" : 0,
        "short_ios" : 0,
        "drop_ios" : 0,
        "slat_ns" : {
          "min" : 0,
          "max" : 0,
          "mean" : 0.000000,
          "stddev" : 0.000000,
          "N" : 0
        },
        "clat_ns" : {
          "min" : 0,
          "max" : 0,
          "mean" : 0.000000,
          "stddev" : 0.000000,
          "N" : 0
        },
        "lat_ns" : {
          "min" : 0,
          "max" : 0,
          "mean" : 0.000000,
          "stddev" : 0.000000,
          "N" : 0
        },
        "bw_min" : 0,
        "bw_max" : 0,
        "bw_agg" : 0.000000,
        "bw_mean" : 0.000000,
        "bw_dev" : 0.000000,
        "bw_samples" : 0,
        "iops_min" : 0,
        "iops_max" : 0,
        "iops_mean" : 0.000000,
        "iops_stddev" : 0.000000,
        "iops_samples" : 0
      },
      "write" : {
        "io_bytes" : 3418357760,
        "io_kbytes" : 3338240,
        "bw_bytes" : 112132450,
        "bw" : 109504,
        "iops" : 26.734460,
        "runtime" : 30485,
        "total_ios" : 815,
        "short_ios" : 0,
        "drop_ios" : 0,
        "slat_ns" : {
          "min" : 95493,
          "max" : 1485112,
          "mean" : 230449.204908,
          "stddev" : 114891.296404,
          "N" : 815
        },
        "clat_ns" : {
          "min" : 173684905,
          "max" : 1545956064,
          "mean" : 597616110.798772,
          "stddev" : 234350902.802174,
          "N" : 815,
          "percentile" : {
            "1.000000" : 256901120,
            "5.000000" : 320864256,
            "10.000000" : 346030080,
            "20.000000" : 400556032,
            "30.000000" : 446693376,
            "40.000000" : 492830720,
            "50.000000" : 541065216,
            "60.000000" : 608174080,
            "70.000000" : 675282944,
            "80.000000" : 767557632,
            "90.000000" : 943718400,
            "95.000000" : 1082130432,
            "99.000000" : 1300234240,
            "99.500000" : 1333788672,
            "99.900000" : 1551892480,
            "99.950000" : 1551892480,
            "99.990000" : 1551892480
          }
        },
        "lat_ns" : {
          "min" : 174397999,
          "max" : 1546194019,
          "mean" : 597847064.598773,
          "stddev" : 234340664.059079,
          "N" : 815
        },
        "bw_min" : 40960,
        "bw_max" : 139264,
        "bw_agg" : 99.621617,
        "bw_mean" : 109090.133333,
        "bw_dev" : 14738.784615,
        "bw_samples" : 60,
        "iops_min" : 10,
        "iops_max" : 34,
        "iops_mean" : 26.633333,
        "iops_stddev" : 3.598336,
        "iops_samples" : 60
      },
      "trim" : {
        "io_bytes" : 0,
        "io_kbytes" : 0,
        "bw_bytes" : 0,
        "bw" : 0,
        "iops" : 0.000000,
        "runtime" : 0,
        "total_ios" : 0,
        "short_ios" : 0,
        "drop_ios" : 0,
        "slat_ns" : {
          "min" : 0,
          "max" : 0,
          "mean" : 0.000000,
          "stddev" : 0.000000,
          "N" : 0
        },
        "clat_ns" : {
          "min" : 0,
          "max" : 0,
          "mean" : 0.000000,
          "stddev" : 0.000000,
          "N" : 0
        },
        "lat_ns" : {
          "min" : 0,
          "max" : 0,
          "mean" : 0.000000,
          "stddev" : 0.000000,
          "N" : 0
        },
        "bw_min" : 0,
        "bw_max" : 0,
        "bw_agg" : 0.000000,
        "bw_mean" : 0.000000,
        "bw_dev" : 0.000000,
        "bw_samples" : 0,
        "iops_min" : 0,
        "iops_max" : 0,
        "iops_mean" : 0.000000,
        "iops_stddev" : 0.000000,
        "iops_samples" : 0
      },
      "sync" : {
        "total_ios" : 0,
        "lat_ns" : {
          "min" : 0,
          "max" : 0,
          "mean" : 0.000000,
          "stddev" : 0.000000,
          "N" : 0
        }
      },
      "job_runtime" : 30484,
      "usr_cpu" : 0.288676,
      "sys_cpu" : 0.341163,
      "ctx" : 830,
      "majf" : 0,
      "minf" : 9,
      "iodepth_level" : {
        "1" : 0.122699,
        "2" : 0.245399,
        "4" : 0.490798,
        "8" : 0.981595,
        "16" : 98.159509,
        "32" : 0.000000,
        ">=64" : 0.000000
      },
      "iodepth_submit" : {
        "0" : 0.000000,
        "4" : 100.000000,
        "8" : 0.000000,
        "16" : 0.000000,
        "32" : 0.000000,
        "64" : 0.000000,
        ">=64" : 0.000000
      },
      "iodepth_complete" : {
        "0" : 0.000000,
        "4" : 99.875156,
        "8" : 0.000000,
        "16" : 0.124844,
        "32" : 0.000000,
        "64" : 0.000000,
        ">=64" : 0.000000
      },
      "latency_ns" : {
        "2" : 0.000000,
        "4" : 0.000000,
        "10" : 0.000000,
        "20" : 0.000000,
        "50" : 0.000000,
        "100" : 0.000000,
        "250" : 0.000000,
        "500" : 0.000000,
        "750" : 0.000000,
        "1000" : 0.000000
      },
      "latency_us" : {
        "2" : 0.000000,
        "4" : 0.000000,
        "10" : 0.000000,
        "20" : 0.000000,
        "50" : 0.000000,
        "100" : 0.000000,
        "250" : 0.000000,
        "500" : 0.000000,
        "750" : 0.000000,
        "1000" : 0.000000
      },
      "latency_ms" : {
        "2" : 0.000000,
        "4" : 0.000000,
        "10" : 0.000000,
        "20" : 0.000000,
        "50" : 0.000000,
        "100" : 0.000000,
        "250" : 0.858896,
        "500" : 40.613497,
        "750" : 36.564417,
        "1000" : 13.865031,
        "2000" : 8.098160,
        ">=2000" : 0.000000
      },
      "latency_depth" : 16,
      "latency_target" : 0,
      "latency_percentile" : 100.000000,
      "latency_window" : 0
    }
  ]
}
