{
  "fio version" : "fio-3.28",
  "timestamp" : 1724153323,
  "timestamp_ms" : 1724153323056,
  "time" : "Tue Aug 20 19:28:43 2024",
  "jobs" : [
    {
      "jobname" : "disktest",
      "groupid" : 0,
      "error" : 0,
      "eta" : 0,
      "elapsed" : 33,
      "job options" : {
        "ioengine" : "libaio",
        "iodepth" : "16",
        "numjobs" : "4",
        "rw" : "write",
        "bs" : "4096k",
        "direct" : "1",
        "buffered" : "0",
        "size" : "2G",
        "runtime" : "30"
      },
      "read" : {
        "io_bytes" : 0,
        "io_kbytes" : 0,
        "bw_bytes" : 0,
        "bw" : 0,
        "iops" : 0.000000,
        "runtime" : 0,
        "total_ios" : 0,
        "short_ios" : 0,
        "drop_ios" : 0,
        "slat_ns" : {
          "min" : 0,
          "max" : 0,
          "mean" : 0.000000,
          "stddev" : 0.000000,
          "N" : 0
        },
        "clat_ns" : {
          "min" : 0,
          "max" : 0,
          "mean" : 0.000000,
          "stddev" : 0.000000,
          "N" : 0
        },
        "lat_ns" : {
          "min" : 0,
          "max" : 0,
          "mean" : 0.000000,
          "stddev" : 0.000000,
          "N" : 0
        },
        "bw_min" : 0,
        "bw_max" : 0,
        "bw_agg" : 0.000000,
        "bw_mean" : 0.000000,
        "bw_dev" : 0.000000,
        "bw_samples" : 0,
        "iops_min" : 0,
        "iops_max" : 0,
        "iops_mean" : 0.000000,
        "iops_stddev" : 0.000000,
        "iops_samples" : 0
      },
      "write" : {
        "io_bytes" : 3695181824,
        "io_kbytes" : 3608576,
        "bw_bytes" : 114953548,
        "bw" : 112259,
        "iops" : 27.407062,
        "runtime" : 32145,
        "total_ios" : 881,
        "short_ios" : 0,
        "drop_ios" : 0,
        "slat_ns" : {
          "min" : 87998,
          "max" : 11370837,
          "mean" : 324136.446084,
          "stddev" : 880284.362008,
          "N" : 881
        },
        "clat_ns" : {
          "min" : 214500956,
          "max" : 6744338157,
          "mean" : 2318912736.088535,
          "stddev" : 1845881967.699251,
          "N" : 881,
          "percentile" : {
            "1.000000" : 308281344,
            "5.000000" : 387973120,
            "10.000000" : 434110464,
            "20.000000" : 509607936,
            "30.000000" : 608174080,
            "40.000000" : 792723456,
            "50.000000" : 2088763392,
            "60.000000" : 3036676096,
            "70.000000" : 3539992576,
            "80.000000" : 3942645760,
            "90.000000" : 4999610368,
            "95.000000" : 5670699008,
            "99.000000" : 6274678784,
            "99.500000" : 6476005376,
            "99.900000" : 6744440832,
            "99.950000" : 6744440832,
            "99.990000" : 6744440832
          }
        },
        "lat_ns" : {
          "min" : 215188001,
          "max" : 6744489436,
          "mean" : 2319237471.488082,
          "stddev" : 1845840902.272279,
          "N" : 881
        },
        "bw_min" : 32768,
        "bw_max" : 221184,
        "bw_agg" : 100.000000,
        "bw_mean" : 112963.129206,
        "bw_dev" : 12748.008654,
        "bw_samples" : 238,
        "iops_min" : 8,
        "iops_max" : 54,
        "iops_mean" : 27.578757,
        "iops_stddev" : 3.112336,
        "iops_samples" : 238
      },
      "trim" : {
        "io_bytes" : 0,
        "io_kbytes" : 0,
        "bw_bytes" : 0,
        "bw" : 0,
        "iops" : 0.000000,
        "runtime" : 0,
        "total_ios" : 0,
        "short_ios" : 0,
        "drop_ios" : 0,
        "slat_ns" : {
          "min" : 0,
          "max" : 0,
          "mean" : 0.000000,
          "stddev" : 0.000000,
          "N" : 0
        },
        "clat_ns" : {
          "min" : 0,
          "max" : 0,
          "mean" : 0.000000,
          "stddev" : 0.000000,
          "N" : 0
        },
        "lat_ns" : {
          "min" : 0,
          "max" : 0,
          "mean" : 0.000000,
          "stddev" : 0.000000,
          "N" : 0
        },
        "bw_min" : 0,
        "bw_max" : 0,
        "bw_agg" : 0.000000,
        "bw_mean" : 0.000000,
        "bw_dev" : 0.000000,
        "bw_samples" : 0,
        "iops_min" : 0,
        "iops_max" : 0,
        "iops_mean" : 0.000000,
        "iops_stddev" : 0.000000,
        "iops_samples" : 0
      },
      "sync" : {
        "total_ios" : 0,
        "lat_ns" : {
          "min" : 0,
          "max" : 0,
          "mean" : 0.000000,
          "stddev" : 0.000000,
          "N" : 0
        }
      },
      "job_runtime" : 128198,
      "usr_cpu" : 0.088145,
      "sys_cpu" : 0.083465,
      "ctx" : 917,
      "majf" : 0,
      "minf" : 42,
      "iodepth_level" : {
        "1" : 0.454030,
        "2" : 0.908059,
        "4" : 1.816118,
        "8" : 3.632236,
        "16" : 93.189557,
        "32" : 0.000000,
        ">=64" : 0.000000
      },
      "iodepth_submit" : {
        "0" : 0.000000,
        "4" : 100.000000,
        "8" : 0.000000,
        "16" : 0.000000,
        "32" : 0.000000,
        "64" : 0.000000,
        ">=64" : 0.000000
      },
      "iodepth_complete" : {
        "0" : 0.000000,
        "4" : 99.515152,
        "8" : 0.000000,
        "16" : 0.484848,
        "32" : 0.000000,
        "64" : 0.000000,
        ">=64" : 0.000000
      },
      "latency_ns" : {
        "2" : 0.000000,
        "4" : 0.000000,
        "10" : 0.000000,
        "20" : 0.000000,
        "50" : 0.000000,
        "100" : 0.000000,
        "250" : 0.000000,
        "500" : 0.000000,
        "750" : 0.000000,
        "1000" : 0.000000
      },
      "latency_us" : {
        "2" : 0.000000,
        "4" : 0.000000,
        "10" : 0.000000,
        "20" : 0.000000,
        "50" : 0.000000,
        "100" : 0.000000,
        "250" : 0.000000,
        "500" : 0.000000,
        "750" : 0.000000,
        "1000" : 0.000000
      },
      "latency_ms" : {
        "2" : 0.000000,
        "4" : 0.000000,
        "10" : 0.000000,
        "20" : 0.000000,
        "50" : 0.000000,
        "100" : 0.000000,
        "250" : 0.227015,
        "500" : 18.388195,
        "750" : 19.863791,
        "1000" : 5.902384,
        "2000" : 5.334847,
        ">=2000" : 50.283768
      },
      "latency_depth" : 16,
      "latency_target" : 0,
      "latency_percentile" : 100.000000,
      "latency_window" : 0
    }
  ]
}
