{
  "fio version" : "fio-3.16",
  "timestamp" : 1722849679,
  "timestamp_ms" : 1722849679926,
  "time" : "Mon Aug  5 17:21:19 2024",
  "jobs" : [
    {
      "jobname" : "disktest",
      "groupid" : 0,
      "error" : 0,
      "eta" : 0,
      "elapsed" : 31,
      "job options" : {
        "ioengine" : "libaio",
        "iodepth" : "8",
        "numjobs" : "1",
        "rw" : "read",
        "bs" : "4096k",
        "direct" : "1",
        "buffered" : "0",
        "size" : "14G",
        "runtime" : "30",
        "filename" : "/cephfs-benchmark/openbayes-data/cephfs-benchmark/dataset-bench/train.zip"
      },
      "read" : {
        "io_bytes" : 57826869248,
        "io_kbytes" : 56471552,
        "bw_bytes" : 1926470641,
        "bw" : 1881318,
        "iops" : 459.306393,
        "runtime" : 30017,
        "total_ios" : 13787,
        "short_ios" : 0,
        "drop_ios" : 0,
        "slat_ns" : {
          "min" : 41886,
          "max" : 2693314,
          "mean" : 106438.199101,
          "stddev" : 69093.078045
        },
        "clat_ns" : {
          "min" : 4048286,
          "max" : 239443024,
          "mean" : 17304846.429535,
          "stddev" : 9854282.772804,
          "percentile" : {
            "1.000000" : 4423680,
            "5.000000" : 5603328,
            "10.000000" : 7176192,
            "20.000000" : 9895936,
            "30.000000" : 12255232,
            "40.000000" : 14483456,
            "50.000000" : 16449536,
            "60.000000" : 18481152,
            "70.000000" : 20840448,
            "80.000000" : 23724032,
            "90.000000" : 27656192,
            "95.000000" : 31064064,
            "99.000000" : 39059456,
            "99.500000" : 43253760,
            "99.900000" : 94896128,
            "99.950000" : 217055232,
            "99.990000" : 225443840
          }
        },
        "lat_ns" : {
          "min" : 4136475,
          "max" : 239564311,
          "mean" : 17411657.516066,
          "stddev" : 9855199.620919
        },
        "bw_min" : 1736704,
        "bw_max" : 2031616,
        "bw_agg" : 99.978465,
        "bw_mean" : 1880912.866667,
        "bw_dev" : 59696.018917,
        "bw_samples" : 60,
        "iops_min" : 424,
        "iops_max" : 496,
        "iops_mean" : 459.200000,
        "iops_stddev" : 14.573949,
        "iops_samples" : 60
      },
      "write" : {
        "io_bytes" : 0,
        "io_kbytes" : 0,
        "bw_bytes" : 0,
        "bw" : 0,
        "iops" : 0.000000,
        "runtime" : 0,
        "total_ios" : 0,
        "short_ios" : 0,
        "drop_ios" : 0,
        "slat_ns" : {
          "min" : 0,
          "max" : 0,
          "mean" : 0.000000,
          "stddev" : 0.000000
        },
        "clat_ns" : {
          "min" : 0,
          "max" : 0,
          "mean" : 0.000000,
          "stddev" : 0.000000,
          "percentile" : {
            "1.000000" : 0,
            "5.000000" : 0,
            "10.000000" : 0,
            "20.000000" : 0,
            "30.000000" : 0,
            "40.000000" : 0,
            "50.000000" : 0,
            "60.000000" : 0,
            "70.000000" : 0,
            "80.000000" : 0,
            "90.000000" : 0,
            "95.000000" : 0,
            "99.000000" : 0,
            "99.500000" : 0,
            "99.900000" : 0,
            "99.950000" : 0,
            "99.990000" : 0
          }
        },
        "lat_ns" : {
          "min" : 0,
          "max" : 0,
          "mean" : 0.000000,
          "stddev" : 0.000000
        },
        "bw_min" : 0,
        "bw_max" : 0,
        "bw_agg" : 0.000000,
        "bw_mean" : 0.000000,
        "bw_dev" : 0.000000,
        "bw_samples" : 0,
        "iops_min" : 0,
        "iops_max" : 0,
        "iops_mean" : 0.000000,
        "iops_stddev" : 0.000000,
        "iops_samples" : 0
      },
      "trim" : {
        "io_bytes" : 0,
        "io_kbytes" : 0,
        "bw_bytes" : 0,
        "bw" : 0,
        "iops" : 0.000000,
        "runtime" : 0,
        "total_ios" : 0,
        "short_ios" : 0,
        "drop_ios" : 0,
        "slat_ns" : {
          "min" : 0,
          "max" : 0,
          "mean" : 0.000000,
          "stddev" : 0.000000
        },
        "clat_ns" : {
          "min" : 0,
          "max" : 0,
          "mean" : 0.000000,
          "stddev" : 0.000000,
          "percentile" : {
            "1.000000" : 0,
            "5.000000" : 0,
            "10.000000" : 0,
            "20.000000" : 0,
            "30.000000" : 0,
            "40.000000" : 0,
            "50.000000" : 0,
            "60.000000" : 0,
            "70.000000" : 0,
            "80.000000" : 0,
            "90.000000" : 0,
            "95.000000" : 0,
            "99.000000" : 0,
            "99.500000" : 0,
            "99.900000" : 0,
            "99.950000" : 0,
            "99.990000" : 0
          }
        },
        "lat_ns" : {
          "min" : 0,
          "max" : 0,
          "mean" : 0.000000,
          "stddev" : 0.000000
        },
        "bw_min" : 0,
        "bw_max" : 0,
        "bw_agg" : 0.000000,
        "bw_mean" : 0.000000,
        "bw_dev" : 0.000000,
        "bw_samples" : 0,
        "iops_min" : 0,
        "iops_max" : 0,
        "iops_mean" : 0.000000,
        "iops_stddev" : 0.000000,
        "iops_samples" : 0
      },
      "sync" : {
        "lat_ns" : {
          "min" : 0,
          "max" : 0,
          "mean" : 0.000000,
          "stddev" : 0.000000,
          "percentile" : {
            "1.000000" : 0,
            "5.000000" : 0,
            "10.000000" : 0,
            "20.000000" : 0,
            "30.000000" : 0,
            "40.000000" : 0,
            "50.000000" : 0,
            "60.000000" : 0,
            "70.000000" : 0,
            "80.000000" : 0,
            "90.000000" : 0,
            "95.000000" : 0,
            "99.000000" : 0,
            "99.500000" : 0,
            "99.900000" : 0,
            "99.950000" : 0,
            "99.990000" : 0
          }
        },
        "total_ios" : 0
      },
      "job_runtime" : 30016,
      "usr_cpu" : 0.189899,
      "sys_cpu" : 4.414312,
      "ctx" : 24699,
      "majf" : 0,
      "minf" : 8204,
      "iodepth_level" : {
        "1" : 0.100000,
        "2" : 0.100000,
        "4" : 0.100000,
        "8" : 99.949228,
        "16" : 0.000000,
        "32" : 0.000000,
        ">=64" : 0.000000
      },
      "iodepth_submit" : {
        "0" : 0.000000,
        "4" : 100.000000,
        "8" : 0.000000,
        "16" : 0.000000,
        "32" : 0.000000,
        "64" : 0.000000,
        ">=64" : 0.000000
      },
      "iodepth_complete" : {
        "0" : 0.000000,
        "4" : 99.992744,
        "8" : 0.100000,
        "16" : 0.000000,
        "32" : 0.000000,
        "64" : 0.000000,
        ">=64" : 0.000000
      },
      "latency_ns" : {
        "2" : 0.000000,
        "4" : 0.000000,
        "10" : 0.000000,
        "20" : 0.000000,
        "50" : 0.000000,
        "100" : 0.000000,
        "250" : 0.000000,
        "500" : 0.000000,
        "750" : 0.000000,
        "1000" : 0.000000
      },
      "latency_us" : {
        "2" : 0.000000,
        "4" : 0.000000,
        "10" : 0.000000,
        "20" : 0.000000,
        "50" : 0.000000,
        "100" : 0.000000,
        "250" : 0.000000,
        "500" : 0.000000,
        "750" : 0.000000,
        "1000" : 0.000000
      },
      "latency_ms" : {
        "2" : 0.000000,
        "4" : 0.000000,
        "10" : 20.396025,
        "20" : 46.123159,
        "50" : 33.205193,
        "100" : 0.181330,
        "250" : 0.094292,
        "500" : 0.000000,
        "750" : 0.000000,
        "1000" : 0.000000,
        "2000" : 0.000000,
        ">=2000" : 0.000000
      },
      "latency_depth" : 8,
      "latency_target" : 0,
      "latency_percentile" : 100.000000,
      "latency_window" : 0
    }
  ]
}
