{
  "fio version" : "fio-3.16",
  "timestamp" : 1726136997,
  "timestamp_ms" : 1726136997609,
  "time" : "Thu Sep 12 18:29:57 2024",
  "jobs" : [
    {
      "jobname" : "disktest",
      "groupid" : 0,
      "error" : 0,
      "eta" : 0,
      "elapsed" : 31,
      "job options" : {
        "ioengine" : "libaio",
        "iodepth" : "2",
        "numjobs" : "1",
        "rw" : "randread",
        "bs" : "4k",
        "direct" : "1",
        "buffered" : "0",
        "size" : "14G",
        "runtime" : "30",
        "filename" : "/cephfs/volumes/csi/csi-vol-3f4625bb-1d3f-4b61-bd0d-07af55a377e7/fa3b03a6-1901-4992-8066-fa70579589fd/fio-benchmark/randread/train.zip"
      },
      "read" : {
        "io_bytes" : 595058688,
        "io_kbytes" : 581112,
        "bw_bytes" : 19834628,
        "bw" : 19369,
        "iops" : 4842.438585,
        "runtime" : 30001,
        "total_ios" : 145278,
        "short_ios" : 0,
        "drop_ios" : 0,
        "slat_ns" : {
          "min" : 3280,
          "max" : 283291,
          "mean" : 16904.354837,
          "stddev" : 9243.477492
        },
        "clat_ns" : {
          "min" : 78530,
          "max" : 53549967,
          "mean" : 394504.687041,
          "stddev" : 558306.697909,
          "percentile" : {
            "1.000000" : 136192,
            "5.000000" : 173056,
            "10.000000" : 205824,
            "20.000000" : 261120,
            "30.000000" : 292864,
            "40.000000" : 329728,
            "50.000000" : 374784,
            "60.000000" : 419840,
            "70.000000" : 452608,
            "80.000000" : 489472,
            "90.000000" : 544768,
            "95.000000" : 602112,
            "99.000000" : 839680,
            "99.500000" : 1028096,
            "99.900000" : 2146304,
            "99.950000" : 5341184,
            "99.990000" : 29491200
          }
        },
        "lat_ns" : {
          "min" : 99750,
          "max" : 53569667,
          "mean" : 411632.453083,
          "stddev" : 558025.451010
        },
        "bw_min" : 9992,
        "bw_max" : 30592,
        "bw_agg" : 100.000000,
        "bw_mean" : 19430.033898,
        "bw_dev" : 5619.704260,
        "bw_samples" : 59,
        "iops_min" : 2498,
        "iops_max" : 7648,
        "iops_mean" : 4857.491525,
        "iops_stddev" : 1404.935063,
        "iops_samples" : 59
      },
      "write" : {
        "io_bytes" : 0,
        "io_kbytes" : 0,
        "bw_bytes" : 0,
        "bw" : 0,
        "iops" : 0.000000,
        "runtime" : 0,
        "total_ios" : 0,
        "short_ios" : 0,
        "drop_ios" : 0,
        "slat_ns" : {
          "min" : 0,
          "max" : 0,
          "mean" : 0.000000,
          "stddev" : 0.000000
        },
        "clat_ns" : {
          "min" : 0,
          "max" : 0,
          "mean" : 0.000000,
          "stddev" : 0.000000,
          "percentile" : {
            "1.000000" : 0,
            "5.000000" : 0,
            "10.000000" : 0,
            "20.000000" : 0,
            "30.000000" : 0,
            "40.000000" : 0,
            "50.000000" : 0,
            "60.000000" : 0,
            "70.000000" : 0,
            "80.000000" : 0,
            "90.000000" : 0,
            "95.000000" : 0,
            "99.000000" : 0,
            "99.500000" : 0,
            "99.900000" : 0,
            "99.950000" : 0,
            "99.990000" : 0
          }
        },
        "lat_ns" : {
          "min" : 0,
          "max" : 0,
          "mean" : 0.000000,
          "stddev" : 0.000000
        },
        "bw_min" : 0,
        "bw_max" : 0,
        "bw_agg" : 0.000000,
        "bw_mean" : 0.000000,
        "bw_dev" : 0.000000,
        "bw_samples" : 0,
        "iops_min" : 0,
        "iops_max" : 0,
        "iops_mean" : 0.000000,
        "iops_stddev" : 0.000000,
        "iops_samples" : 0
      },
      "trim" : {
        "io_bytes" : 0,
        "io_kbytes" : 0,
        "bw_bytes" : 0,
        "bw" : 0,
        "iops" : 0.000000,
        "runtime" : 0,
        "total_ios" : 0,
        "short_ios" : 0,
        "drop_ios" : 0,
        "slat_ns" : {
          "min" : 0,
          "max" : 0,
          "mean" : 0.000000,
          "stddev" : 0.000000
        },
        "clat_ns" : {
          "min" : 0,
          "max" : 0,
          "mean" : 0.000000,
          "stddev" : 0.000000,
          "percentile" : {
            "1.000000" : 0,
            "5.000000" : 0,
            "10.000000" : 0,
            "20.000000" : 0,
            "30.000000" : 0,
            "40.000000" : 0,
            "50.000000" : 0,
            "60.000000" : 0,
            "70.000000" : 0,
            "80.000000" : 0,
            "90.000000" : 0,
            "95.000000" : 0,
            "99.000000" : 0,
            "99.500000" : 0,
            "99.900000" : 0,
            "99.950000" : 0,
            "99.990000" : 0
          }
        },
        "lat_ns" : {
          "min" : 0,
          "max" : 0,
          "mean" : 0.000000,
          "stddev" : 0.000000
        },
        "bw_min" : 0,
        "bw_max" : 0,
        "bw_agg" : 0.000000,
        "bw_mean" : 0.000000,
        "bw_dev" : 0.000000,
        "bw_samples" : 0,
        "iops_min" : 0,
        "iops_max" : 0,
        "iops_mean" : 0.000000,
        "iops_stddev" : 0.000000,
        "iops_samples" : 0
      },
      "sync" : {
        "lat_ns" : {
          "min" : 0,
          "max" : 0,
          "mean" : 0.000000,
          "stddev" : 0.000000,
          "percentile" : {
            "1.000000" : 0,
            "5.000000" : 0,
            "10.000000" : 0,
            "20.000000" : 0,
            "30.000000" : 0,
            "40.000000" : 0,
            "50.000000" : 0,
            "60.000000" : 0,
            "70.000000" : 0,
            "80.000000" : 0,
            "90.000000" : 0,
            "95.000000" : 0,
            "99.000000" : 0,
            "99.500000" : 0,
            "99.900000" : 0,
            "99.950000" : 0,
            "99.990000" : 0
          }
        },
        "total_ios" : 0
      },
      "job_runtime" : 30000,
      "usr_cpu" : 1.826667,
      "sys_cpu" : 8.043333,
      "ctx" : 171690,
      "majf" : 0,
      "minf" : 15,
      "iodepth_level" : {
        "1" : 0.100000,
        "2" : 99.999312,
        "4" : 0.000000,
        "8" : 0.000000,
        "16" : 0.000000,
        "32" : 0.000000,
        ">=64" : 0.000000
      },
      "iodepth_submit" : {
        "0" : 0.000000,
        "4" : 100.000000,
        "8" : 0.000000,
        "16" : 0.000000,
        "32" : 0.000000,
        "64" : 0.000000,
        ">=64" : 0.000000
      },
      "iodepth_complete" : {
        "0" : 0.000000,
        "4" : 100.000000,
        "8" : 0.000000,
        "16" : 0.000000,
        "32" : 0.000000,
        "64" : 0.000000,
        ">=64" : 0.000000
      },
      "latency_ns" : {
        "2" : 0.000000,
        "4" : 0.000000,
        "10" : 0.000000,
        "20" : 0.000000,
        "50" : 0.000000,
        "100" : 0.000000,
        "250" : 0.000000,
        "500" : 0.000000,
        "750" : 0.000000,
        "1000" : 0.000000
      },
      "latency_us" : {
        "2" : 0.000000,
        "4" : 0.000000,
        "10" : 0.000000,
        "20" : 0.000000,
        "50" : 0.000000,
        "100" : 0.025468,
        "250" : 17.232478,
        "500" : 65.190875,
        "750" : 15.887471,
        "1000" : 1.108220
      },
      "latency_ms" : {
        "2" : 0.442600,
        "4" : 0.055755,
        "10" : 0.021338,
        "20" : 0.010325,
        "50" : 0.024092,
        "100" : 0.010000,
        "250" : 0.000000,
        "500" : 0.000000,
        "750" : 0.000000,
        "1000" : 0.000000,
        "2000" : 0.000000,
        ">=2000" : 0.000000
      },
      "latency_depth" : 2,
      "latency_target" : 0,
      "latency_percentile" : 100.000000,
      "latency_window" : 0
    }
  ]
}
