{
  "fio version" : "fio-3.28",
  "timestamp" : 1724316277,
  "timestamp_ms" : 1724316277949,
  "time" : "Thu Aug 22 16:44:37 2024",
  "jobs" : [
    {
      "jobname" : "disktest",
      "groupid" : 0,
      "error" : 0,
      "eta" : 0,
      "elapsed" : 31,
      "job options" : {
        "ioengine" : "libaio",
        "iodepth" : "4",
        "numjobs" : "1",
        "rw" : "read",
        "bs" : "4k",
        "direct" : "1",
        "buffered" : "0",
        "size" : "14G",
        "runtime" : "30",
        "filename" : "/cephfs-benchmark/lixie-benchmark/fio-benchmark/read/train.zip"
      },
      "read" : {
        "io_bytes" : 872386560,
        "io_kbytes" : 851940,
        "bw_bytes" : 29078582,
        "bw" : 28397,
        "iops" : 7099.263358,
        "runtime" : 30001,
        "total_ios" : 212985,
        "short_ios" : 0,
        "drop_ios" : 0,
        "slat_ns" : {
          "min" : 8353,
          "max" : 664767,
          "mean" : 39072.577956,
          "stddev" : 23799.646734,
          "N" : 212985
        },
        "clat_ns" : {
          "min" : 105601,
          "max" : 23697746,
          "mean" : 521939.770571,
          "stddev" : 347360.336669,
          "N" : 212985,
          "percentile" : {
            "1.000000" : 240640,
            "5.000000" : 296960,
            "10.000000" : 329728,
            "20.000000" : 370688,
            "30.000000" : 403456,
            "40.000000" : 432128,
            "50.000000" : 460800,
            "60.000000" : 501760,
            "70.000000" : 552960,
            "80.000000" : 626688,
            "90.000000" : 733184,
            "95.000000" : 864256,
            "99.000000" : 1269760,
            "99.500000" : 1826816,
            "99.900000" : 5472256,
            "99.950000" : 7307264,
            "99.990000" : 9895936
          }
        },
        "lat_ns" : {
          "min" : 185016,
          "max" : 23721696,
          "mean" : 561340.768106,
          "stddev" : 346910.962663,
          "N" : 212985
        },
        "bw_min" : 22920,
        "bw_max" : 32800,
        "bw_agg" : 99.887127,
        "bw_mean" : 28365.288136,
        "bw_dev" : 1954.162516,
        "bw_samples" : 59,
        "iops_min" : 5730,
        "iops_max" : 8200,
        "iops_mean" : 7091.322034,
        "iops_stddev" : 488.540629,
        "iops_samples" : 59
      },
      "write" : {
        "io_bytes" : 0,
        "io_kbytes" : 0,
        "bw_bytes" : 0,
        "bw" : 0,
        "iops" : 0.000000,
        "runtime" : 0,
        "total_ios" : 0,
        "short_ios" : 0,
        "drop_ios" : 0,
        "slat_ns" : {
          "min" : 0,
          "max" : 0,
          "mean" : 0.000000,
          "stddev" : 0.000000,
          "N" : 0
        },
        "clat_ns" : {
          "min" : 0,
          "max" : 0,
          "mean" : 0.000000,
          "stddev" : 0.000000,
          "N" : 0
        },
        "lat_ns" : {
          "min" : 0,
          "max" : 0,
          "mean" : 0.000000,
          "stddev" : 0.000000,
          "N" : 0
        },
        "bw_min" : 0,
        "bw_max" : 0,
        "bw_agg" : 0.000000,
        "bw_mean" : 0.000000,
        "bw_dev" : 0.000000,
        "bw_samples" : 0,
        "iops_min" : 0,
        "iops_max" : 0,
        "iops_mean" : 0.000000,
        "iops_stddev" : 0.000000,
        "iops_samples" : 0
      },
      "trim" : {
        "io_bytes" : 0,
        "io_kbytes" : 0,
        "bw_bytes" : 0,
        "bw" : 0,
        "iops" : 0.000000,
        "runtime" : 0,
        "total_ios" : 0,
        "short_ios" : 0,
        "drop_ios" : 0,
        "slat_ns" : {
          "min" : 0,
          "max" : 0,
          "mean" : 0.000000,
          "stddev" : 0.000000,
          "N" : 0
        },
        "clat_ns" : {
          "min" : 0,
          "max" : 0,
          "mean" : 0.000000,
          "stddev" : 0.000000,
          "N" : 0
        },
        "lat_ns" : {
          "min" : 0,
          "max" : 0,
          "mean" : 0.000000,
          "stddev" : 0.000000,
          "N" : 0
        },
        "bw_min" : 0,
        "bw_max" : 0,
        "bw_agg" : 0.000000,
        "bw_mean" : 0.000000,
        "bw_dev" : 0.000000,
        "bw_samples" : 0,
        "iops_min" : 0,
        "iops_max" : 0,
        "iops_mean" : 0.000000,
        "iops_stddev" : 0.000000,
        "iops_samples" : 0
      },
      "sync" : {
        "total_ios" : 0,
        "lat_ns" : {
          "min" : 0,
          "max" : 0,
          "mean" : 0.000000,
          "stddev" : 0.000000,
          "N" : 0
        }
      },
      "job_runtime" : 30000,
      "usr_cpu" : 4.593333,
      "sys_cpu" : 21.420000,
      "ctx" : 226681,
      "majf" : 0,
      "minf" : 29,
      "iodepth_level" : {
        "1" : 0.100000,
        "2" : 0.100000,
        "4" : 99.998591,
        "8" : 0.000000,
        "16" : 0.000000,
        "32" : 0.000000,
        ">=64" : 0.000000
      },
      "iodepth_submit" : {
        "0" : 0.000000,
        "4" : 100.000000,
        "8" : 0.000000,
        "16" : 0.000000,
        "32" : 0.000000,
        "64" : 0.000000,
        ">=64" : 0.000000
      },
      "iodepth_complete" : {
        "0" : 0.000000,
        "4" : 100.000000,
        "8" : 0.000000,
        "16" : 0.000000,
        "32" : 0.000000,
        "64" : 0.000000,
        ">=64" : 0.000000
      },
      "latency_ns" : {
        "2" : 0.000000,
        "4" : 0.000000,
        "10" : 0.000000,
        "20" : 0.000000,
        "50" : 0.000000,
        "100" : 0.000000,
        "250" : 0.000000,
        "500" : 0.000000,
        "750" : 0.000000,
        "1000" : 0.000000
      },
      "latency_us" : {
        "2" : 0.000000,
        "4" : 0.000000,
        "10" : 0.000000,
        "20" : 0.000000,
        "50" : 0.000000,
        "100" : 0.000000,
        "250" : 1.359720,
        "500" : 58.550133,
        "750" : 30.890908,
        "1000" : 6.625819
      },
      "latency_ms" : {
        "2" : 2.128319,
        "4" : 0.262460,
        "10" : 0.173721,
        "20" : 0.010000,
        "50" : 0.010000,
        "100" : 0.000000,
        "250" : 0.000000,
        "500" : 0.000000,
        "750" : 0.000000,
        "1000" : 0.000000,
        "2000" : 0.000000,
        ">=2000" : 0.000000
      },
      "latency_depth" : 4,
      "latency_target" : 0,
      "latency_percentile" : 100.000000,
      "latency_window" : 0
    }
  ]
}
