{
  "fio version" : "fio-3.28",
  "timestamp" : 1724316399,
  "timestamp_ms" : 1724316399717,
  "time" : "Thu Aug 22 16:46:39 2024",
  "jobs" : [
    {
      "jobname" : "disktest",
      "groupid" : 0,
      "error" : 0,
      "eta" : 0,
      "elapsed" : 31,
      "job options" : {
        "ioengine" : "libaio",
        "iodepth" : "2",
        "numjobs" : "4",
        "rw" : "read",
        "bs" : "4k",
        "direct" : "1",
        "buffered" : "0",
        "size" : "14G",
        "runtime" : "30",
        "filename" : "/cephfs-benchmark/lixie-benchmark/fio-benchmark/read/train.zip"
      },
      "read" : {
        "io_bytes" : 1664126976,
        "io_kbytes" : 1625124,
        "bw_bytes" : 55469050,
        "bw" : 54168,
        "iops" : 13542.248592,
        "runtime" : 30001,
        "total_ios" : 406281,
        "short_ios" : 0,
        "drop_ios" : 0,
        "slat_ns" : {
          "min" : 8751,
          "max" : 871032,
          "mean" : 67672.100047,
          "stddev" : 50525.261020,
          "N" : 406281
        },
        "clat_ns" : {
          "min" : 26602,
          "max" : 16293156,
          "mean" : 519824.302672,
          "stddev" : 308326.946035,
          "N" : 406281,
          "percentile" : {
            "1.000000" : 162816,
            "5.000000" : 236544,
            "10.000000" : 272384,
            "20.000000" : 321536,
            "30.000000" : 370688,
            "40.000000" : 428032,
            "50.000000" : 485376,
            "60.000000" : 536576,
            "70.000000" : 602112,
            "80.000000" : 675840,
            "90.000000" : 798720,
            "95.000000" : 905216,
            "99.000000" : 1171456,
            "99.500000" : 1318912,
            "99.900000" : 4227072,
            "99.950000" : 5472256,
            "99.990000" : 10158080
          }
        },
        "lat_ns" : {
          "min" : 171262,
          "max" : 16325367,
          "mean" : 587962.188936,
          "stddev" : 306766.760802,
          "N" : 406281
        },
        "bw_min" : 37600,
        "bw_max" : 69488,
        "bw_agg" : 100.000000,
        "bw_mean" : 54177.898305,
        "bw_dev" : 1978.265703,
        "bw_samples" : 236,
        "iops_min" : 9400,
        "iops_max" : 17372,
        "iops_mean" : 13544.474576,
        "iops_stddev" : 494.566426,
        "iops_samples" : 236
      },
      "write" : {
        "io_bytes" : 0,
        "io_kbytes" : 0,
        "bw_bytes" : 0,
        "bw" : 0,
        "iops" : 0.000000,
        "runtime" : 0,
        "total_ios" : 0,
        "short_ios" : 0,
        "drop_ios" : 0,
        "slat_ns" : {
          "min" : 0,
          "max" : 0,
          "mean" : 0.000000,
          "stddev" : 0.000000,
          "N" : 0
        },
        "clat_ns" : {
          "min" : 0,
          "max" : 0,
          "mean" : 0.000000,
          "stddev" : 0.000000,
          "N" : 0
        },
        "lat_ns" : {
          "min" : 0,
          "max" : 0,
          "mean" : 0.000000,
          "stddev" : 0.000000,
          "N" : 0
        },
        "bw_min" : 0,
        "bw_max" : 0,
        "bw_agg" : 0.000000,
        "bw_mean" : 0.000000,
        "bw_dev" : 0.000000,
        "bw_samples" : 0,
        "iops_min" : 0,
        "iops_max" : 0,
        "iops_mean" : 0.000000,
        "iops_stddev" : 0.000000,
        "iops_samples" : 0
      },
      "trim" : {
        "io_bytes" : 0,
        "io_kbytes" : 0,
        "bw_bytes" : 0,
        "bw" : 0,
        "iops" : 0.000000,
        "runtime" : 0,
        "total_ios" : 0,
        "short_ios" : 0,
        "drop_ios" : 0,
        "slat_ns" : {
          "min" : 0,
          "max" : 0,
          "mean" : 0.000000,
          "stddev" : 0.000000,
          "N" : 0
        },
        "clat_ns" : {
          "min" : 0,
          "max" : 0,
          "mean" : 0.000000,
          "stddev" : 0.000000,
          "N" : 0
        },
        "lat_ns" : {
          "min" : 0,
          "max" : 0,
          "mean" : 0.000000,
          "stddev" : 0.000000,
          "N" : 0
        },
        "bw_min" : 0,
        "bw_max" : 0,
        "bw_agg" : 0.000000,
        "bw_mean" : 0.000000,
        "bw_dev" : 0.000000,
        "bw_samples" : 0,
        "iops_min" : 0,
        "iops_max" : 0,
        "iops_mean" : 0.000000,
        "iops_stddev" : 0.000000,
        "iops_samples" : 0
      },
      "sync" : {
        "total_ios" : 0,
        "lat_ns" : {
          "min" : 0,
          "max" : 0,
          "mean" : 0.000000,
          "stddev" : 0.000000,
          "N" : 0
        }
      },
      "job_runtime" : 120000,
      "usr_cpu" : 2.511667,
      "sys_cpu" : 16.358333,
      "ctx" : 489367,
      "majf" : 0,
      "minf" : 105,
      "iodepth_level" : {
        "1" : 0.100000,
        "2" : 99.999015,
        "4" : 0.000000,
        "8" : 0.000000,
        "16" : 0.000000,
        "32" : 0.000000,
        ">=64" : 0.000000
      },
      "iodepth_submit" : {
        "0" : 0.000000,
        "4" : 100.000000,
        "8" : 0.000000,
        "16" : 0.000000,
        "32" : 0.000000,
        "64" : 0.000000,
        ">=64" : 0.000000
      },
      "iodepth_complete" : {
        "0" : 0.000000,
        "4" : 100.000000,
        "8" : 0.000000,
        "16" : 0.000000,
        "32" : 0.000000,
        "64" : 0.000000,
        ">=64" : 0.000000
      },
      "latency_ns" : {
        "2" : 0.000000,
        "4" : 0.000000,
        "10" : 0.000000,
        "20" : 0.000000,
        "50" : 0.000000,
        "100" : 0.000000,
        "250" : 0.000000,
        "500" : 0.000000,
        "750" : 0.000000,
        "1000" : 0.000000
      },
      "latency_us" : {
        "2" : 0.000000,
        "4" : 0.000000,
        "10" : 0.000000,
        "20" : 0.000000,
        "50" : 0.044797,
        "100" : 0.289947,
        "250" : 6.210234,
        "500" : 46.159924,
        "750" : 34.103982,
        "1000" : 10.537534
      },
      "latency_ms" : {
        "2" : 2.472673,
        "4" : 0.073841,
        "10" : 0.094516,
        "20" : 0.012553,
        "50" : 0.000000,
        "100" : 0.000000,
        "250" : 0.000000,
        "500" : 0.000000,
        "750" : 0.000000,
        "1000" : 0.000000,
        "2000" : 0.000000,
        ">=2000" : 0.000000
      },
      "latency_depth" : 2,
      "latency_target" : 0,
      "latency_percentile" : 100.000000,
      "latency_window" : 0
    }
  ]
}
