{
  "fio version" : "fio-3.28",
  "timestamp" : 1724316430,
  "timestamp_ms" : 1724316430166,
  "time" : "Thu Aug 22 16:47:10 2024",
  "jobs" : [
    {
      "jobname" : "disktest",
      "groupid" : 0,
      "error" : 0,
      "eta" : 0,
      "elapsed" : 31,
      "job options" : {
        "ioengine" : "libaio",
        "iodepth" : "4",
        "numjobs" : "4",
        "rw" : "read",
        "bs" : "4k",
        "direct" : "1",
        "buffered" : "0",
        "size" : "14G",
        "runtime" : "30",
        "filename" : "/cephfs-benchmark/lixie-benchmark/fio-benchmark/read/train.zip"
      },
      "read" : {
        "io_bytes" : 2664636416,
        "io_kbytes" : 2602184,
        "bw_bytes" : 88818253,
        "bw" : 86736,
        "iops" : 21684.143862,
        "runtime" : 30001,
        "total_ios" : 650546,
        "short_ios" : 0,
        "drop_ios" : 0,
        "slat_ns" : {
          "min" : 8314,
          "max" : 3134473,
          "mean" : 60877.523323,
          "stddev" : 48334.201229,
          "N" : 650546
        },
        "clat_ns" : {
          "min" : 70860,
          "max" : 26674852,
          "mean" : 674622.222516,
          "stddev" : 429646.985201,
          "N" : 650546,
          "percentile" : {
            "1.000000" : 232448,
            "5.000000" : 301056,
            "10.000000" : 342016,
            "20.000000" : 399360,
            "30.000000" : 452608,
            "40.000000" : 514048,
            "50.000000" : 585728,
            "60.000000" : 675840,
            "70.000000" : 765952,
            "80.000000" : 897024,
            "90.000000" : 1105920,
            "95.000000" : 1286144,
            "99.000000" : 1712128,
            "99.500000" : 1957888,
            "99.900000" : 5210112,
            "99.950000" : 7110656,
            "99.990000" : 10813440
          }
        },
        "lat_ns" : {
          "min" : 147502,
          "max" : 26727795,
          "mean" : 735857.082002,
          "stddev" : 430632.841649,
          "N" : 650546
        },
        "bw_min" : 48984,
        "bw_max" : 112832,
        "bw_agg" : 99.969361,
        "bw_mean" : 86710.237288,
        "bw_dev" : 4771.147907,
        "bw_samples" : 236,
        "iops_min" : 12246,
        "iops_max" : 28208,
        "iops_mean" : 21677.559322,
        "iops_stddev" : 1192.786977,
        "iops_samples" : 236
      },
      "write" : {
        "io_bytes" : 0,
        "io_kbytes" : 0,
        "bw_bytes" : 0,
        "bw" : 0,
        "iops" : 0.000000,
        "runtime" : 0,
        "total_ios" : 0,
        "short_ios" : 0,
        "drop_ios" : 0,
        "slat_ns" : {
          "min" : 0,
          "max" : 0,
          "mean" : 0.000000,
          "stddev" : 0.000000,
          "N" : 0
        },
        "clat_ns" : {
          "min" : 0,
          "max" : 0,
          "mean" : 0.000000,
          "stddev" : 0.000000,
          "N" : 0
        },
        "lat_ns" : {
          "min" : 0,
          "max" : 0,
          "mean" : 0.000000,
          "stddev" : 0.000000,
          "N" : 0
        },
        "bw_min" : 0,
        "bw_max" : 0,
        "bw_agg" : 0.000000,
        "bw_mean" : 0.000000,
        "bw_dev" : 0.000000,
        "bw_samples" : 0,
        "iops_min" : 0,
        "iops_max" : 0,
        "iops_mean" : 0.000000,
        "iops_stddev" : 0.000000,
        "iops_samples" : 0
      },
      "trim" : {
        "io_bytes" : 0,
        "io_kbytes" : 0,
        "bw_bytes" : 0,
        "bw" : 0,
        "iops" : 0.000000,
        "runtime" : 0,
        "total_ios" : 0,
        "short_ios" : 0,
        "drop_ios" : 0,
        "slat_ns" : {
          "min" : 0,
          "max" : 0,
          "mean" : 0.000000,
          "stddev" : 0.000000,
          "N" : 0
        },
        "clat_ns" : {
          "min" : 0,
          "max" : 0,
          "mean" : 0.000000,
          "stddev" : 0.000000,
          "N" : 0
        },
        "lat_ns" : {
          "min" : 0,
          "max" : 0,
          "mean" : 0.000000,
          "stddev" : 0.000000,
          "N" : 0
        },
        "bw_min" : 0,
        "bw_max" : 0,
        "bw_agg" : 0.000000,
        "bw_mean" : 0.000000,
        "bw_dev" : 0.000000,
        "bw_samples" : 0,
        "iops_min" : 0,
        "iops_max" : 0,
        "iops_mean" : 0.000000,
        "iops_stddev" : 0.000000,
        "iops_samples" : 0
      },
      "sync" : {
        "total_ios" : 0,
        "lat_ns" : {
          "min" : 0,
          "max" : 0,
          "mean" : 0.000000,
          "stddev" : 0.000000,
          "N" : 0
        }
      },
      "job_runtime" : 120000,
      "usr_cpu" : 3.161667,
      "sys_cpu" : 23.116667,
      "ctx" : 672950,
      "majf" : 0,
      "minf" : 165,
      "iodepth_level" : {
        "1" : 0.100000,
        "2" : 0.100000,
        "4" : 99.998155,
        "8" : 0.000000,
        "16" : 0.000000,
        "32" : 0.000000,
        ">=64" : 0.000000
      },
      "iodepth_submit" : {
        "0" : 0.000000,
        "4" : 100.000000,
        "8" : 0.000000,
        "16" : 0.000000,
        "32" : 0.000000,
        "64" : 0.000000,
        ">=64" : 0.000000
      },
      "iodepth_complete" : {
        "0" : 0.000000,
        "4" : 100.000000,
        "8" : 0.000000,
        "16" : 0.000000,
        "32" : 0.000000,
        "64" : 0.000000,
        ">=64" : 0.000000
      },
      "latency_ns" : {
        "2" : 0.000000,
        "4" : 0.000000,
        "10" : 0.000000,
        "20" : 0.000000,
        "50" : 0.000000,
        "100" : 0.000000,
        "250" : 0.000000,
        "500" : 0.000000,
        "750" : 0.000000,
        "1000" : 0.000000
      },
      "latency_us" : {
        "2" : 0.000000,
        "4" : 0.000000,
        "10" : 0.000000,
        "20" : 0.000000,
        "50" : 0.000000,
        "100" : 0.010000,
        "250" : 1.617411,
        "500" : 36.393122,
        "750" : 30.123312,
        "1000" : 17.604904
      },
      "latency_ms" : {
        "2" : 13.802099,
        "4" : 0.270235,
        "10" : 0.160327,
        "20" : 0.021059,
        "50" : 0.010000,
        "100" : 0.000000,
        "250" : 0.000000,
        "500" : 0.000000,
        "750" : 0.000000,
        "1000" : 0.000000,
        "2000" : 0.000000,
        ">=2000" : 0.000000
      },
      "latency_depth" : 4,
      "latency_target" : 0,
      "latency_percentile" : 100.000000,
      "latency_window" : 0
    }
  ]
}
