{
  "fio version" : "fio-3.28",
  "timestamp" : 1724316369,
  "timestamp_ms" : 1724316369246,
  "time" : "Thu Aug 22 16:46:09 2024",
  "jobs" : [
    {
      "jobname" : "disktest",
      "groupid" : 0,
      "error" : 0,
      "eta" : 0,
      "elapsed" : 31,
      "job options" : {
        "ioengine" : "libaio",
        "iodepth" : "1",
        "numjobs" : "4",
        "rw" : "read",
        "bs" : "4k",
        "direct" : "1",
        "buffered" : "0",
        "size" : "14G",
        "runtime" : "30",
        "filename" : "/cephfs-benchmark/lixie-benchmark/fio-benchmark/read/train.zip"
      },
      "read" : {
        "io_bytes" : 917741568,
        "io_kbytes" : 896232,
        "bw_bytes" : 30590365,
        "bw" : 29873,
        "iops" : 7468.351055,
        "runtime" : 30001,
        "total_ios" : 224058,
        "short_ios" : 0,
        "drop_ios" : 0,
        "slat_ns" : {
          "min" : 10737,
          "max" : 3164739,
          "mean" : 84563.918775,
          "stddev" : 52105.805929,
          "N" : 224058
        },
        "clat_ns" : {
          "min" : 3074,
          "max" : 14082470,
          "mean" : 445949.817587,
          "stddev" : 273557.940428,
          "N" : 224058,
          "percentile" : {
            "1.000000" : 123392,
            "5.000000" : 209920,
            "10.000000" : 257024,
            "20.000000" : 321536,
            "30.000000" : 358400,
            "40.000000" : 387072,
            "50.000000" : 419840,
            "60.000000" : 452608,
            "70.000000" : 489472,
            "80.000000" : 536576,
            "90.000000" : 626688,
            "95.000000" : 716800,
            "99.000000" : 978944,
            "99.500000" : 1171456,
            "99.900000" : 4554752,
            "99.950000" : 6455296,
            "99.990000" : 8585216
          }
        },
        "lat_ns" : {
          "min" : 171243,
          "max" : 14129103,
          "mean" : 531150.427046,
          "stddev" : 269378.622161,
          "N" : 224058
        },
        "bw_min" : 26072,
        "bw_max" : 36016,
        "bw_agg" : 100.000000,
        "bw_mean" : 29911.084746,
        "bw_dev" : 565.010204,
        "bw_samples" : 236,
        "iops_min" : 6518,
        "iops_max" : 9004,
        "iops_mean" : 7477.762712,
        "iops_stddev" : 141.253444,
        "iops_samples" : 236
      },
      "write" : {
        "io_bytes" : 0,
        "io_kbytes" : 0,
        "bw_bytes" : 0,
        "bw" : 0,
        "iops" : 0.000000,
        "runtime" : 0,
        "total_ios" : 0,
        "short_ios" : 0,
        "drop_ios" : 0,
        "slat_ns" : {
          "min" : 0,
          "max" : 0,
          "mean" : 0.000000,
          "stddev" : 0.000000,
          "N" : 0
        },
        "clat_ns" : {
          "min" : 0,
          "max" : 0,
          "mean" : 0.000000,
          "stddev" : 0.000000,
          "N" : 0
        },
        "lat_ns" : {
          "min" : 0,
          "max" : 0,
          "mean" : 0.000000,
          "stddev" : 0.000000,
          "N" : 0
        },
        "bw_min" : 0,
        "bw_max" : 0,
        "bw_agg" : 0.000000,
        "bw_mean" : 0.000000,
        "bw_dev" : 0.000000,
        "bw_samples" : 0,
        "iops_min" : 0,
        "iops_max" : 0,
        "iops_mean" : 0.000000,
        "iops_stddev" : 0.000000,
        "iops_samples" : 0
      },
      "trim" : {
        "io_bytes" : 0,
        "io_kbytes" : 0,
        "bw_bytes" : 0,
        "bw" : 0,
        "iops" : 0.000000,
        "runtime" : 0,
        "total_ios" : 0,
        "short_ios" : 0,
        "drop_ios" : 0,
        "slat_ns" : {
          "min" : 0,
          "max" : 0,
          "mean" : 0.000000,
          "stddev" : 0.000000,
          "N" : 0
        },
        "clat_ns" : {
          "min" : 0,
          "max" : 0,
          "mean" : 0.000000,
          "stddev" : 0.000000,
          "N" : 0
        },
        "lat_ns" : {
          "min" : 0,
          "max" : 0,
          "mean" : 0.000000,
          "stddev" : 0.000000,
          "N" : 0
        },
        "bw_min" : 0,
        "bw_max" : 0,
        "bw_agg" : 0.000000,
        "bw_mean" : 0.000000,
        "bw_dev" : 0.000000,
        "bw_samples" : 0,
        "iops_min" : 0,
        "iops_max" : 0,
        "iops_mean" : 0.000000,
        "iops_stddev" : 0.000000,
        "iops_samples" : 0
      },
      "sync" : {
        "total_ios" : 0,
        "lat_ns" : {
          "min" : 0,
          "max" : 0,
          "mean" : 0.000000,
          "stddev" : 0.000000,
          "N" : 0
        }
      },
      "job_runtime" : 120000,
      "usr_cpu" : 1.943333,
      "sys_cpu" : 12.121667,
      "ctx" : 327320,
      "majf" : 0,
      "minf" : 99,
      "iodepth_level" : {
        "1" : 100.000000,
        "2" : 0.000000,
        "4" : 0.000000,
        "8" : 0.000000,
        "16" : 0.000000,
        "32" : 0.000000,
        ">=64" : 0.000000
      },
      "iodepth_submit" : {
        "0" : 0.000000,
        "4" : 100.000000,
        "8" : 0.000000,
        "16" : 0.000000,
        "32" : 0.000000,
        "64" : 0.000000,
        ">=64" : 0.000000
      },
      "iodepth_complete" : {
        "0" : 0.000000,
        "4" : 100.000000,
        "8" : 0.000000,
        "16" : 0.000000,
        "32" : 0.000000,
        "64" : 0.000000,
        ">=64" : 0.000000
      },
      "latency_ns" : {
        "2" : 0.000000,
        "4" : 0.000000,
        "10" : 0.000000,
        "20" : 0.000000,
        "50" : 0.000000,
        "100" : 0.000000,
        "250" : 0.000000,
        "500" : 0.000000,
        "750" : 0.000000,
        "1000" : 0.000000
      },
      "latency_us" : {
        "2" : 0.000000,
        "4" : 0.014728,
        "10" : 0.118273,
        "20" : 0.010000,
        "50" : 0.037044,
        "100" : 0.421319,
        "250" : 8.449598,
        "500" : 63.231842,
        "750" : 23.812138,
        "1000" : 3.022878
      },
      "latency_ms" : {
        "2" : 0.659651,
        "4" : 0.120505,
        "10" : 0.106669,
        "20" : 0.010000,
        "50" : 0.000000,
        "100" : 0.000000,
        "250" : 0.000000,
        "500" : 0.000000,
        "750" : 0.000000,
        "1000" : 0.000000,
        "2000" : 0.000000,
        ">=2000" : 0.000000
      },
      "latency_depth" : 1,
      "latency_target" : 0,
      "latency_percentile" : 100.000000,
      "latency_window" : 0
    }
  ]
}
