{
  "fio version" : "fio-3.28",
  "timestamp" : 1724147517,
  "timestamp_ms" : 1724147517384,
  "time" : "Tue Aug 20 17:51:57 2024",
  "jobs" : [
    {
      "jobname" : "disktest",
      "groupid" : 0,
      "error" : 0,
      "eta" : 0,
      "elapsed" : 31,
      "job options" : {
        "ioengine" : "libaio",
        "iodepth" : "16",
        "numjobs" : "1",
        "rw" : "randwrite",
        "bs" : "4096k",
        "direct" : "1",
        "buffered" : "0",
        "size" : "2G",
        "runtime" : "30"
      },
      "read" : {
        "io_bytes" : 0,
        "io_kbytes" : 0,
        "bw_bytes" : 0,
        "bw" : 0,
        "iops" : 0.000000,
        "runtime" : 0,
        "total_ios" : 0,
        "short_ios" : 0,
        "drop_ios" : 0,
        "slat_ns" : {
          "min" : 0,
          "max" : 0,
          "mean" : 0.000000,
          "stddev" : 0.000000,
          "N" : 0
        },
        "clat_ns" : {
          "min" : 0,
          "max" : 0,
          "mean" : 0.000000,
          "stddev" : 0.000000,
          "N" : 0
        },
        "lat_ns" : {
          "min" : 0,
          "max" : 0,
          "mean" : 0.000000,
          "stddev" : 0.000000,
          "N" : 0
        },
        "bw_min" : 0,
        "bw_max" : 0,
        "bw_agg" : 0.000000,
        "bw_mean" : 0.000000,
        "bw_dev" : 0.000000,
        "bw_samples" : 0,
        "iops_min" : 0,
        "iops_max" : 0,
        "iops_mean" : 0.000000,
        "iops_stddev" : 0.000000,
        "iops_samples" : 0
      },
      "write" : {
        "io_bytes" : 3405774848,
        "io_kbytes" : 3325952,
        "bw_bytes" : 111969452,
        "bw" : 109345,
        "iops" : 26.695598,
        "runtime" : 30417,
        "total_ios" : 812,
        "short_ios" : 0,
        "drop_ios" : 0,
        "slat_ns" : {
          "min" : 81947,
          "max" : 1230775,
          "mean" : 179916.107143,
          "stddev" : 100847.773687,
          "N" : 812
        },
        "clat_ns" : {
          "min" : 208540037,
          "max" : 1540639591,
          "mean" : 598645302.631773,
          "stddev" : 231077716.265873,
          "N" : 812,
          "percentile" : {
            "1.000000" : 252706816,
            "5.000000" : 312475648,
            "10.000000" : 350224384,
            "20.000000" : 408944640,
            "30.000000" : 446693376,
            "40.000000" : 505413632,
            "50.000000" : 549453824,
            "60.000000" : 608174080,
            "70.000000" : 675282944,
            "80.000000" : 784334848,
            "90.000000" : 910163968,
            "95.000000" : 1069547520,
            "99.000000" : 1300234240,
            "99.500000" : 1350565888,
            "99.900000" : 1535115264,
            "99.950000" : 1535115264,
            "99.990000" : 1535115264
          }
        },
        "lat_ns" : {
          "min" : 208736693,
          "max" : 1540798205,
          "mean" : 598825733.597290,
          "stddev" : 231067373.744649,
          "N" : 812
        },
        "bw_min" : 49152,
        "bw_max" : 139264,
        "bw_agg" : 99.391681,
        "bw_mean" : 108680.533333,
        "bw_dev" : 16094.490738,
        "bw_samples" : 60,
        "iops_min" : 12,
        "iops_max" : 34,
        "iops_mean" : 26.533333,
        "iops_stddev" : 3.929319,
        "iops_samples" : 60
      },
      "trim" : {
        "io_bytes" : 0,
        "io_kbytes" : 0,
        "bw_bytes" : 0,
        "bw" : 0,
        "iops" : 0.000000,
        "runtime" : 0,
        "total_ios" : 0,
        "short_ios" : 0,
        "drop_ios" : 0,
        "slat_ns" : {
          "min" : 0,
          "max" : 0,
          "mean" : 0.000000,
          "stddev" : 0.000000,
          "N" : 0
        },
        "clat_ns" : {
          "min" : 0,
          "max" : 0,
          "mean" : 0.000000,
          "stddev" : 0.000000,
          "N" : 0
        },
        "lat_ns" : {
          "min" : 0,
          "max" : 0,
          "mean" : 0.000000,
          "stddev" : 0.000000,
          "N" : 0
        },
        "bw_min" : 0,
        "bw_max" : 0,
        "bw_agg" : 0.000000,
        "bw_mean" : 0.000000,
        "bw_dev" : 0.000000,
        "bw_samples" : 0,
        "iops_min" : 0,
        "iops_max" : 0,
        "iops_mean" : 0.000000,
        "iops_stddev" : 0.000000,
        "iops_samples" : 0
      },
      "sync" : {
        "total_ios" : 0,
        "lat_ns" : {
          "min" : 0,
          "max" : 0,
          "mean" : 0.000000,
          "stddev" : 0.000000,
          "N" : 0
        }
      },
      "job_runtime" : 30416,
      "usr_cpu" : 0.276170,
      "sys_cpu" : 0.223567,
      "ctx" : 823,
      "majf" : 0,
      "minf" : 10,
      "iodepth_level" : {
        "1" : 0.123153,
        "2" : 0.246305,
        "4" : 0.492611,
        "8" : 0.985222,
        "16" : 98.152709,
        "32" : 0.000000,
        ">=64" : 0.000000
      },
      "iodepth_submit" : {
        "0" : 0.000000,
        "4" : 100.000000,
        "8" : 0.000000,
        "16" : 0.000000,
        "32" : 0.000000,
        "64" : 0.000000,
        ">=64" : 0.000000
      },
      "iodepth_complete" : {
        "0" : 0.000000,
        "4" : 99.874687,
        "8" : 0.000000,
        "16" : 0.125313,
        "32" : 0.000000,
        "64" : 0.000000,
        ">=64" : 0.000000
      },
      "latency_ns" : {
        "2" : 0.000000,
        "4" : 0.000000,
        "10" : 0.000000,
        "20" : 0.000000,
        "50" : 0.000000,
        "100" : 0.000000,
        "250" : 0.000000,
        "500" : 0.000000,
        "750" : 0.000000,
        "1000" : 0.000000
      },
      "latency_us" : {
        "2" : 0.000000,
        "4" : 0.000000,
        "10" : 0.000000,
        "20" : 0.000000,
        "50" : 0.000000,
        "100" : 0.000000,
        "250" : 0.000000,
        "500" : 0.000000,
        "750" : 0.000000,
        "1000" : 0.000000
      },
      "latency_ms" : {
        "2" : 0.000000,
        "4" : 0.000000,
        "10" : 0.000000,
        "20" : 0.000000,
        "50" : 0.000000,
        "100" : 0.000000,
        "250" : 0.862069,
        "500" : 38.793103,
        "750" : 37.192118,
        "1000" : 16.502463,
        "2000" : 6.650246,
        ">=2000" : 0.000000
      },
      "latency_depth" : 16,
      "latency_target" : 0,
      "latency_percentile" : 100.000000,
      "latency_window" : 0
    }
  ]
}
