{
  "fio version" : "fio-3.28",
  "timestamp" : 1723014172,
  "timestamp_ms" : 1723014172167,
  "time" : "Wed Aug  7 15:02:52 2024",
  "jobs" : [
    {
      "jobname" : "disktest",
      "groupid" : 0,
      "error" : 0,
      "eta" : 0,
      "elapsed" : 31,
      "job options" : {
        "ioengine" : "libaio",
        "iodepth" : "8",
        "numjobs" : "1",
        "rw" : "randread",
        "bs" : "4k",
        "direct" : "1",
        "buffered" : "0",
        "size" : "2G",
        "runtime" : "30"
      },
      "read" : {
        "io_bytes" : 1359478784,
        "io_kbytes" : 1327616,
        "bw_bytes" : 45314448,
        "bw" : 44252,
        "iops" : 11063.097897,
        "runtime" : 30001,
        "total_ios" : 331904,
        "short_ios" : 0,
        "drop_ios" : 0,
        "slat_ns" : {
          "min" : 7457,
          "max" : 3277986,
          "mean" : 41442.374494,
          "stddev" : 17425.195002,
          "N" : 331904
        },
        "clat_ns" : {
          "min" : 154898,
          "max" : 160088319,
          "mean" : 679140.321379,
          "stddev" : 1884075.579351,
          "N" : 331904,
          "percentile" : {
            "1.000000" : 301056,
            "5.000000" : 378880,
            "10.000000" : 423936,
            "20.000000" : 477184,
            "30.000000" : 514048,
            "40.000000" : 544768,
            "50.000000" : 585728,
            "60.000000" : 618496,
            "70.000000" : 659456,
            "80.000000" : 708608,
            "90.000000" : 782336,
            "95.000000" : 872448,
            "99.000000" : 1531904,
            "99.500000" : 3620864,
            "99.900000" : 18219008,
            "99.950000" : 39583744,
            "99.990000" : 88604672
          }
        },
        "lat_ns" : {
          "min" : 179224,
          "max" : 160143379,
          "mean" : 720915.126564,
          "stddev" : 1884003.959216,
          "N" : 331904
        },
        "bw_min" : 9712,
        "bw_max" : 55200,
        "bw_agg" : 99.881610,
        "bw_mean" : 44200.813559,
        "bw_dev" : 8601.583135,
        "bw_samples" : 59,
        "iops_min" : 2428,
        "iops_max" : 13800,
        "iops_mean" : 11050.203390,
        "iops_stddev" : 2150.395784,
        "iops_samples" : 59
      },
      "write" : {
        "io_bytes" : 0,
        "io_kbytes" : 0,
        "bw_bytes" : 0,
        "bw" : 0,
        "iops" : 0.000000,
        "runtime" : 0,
        "total_ios" : 0,
        "short_ios" : 0,
        "drop_ios" : 0,
        "slat_ns" : {
          "min" : 0,
          "max" : 0,
          "mean" : 0.000000,
          "stddev" : 0.000000,
          "N" : 0
        },
        "clat_ns" : {
          "min" : 0,
          "max" : 0,
          "mean" : 0.000000,
          "stddev" : 0.000000,
          "N" : 0
        },
        "lat_ns" : {
          "min" : 0,
          "max" : 0,
          "mean" : 0.000000,
          "stddev" : 0.000000,
          "N" : 0
        },
        "bw_min" : 0,
        "bw_max" : 0,
        "bw_agg" : 0.000000,
        "bw_mean" : 0.000000,
        "bw_dev" : 0.000000,
        "bw_samples" : 0,
        "iops_min" : 0,
        "iops_max" : 0,
        "iops_mean" : 0.000000,
        "iops_stddev" : 0.000000,
        "iops_samples" : 0
      },
      "trim" : {
        "io_bytes" : 0,
        "io_kbytes" : 0,
        "bw_bytes" : 0,
        "bw" : 0,
        "iops" : 0.000000,
        "runtime" : 0,
        "total_ios" : 0,
        "short_ios" : 0,
        "drop_ios" : 0,
        "slat_ns" : {
          "min" : 0,
          "max" : 0,
          "mean" : 0.000000,
          "stddev" : 0.000000,
          "N" : 0
        },
        "clat_ns" : {
          "min" : 0,
          "max" : 0,
          "mean" : 0.000000,
          "stddev" : 0.000000,
          "N" : 0
        },
        "lat_ns" : {
          "min" : 0,
          "max" : 0,
          "mean" : 0.000000,
          "stddev" : 0.000000,
          "N" : 0
        },
        "bw_min" : 0,
        "bw_max" : 0,
        "bw_agg" : 0.000000,
        "bw_mean" : 0.000000,
        "bw_dev" : 0.000000,
        "bw_samples" : 0,
        "iops_min" : 0,
        "iops_max" : 0,
        "iops_mean" : 0.000000,
        "iops_stddev" : 0.000000,
        "iops_samples" : 0
      },
      "sync" : {
        "total_ios" : 0,
        "lat_ns" : {
          "min" : 0,
          "max" : 0,
          "mean" : 0.000000,
          "stddev" : 0.000000,
          "N" : 0
        }
      },
      "job_runtime" : 30000,
      "usr_cpu" : 6.436667,
      "sys_cpu" : 28.940000,
      "ctx" : 364624,
      "majf" : 0,
      "minf" : 67,
      "iodepth_level" : {
        "1" : 0.100000,
        "2" : 0.100000,
        "4" : 0.100000,
        "8" : 99.997891,
        "16" : 0.000000,
        "32" : 0.000000,
        ">=64" : 0.000000
      },
      "iodepth_submit" : {
        "0" : 0.000000,
        "4" : 100.000000,
        "8" : 0.000000,
        "16" : 0.000000,
        "32" : 0.000000,
        "64" : 0.000000,
        ">=64" : 0.000000
      },
      "iodepth_complete" : {
        "0" : 0.000000,
        "4" : 99.999699,
        "8" : 0.100000,
        "16" : 0.000000,
        "32" : 0.000000,
        "64" : 0.000000,
        ">=64" : 0.000000
      },
      "latency_ns" : {
        "2" : 0.000000,
        "4" : 0.000000,
        "10" : 0.000000,
        "20" : 0.000000,
        "50" : 0.000000,
        "100" : 0.000000,
        "250" : 0.000000,
        "500" : 0.000000,
        "750" : 0.000000,
        "1000" : 0.000000
      },
      "latency_us" : {
        "2" : 0.000000,
        "4" : 0.000000,
        "10" : 0.000000,
        "20" : 0.000000,
        "50" : 0.000000,
        "100" : 0.000000,
        "250" : 0.280804,
        "500" : 25.813187,
        "750" : 60.142391,
        "1000" : 11.441561
      },
      "latency_ms" : {
        "2" : 1.513088,
        "4" : 0.358537,
        "10" : 0.260919,
        "20" : 0.098824,
        "50" : 0.050014,
        "100" : 0.035251,
        "250" : 0.010000,
        "500" : 0.000000,
        "750" : 0.000000,
        "1000" : 0.000000,
        "2000" : 0.000000,
        ">=2000" : 0.000000
      },
      "latency_depth" : 8,
      "latency_target" : 0,
      "latency_percentile" : 100.000000,
      "latency_window" : 0
    }
  ]
}
