{
  "fio version" : "fio-3.28",
  "timestamp" : 1723014294,
  "timestamp_ms" : 1723014294095,
  "time" : "Wed Aug  7 15:04:54 2024",
  "jobs" : [
    {
      "jobname" : "disktest",
      "groupid" : 0,
      "error" : 0,
      "eta" : 0,
      "elapsed" : 31,
      "job options" : {
        "ioengine" : "libaio",
        "iodepth" : "4",
        "numjobs" : "4",
        "rw" : "randread",
        "bs" : "4k",
        "direct" : "1",
        "buffered" : "0",
        "size" : "2G",
        "runtime" : "30"
      },
      "read" : {
        "io_bytes" : 2742042624,
        "io_kbytes" : 2677776,
        "bw_bytes" : 91398374,
        "bw" : 89256,
        "iops" : 22314.056198,
        "runtime" : 30001,
        "total_ios" : 669444,
        "short_ios" : 0,
        "drop_ios" : 0,
        "slat_ns" : {
          "min" : 7879,
          "max" : 2070272,
          "mean" : 51172.255841,
          "stddev" : 25246.603390,
          "N" : 669444
        },
        "clat_ns" : {
          "min" : 90548,
          "max" : 74458996,
          "mean" : 662160.956872,
          "stddev" : 953840.558389,
          "N" : 669444,
          "percentile" : {
            "1.000000" : 309248,
            "5.000000" : 395264,
            "10.000000" : 436224,
            "20.000000" : 489472,
            "30.000000" : 528384,
            "40.000000" : 569344,
            "50.000000" : 602112,
            "60.000000" : 643072,
            "70.000000" : 684032,
            "80.000000" : 741376,
            "90.000000" : 823296,
            "95.000000" : 913408,
            "99.000000" : 1433600,
            "99.500000" : 2801664,
            "99.900000" : 8716288,
            "99.950000" : 15400960,
            "99.990000" : 49545216
          }
        },
        "lat_ns" : {
          "min" : 202170,
          "max" : 74508150,
          "mean" : 713774.769479,
          "stddev" : 953666.920278,
          "N" : 669444
        },
        "bw_min" : 55920,
        "bw_max" : 102600,
        "bw_agg" : 100.000000,
        "bw_mean" : 89436.203390,
        "bw_dev" : 2362.219889,
        "bw_samples" : 236,
        "iops_min" : 13980,
        "iops_max" : 25650,
        "iops_mean" : 22359.050847,
        "iops_stddev" : 590.554972,
        "iops_samples" : 236
      },
      "write" : {
        "io_bytes" : 0,
        "io_kbytes" : 0,
        "bw_bytes" : 0,
        "bw" : 0,
        "iops" : 0.000000,
        "runtime" : 0,
        "total_ios" : 0,
        "short_ios" : 0,
        "drop_ios" : 0,
        "slat_ns" : {
          "min" : 0,
          "max" : 0,
          "mean" : 0.000000,
          "stddev" : 0.000000,
          "N" : 0
        },
        "clat_ns" : {
          "min" : 0,
          "max" : 0,
          "mean" : 0.000000,
          "stddev" : 0.000000,
          "N" : 0
        },
        "lat_ns" : {
          "min" : 0,
          "max" : 0,
          "mean" : 0.000000,
          "stddev" : 0.000000,
          "N" : 0
        },
        "bw_min" : 0,
        "bw_max" : 0,
        "bw_agg" : 0.000000,
        "bw_mean" : 0.000000,
        "bw_dev" : 0.000000,
        "bw_samples" : 0,
        "iops_min" : 0,
        "iops_max" : 0,
        "iops_mean" : 0.000000,
        "iops_stddev" : 0.000000,
        "iops_samples" : 0
      },
      "trim" : {
        "io_bytes" : 0,
        "io_kbytes" : 0,
        "bw_bytes" : 0,
        "bw" : 0,
        "iops" : 0.000000,
        "runtime" : 0,
        "total_ios" : 0,
        "short_ios" : 0,
        "drop_ios" : 0,
        "slat_ns" : {
          "min" : 0,
          "max" : 0,
          "mean" : 0.000000,
          "stddev" : 0.000000,
          "N" : 0
        },
        "clat_ns" : {
          "min" : 0,
          "max" : 0,
          "mean" : 0.000000,
          "stddev" : 0.000000,
          "N" : 0
        },
        "lat_ns" : {
          "min" : 0,
          "max" : 0,
          "mean" : 0.000000,
          "stddev" : 0.000000,
          "N" : 0
        },
        "bw_min" : 0,
        "bw_max" : 0,
        "bw_agg" : 0.000000,
        "bw_mean" : 0.000000,
        "bw_dev" : 0.000000,
        "bw_samples" : 0,
        "iops_min" : 0,
        "iops_max" : 0,
        "iops_mean" : 0.000000,
        "iops_stddev" : 0.000000,
        "iops_samples" : 0
      },
      "sync" : {
        "total_ios" : 0,
        "lat_ns" : {
          "min" : 0,
          "max" : 0,
          "mean" : 0.000000,
          "stddev" : 0.000000,
          "N" : 0
        }
      },
      "job_runtime" : 120000,
      "usr_cpu" : 4.222500,
      "sys_cpu" : 19.050000,
      "ctx" : 874650,
      "majf" : 0,
      "minf" : 164,
      "iodepth_level" : {
        "1" : 0.100000,
        "2" : 0.100000,
        "4" : 99.998207,
        "8" : 0.000000,
        "16" : 0.000000,
        "32" : 0.000000,
        ">=64" : 0.000000
      },
      "iodepth_submit" : {
        "0" : 0.000000,
        "4" : 100.000000,
        "8" : 0.000000,
        "16" : 0.000000,
        "32" : 0.000000,
        "64" : 0.000000,
        ">=64" : 0.000000
      },
      "iodepth_complete" : {
        "0" : 0.000000,
        "4" : 100.000000,
        "8" : 0.000000,
        "16" : 0.000000,
        "32" : 0.000000,
        "64" : 0.000000,
        ">=64" : 0.000000
      },
      "latency_ns" : {
        "2" : 0.000000,
        "4" : 0.000000,
        "10" : 0.000000,
        "20" : 0.000000,
        "50" : 0.000000,
        "100" : 0.000000,
        "250" : 0.000000,
        "500" : 0.000000,
        "750" : 0.000000,
        "1000" : 0.000000
      },
      "latency_us" : {
        "2" : 0.000000,
        "4" : 0.000000,
        "10" : 0.000000,
        "20" : 0.000000,
        "50" : 0.000000,
        "100" : 0.010000,
        "250" : 0.229743,
        "500" : 22.580978,
        "750" : 59.003292,
        "1000" : 15.182450
      },
      "latency_ms" : {
        "2" : 2.316101,
        "4" : 0.358058,
        "10" : 0.249013,
        "20" : 0.038838,
        "50" : 0.031967,
        "100" : 0.010000,
        "250" : 0.000000,
        "500" : 0.000000,
        "750" : 0.000000,
        "1000" : 0.000000,
        "2000" : 0.000000,
        ">=2000" : 0.000000
      },
      "latency_depth" : 4,
      "latency_target" : 0,
      "latency_percentile" : 100.000000,
      "latency_window" : 0
    }
  ]
}
