{
  "fio version" : "fio-3.28",
  "timestamp" : 1723014263,
  "timestamp_ms" : 1723014263619,
  "time" : "Wed Aug  7 15:04:23 2024",
  "jobs" : [
    {
      "jobname" : "disktest",
      "groupid" : 0,
      "error" : 0,
      "eta" : 0,
      "elapsed" : 31,
      "job options" : {
        "ioengine" : "libaio",
        "iodepth" : "2",
        "numjobs" : "4",
        "rw" : "randread",
        "bs" : "4k",
        "direct" : "1",
        "buffered" : "0",
        "size" : "2G",
        "runtime" : "30"
      },
      "read" : {
        "io_bytes" : 1314242560,
        "io_kbytes" : 1283440,
        "bw_bytes" : 43806625,
        "bw" : 42779,
        "iops" : 10694.976834,
        "runtime" : 30001,
        "total_ios" : 320860,
        "short_ios" : 0,
        "drop_ios" : 0,
        "slat_ns" : {
          "min" : 8287,
          "max" : 4165512,
          "mean" : 49467.634071,
          "stddev" : 28532.578795,
          "N" : 320860
        },
        "clat_ns" : {
          "min" : 4283,
          "max" : 77283739,
          "mean" : 693825.222589,
          "stddev" : 676681.316391,
          "N" : 320860,
          "percentile" : {
            "1.000000" : 313344,
            "5.000000" : 419840,
            "10.000000" : 468992,
            "20.000000" : 528384,
            "30.000000" : 569344,
            "40.000000" : 610304,
            "50.000000" : 651264,
            "60.000000" : 684032,
            "70.000000" : 724992,
            "80.000000" : 774144,
            "90.000000" : 847872,
            "95.000000" : 921600,
            "99.000000" : 1515520,
            "99.500000" : 3260416,
            "99.900000" : 9371648,
            "99.950000" : 12517376,
            "99.990000" : 21626880
          }
        },
        "lat_ns" : {
          "min" : 190834,
          "max" : 77395083,
          "mean" : 743774.291264,
          "stddev" : 677572.170817,
          "N" : 320860
        },
        "bw_min" : 11560,
        "bw_max" : 48336,
        "bw_agg" : 100.000000,
        "bw_mean" : 42783.728814,
        "bw_dev" : 1280.691400,
        "bw_samples" : 236,
        "iops_min" : 2890,
        "iops_max" : 12084,
        "iops_mean" : 10695.932203,
        "iops_stddev" : 320.172850,
        "iops_samples" : 236
      },
      "write" : {
        "io_bytes" : 0,
        "io_kbytes" : 0,
        "bw_bytes" : 0,
        "bw" : 0,
        "iops" : 0.000000,
        "runtime" : 0,
        "total_ios" : 0,
        "short_ios" : 0,
        "drop_ios" : 0,
        "slat_ns" : {
          "min" : 0,
          "max" : 0,
          "mean" : 0.000000,
          "stddev" : 0.000000,
          "N" : 0
        },
        "clat_ns" : {
          "min" : 0,
          "max" : 0,
          "mean" : 0.000000,
          "stddev" : 0.000000,
          "N" : 0
        },
        "lat_ns" : {
          "min" : 0,
          "max" : 0,
          "mean" : 0.000000,
          "stddev" : 0.000000,
          "N" : 0
        },
        "bw_min" : 0,
        "bw_max" : 0,
        "bw_agg" : 0.000000,
        "bw_mean" : 0.000000,
        "bw_dev" : 0.000000,
        "bw_samples" : 0,
        "iops_min" : 0,
        "iops_max" : 0,
        "iops_mean" : 0.000000,
        "iops_stddev" : 0.000000,
        "iops_samples" : 0
      },
      "trim" : {
        "io_bytes" : 0,
        "io_kbytes" : 0,
        "bw_bytes" : 0,
        "bw" : 0,
        "iops" : 0.000000,
        "runtime" : 0,
        "total_ios" : 0,
        "short_ios" : 0,
        "drop_ios" : 0,
        "slat_ns" : {
          "min" : 0,
          "max" : 0,
          "mean" : 0.000000,
          "stddev" : 0.000000,
          "N" : 0
        },
        "clat_ns" : {
          "min" : 0,
          "max" : 0,
          "mean" : 0.000000,
          "stddev" : 0.000000,
          "N" : 0
        },
        "lat_ns" : {
          "min" : 0,
          "max" : 0,
          "mean" : 0.000000,
          "stddev" : 0.000000,
          "N" : 0
        },
        "bw_min" : 0,
        "bw_max" : 0,
        "bw_agg" : 0.000000,
        "bw_mean" : 0.000000,
        "bw_dev" : 0.000000,
        "bw_samples" : 0,
        "iops_min" : 0,
        "iops_max" : 0,
        "iops_mean" : 0.000000,
        "iops_stddev" : 0.000000,
        "iops_samples" : 0
      },
      "sync" : {
        "total_ios" : 0,
        "lat_ns" : {
          "min" : 0,
          "max" : 0,
          "mean" : 0.000000,
          "stddev" : 0.000000,
          "N" : 0
        }
      },
      "job_runtime" : 120000,
      "usr_cpu" : 2.577500,
      "sys_cpu" : 11.573333,
      "ctx" : 377787,
      "majf" : 0,
      "minf" : 198,
      "iodepth_level" : {
        "1" : 0.100000,
        "2" : 99.998753,
        "4" : 0.000000,
        "8" : 0.000000,
        "16" : 0.000000,
        "32" : 0.000000,
        ">=64" : 0.000000
      },
      "iodepth_submit" : {
        "0" : 0.000000,
        "4" : 100.000000,
        "8" : 0.000000,
        "16" : 0.000000,
        "32" : 0.000000,
        "64" : 0.000000,
        ">=64" : 0.000000
      },
      "iodepth_complete" : {
        "0" : 0.000000,
        "4" : 100.000000,
        "8" : 0.000000,
        "16" : 0.000000,
        "32" : 0.000000,
        "64" : 0.000000,
        ">=64" : 0.000000
      },
      "latency_ns" : {
        "2" : 0.000000,
        "4" : 0.000000,
        "10" : 0.000000,
        "20" : 0.000000,
        "50" : 0.000000,
        "100" : 0.000000,
        "250" : 0.000000,
        "500" : 0.000000,
        "750" : 0.000000,
        "1000" : 0.000000
      },
      "latency_us" : {
        "2" : 0.000000,
        "4" : 0.000000,
        "10" : 0.010000,
        "20" : 0.000000,
        "50" : 0.000000,
        "100" : 0.010000,
        "250" : 0.202892,
        "500" : 14.384778,
        "750" : 60.420121,
        "1000" : 22.066322
      },
      "latency_ms" : {
        "2" : 2.159509,
        "4" : 0.378358,
        "10" : 0.305741,
        "20" : 0.069812,
        "50" : 0.010000,
        "100" : 0.010000,
        "250" : 0.000000,
        "500" : 0.000000,
        "750" : 0.000000,
        "1000" : 0.000000,
        "2000" : 0.000000,
        ">=2000" : 0.000000
      },
      "latency_depth" : 2,
      "latency_target" : 0,
      "latency_percentile" : 100.000000,
      "latency_window" : 0
    }
  ]
}
