{
  "fio version" : "fio-3.28",
  "timestamp" : 1724146739,
  "timestamp_ms" : 1724146739030,
  "time" : "Tue Aug 20 17:38:59 2024",
  "jobs" : [
    {
      "jobname" : "disktest",
      "groupid" : 0,
      "error" : 0,
      "eta" : 0,
      "elapsed" : 31,
      "job options" : {
        "ioengine" : "libaio",
        "iodepth" : "16",
        "numjobs" : "1",
        "rw" : "randread",
        "bs" : "4096k",
        "direct" : "1",
        "buffered" : "0",
        "size" : "2G",
        "runtime" : "30"
      },
      "read" : {
        "io_bytes" : 3581935616,
        "io_kbytes" : 3497984,
        "bw_bytes" : 117440512,
        "bw" : 114688,
        "iops" : 28.000000,
        "runtime" : 30500,
        "total_ios" : 854,
        "short_ios" : 0,
        "drop_ios" : 0,
        "slat_ns" : {
          "min" : 28475,
          "max" : 1308033,
          "mean" : 117244.676815,
          "stddev" : 146790.110301,
          "N" : 854
        },
        "clat_ns" : {
          "min" : 123454463,
          "max" : 1934342759,
          "mean" : 570571327.708431,
          "stddev" : 363758975.449679,
          "N" : 854,
          "percentile" : {
            "1.000000" : 154140672,
            "5.000000" : 183500800,
            "10.000000" : 210763776,
            "20.000000" : 248512512,
            "30.000000" : 304087040,
            "40.000000" : 375390208,
            "50.000000" : 455081984,
            "60.000000" : 566231040,
            "70.000000" : 708837376,
            "80.000000" : 868220928,
            "90.000000" : 1132462080,
            "95.000000" : 1300234240,
            "99.000000" : 1602224128,
            "99.500000" : 1769996288,
            "99.900000" : 1937768448,
            "99.950000" : 1937768448,
            "99.990000" : 1937768448
          }
        },
        "lat_ns" : {
          "min" : 123592978,
          "max" : 1934506602,
          "mean" : 570689104.649883,
          "stddev" : 363756816.804412,
          "N" : 854
        },
        "bw_min" : 81920,
        "bw_max" : 147456,
        "bw_agg" : 99.761091,
        "bw_mean" : 114414.933333,
        "bw_dev" : 13655.184507,
        "bw_samples" : 60,
        "iops_min" : 20,
        "iops_max" : 36,
        "iops_mean" : 27.933333,
        "iops_stddev" : 3.333785,
        "iops_samples" : 60
      },
      "write" : {
        "io_bytes" : 0,
        "io_kbytes" : 0,
        "bw_bytes" : 0,
        "bw" : 0,
        "iops" : 0.000000,
        "runtime" : 0,
        "total_ios" : 0,
        "short_ios" : 0,
        "drop_ios" : 0,
        "slat_ns" : {
          "min" : 0,
          "max" : 0,
          "mean" : 0.000000,
          "stddev" : 0.000000,
          "N" : 0
        },
        "clat_ns" : {
          "min" : 0,
          "max" : 0,
          "mean" : 0.000000,
          "stddev" : 0.000000,
          "N" : 0
        },
        "lat_ns" : {
          "min" : 0,
          "max" : 0,
          "mean" : 0.000000,
          "stddev" : 0.000000,
          "N" : 0
        },
        "bw_min" : 0,
        "bw_max" : 0,
        "bw_agg" : 0.000000,
        "bw_mean" : 0.000000,
        "bw_dev" : 0.000000,
        "bw_samples" : 0,
        "iops_min" : 0,
        "iops_max" : 0,
        "iops_mean" : 0.000000,
        "iops_stddev" : 0.000000,
        "iops_samples" : 0
      },
      "trim" : {
        "io_bytes" : 0,
        "io_kbytes" : 0,
        "bw_bytes" : 0,
        "bw" : 0,
        "iops" : 0.000000,
        "runtime" : 0,
        "total_ios" : 0,
        "short_ios" : 0,
        "drop_ios" : 0,
        "slat_ns" : {
          "min" : 0,
          "max" : 0,
          "mean" : 0.000000,
          "stddev" : 0.000000,
          "N" : 0
        },
        "clat_ns" : {
          "min" : 0,
          "max" : 0,
          "mean" : 0.000000,
          "stddev" : 0.000000,
          "N" : 0
        },
        "lat_ns" : {
          "min" : 0,
          "max" : 0,
          "mean" : 0.000000,
          "stddev" : 0.000000,
          "N" : 0
        },
        "bw_min" : 0,
        "bw_max" : 0,
        "bw_agg" : 0.000000,
        "bw_mean" : 0.000000,
        "bw_dev" : 0.000000,
        "bw_samples" : 0,
        "iops_min" : 0,
        "iops_max" : 0,
        "iops_mean" : 0.000000,
        "iops_stddev" : 0.000000,
        "iops_samples" : 0
      },
      "sync" : {
        "total_ios" : 0,
        "lat_ns" : {
          "min" : 0,
          "max" : 0,
          "mean" : 0.000000,
          "stddev" : 0.000000,
          "N" : 0
        }
      },
      "job_runtime" : 30499,
      "usr_cpu" : 0.006558,
      "sys_cpu" : 0.363946,
      "ctx" : 924,
      "majf" : 0,
      "minf" : 16394,
      "iodepth_level" : {
        "1" : 0.117096,
        "2" : 0.234192,
        "4" : 0.468384,
        "8" : 0.936768,
        "16" : 98.243560,
        "32" : 0.000000,
        ">=64" : 0.000000
      },
      "iodepth_submit" : {
        "0" : 0.000000,
        "4" : 100.000000,
        "8" : 0.000000,
        "16" : 0.000000,
        "32" : 0.000000,
        "64" : 0.000000,
        ">=64" : 0.000000
      },
      "iodepth_complete" : {
        "0" : 0.000000,
        "4" : 99.880952,
        "8" : 0.000000,
        "16" : 0.119048,
        "32" : 0.000000,
        "64" : 0.000000,
        ">=64" : 0.000000
      },
      "latency_ns" : {
        "2" : 0.000000,
        "4" : 0.000000,
        "10" : 0.000000,
        "20" : 0.000000,
        "50" : 0.000000,
        "100" : 0.000000,
        "250" : 0.000000,
        "500" : 0.000000,
        "750" : 0.000000,
        "1000" : 0.000000
      },
      "latency_us" : {
        "2" : 0.000000,
        "4" : 0.000000,
        "10" : 0.000000,
        "20" : 0.000000,
        "50" : 0.000000,
        "100" : 0.000000,
        "250" : 0.000000,
        "500" : 0.000000,
        "750" : 0.000000,
        "1000" : 0.000000
      },
      "latency_ms" : {
        "2" : 0.000000,
        "4" : 0.000000,
        "10" : 0.000000,
        "20" : 0.000000,
        "50" : 0.000000,
        "100" : 0.000000,
        "250" : 20.374707,
        "500" : 34.192037,
        "750" : 17.681499,
        "1000" : 13.466042,
        "2000" : 14.285714,
        ">=2000" : 0.000000
      },
      "latency_depth" : 16,
      "latency_target" : 0,
      "latency_percentile" : 100.000000,
      "latency_window" : 0
    }
  ]
}
