{
  "fio version" : "fio-3.28",
  "timestamp" : 1724153258,
  "timestamp_ms" : 1724153258913,
  "time" : "Tue Aug 20 19:27:38 2024",
  "jobs" : [
    {
      "jobname" : "disktest",
      "groupid" : 0,
      "error" : 0,
      "eta" : 0,
      "elapsed" : 31,
      "job options" : {
        "ioengine" : "libaio",
        "iodepth" : "4",
        "numjobs" : "4",
        "rw" : "write",
        "bs" : "4096k",
        "direct" : "1",
        "buffered" : "0",
        "size" : "2G",
        "runtime" : "30"
      },
      "read" : {
        "io_bytes" : 0,
        "io_kbytes" : 0,
        "bw_bytes" : 0,
        "bw" : 0,
        "iops" : 0.000000,
        "runtime" : 0,
        "total_ios" : 0,
        "short_ios" : 0,
        "drop_ios" : 0,
        "slat_ns" : {
          "min" : 0,
          "max" : 0,
          "mean" : 0.000000,
          "stddev" : 0.000000,
          "N" : 0
        },
        "clat_ns" : {
          "min" : 0,
          "max" : 0,
          "mean" : 0.000000,
          "stddev" : 0.000000,
          "N" : 0
        },
        "lat_ns" : {
          "min" : 0,
          "max" : 0,
          "mean" : 0.000000,
          "stddev" : 0.000000,
          "N" : 0
        },
        "bw_min" : 0,
        "bw_max" : 0,
        "bw_agg" : 0.000000,
        "bw_mean" : 0.000000,
        "bw_dev" : 0.000000,
        "bw_samples" : 0,
        "iops_min" : 0,
        "iops_max" : 0,
        "iops_mean" : 0.000000,
        "iops_stddev" : 0.000000,
        "iops_samples" : 0
      },
      "write" : {
        "io_bytes" : 3393191936,
        "io_kbytes" : 3313664,
        "bw_bytes" : 111585120,
        "bw" : 108969,
        "iops" : 26.603966,
        "runtime" : 30409,
        "total_ios" : 809,
        "short_ios" : 0,
        "drop_ios" : 0,
        "slat_ns" : {
          "min" : 110321,
          "max" : 70437842,
          "mean" : 466540.902349,
          "stddev" : 2705539.409867,
          "N" : 809
        },
        "clat_ns" : {
          "min" : 193550237,
          "max" : 1659218821,
          "mean" : 598660671.651422,
          "stddev" : 260574217.516228,
          "N" : 809,
          "percentile" : {
            "1.000000" : 242221056,
            "5.000000" : 283115520,
            "10.000000" : 325058560,
            "20.000000" : 379584512,
            "30.000000" : 429916160,
            "40.000000" : 484442112,
            "50.000000" : 530579456,
            "60.000000" : 599785472,
            "70.000000" : 692060160,
            "80.000000" : 792723456,
            "90.000000" : 977272832,
            "95.000000" : 1115684864,
            "99.000000" : 1350565888,
            "99.500000" : 1568669696,
            "99.900000" : 1652555776,
            "99.950000" : 1652555776,
            "99.990000" : 1652555776
          }
        },
        "lat_ns" : {
          "min" : 193731273,
          "max" : 1659500540,
          "mean" : 599127828.221261,
          "stddev" : 260489350.945915,
          "N" : 809
        },
        "bw_min" : 32768,
        "bw_max" : 196608,
        "bw_agg" : 99.357764,
        "bw_mean" : 108270.933333,
        "bw_dev" : 9207.347558,
        "bw_samples" : 240,
        "iops_min" : 8,
        "iops_max" : 48,
        "iops_mean" : 26.433333,
        "iops_stddev" : 2.247888,
        "iops_samples" : 240
      },
      "trim" : {
        "io_bytes" : 0,
        "io_kbytes" : 0,
        "bw_bytes" : 0,
        "bw" : 0,
        "iops" : 0.000000,
        "runtime" : 0,
        "total_ios" : 0,
        "short_ios" : 0,
        "drop_ios" : 0,
        "slat_ns" : {
          "min" : 0,
          "max" : 0,
          "mean" : 0.000000,
          "stddev" : 0.000000,
          "N" : 0
        },
        "clat_ns" : {
          "min" : 0,
          "max" : 0,
          "mean" : 0.000000,
          "stddev" : 0.000000,
          "N" : 0
        },
        "lat_ns" : {
          "min" : 0,
          "max" : 0,
          "mean" : 0.000000,
          "stddev" : 0.000000,
          "N" : 0
        },
        "bw_min" : 0,
        "bw_max" : 0,
        "bw_agg" : 0.000000,
        "bw_mean" : 0.000000,
        "bw_dev" : 0.000000,
        "bw_samples" : 0,
        "iops_min" : 0,
        "iops_max" : 0,
        "iops_mean" : 0.000000,
        "iops_stddev" : 0.000000,
        "iops_samples" : 0
      },
      "sync" : {
        "total_ios" : 0,
        "lat_ns" : {
          "min" : 0,
          "max" : 0,
          "mean" : 0.000000,
          "stddev" : 0.000000,
          "N" : 0
        }
      },
      "job_runtime" : 121485,
      "usr_cpu" : 0.090546,
      "sys_cpu" : 0.086430,
      "ctx" : 868,
      "majf" : 0,
      "minf" : 39,
      "iodepth_level" : {
        "1" : 0.494438,
        "2" : 0.988875,
        "4" : 98.516687,
        "8" : 0.000000,
        "16" : 0.000000,
        "32" : 0.000000,
        ">=64" : 0.000000
      },
      "iodepth_submit" : {
        "0" : 0.000000,
        "4" : 100.000000,
        "8" : 0.000000,
        "16" : 0.000000,
        "32" : 0.000000,
        "64" : 0.000000,
        ">=64" : 0.000000
      },
      "iodepth_complete" : {
        "0" : 0.000000,
        "4" : 100.000000,
        "8" : 0.000000,
        "16" : 0.000000,
        "32" : 0.000000,
        "64" : 0.000000,
        ">=64" : 0.000000
      },
      "latency_ns" : {
        "2" : 0.000000,
        "4" : 0.000000,
        "10" : 0.000000,
        "20" : 0.000000,
        "50" : 0.000000,
        "100" : 0.000000,
        "250" : 0.000000,
        "500" : 0.000000,
        "750" : 0.000000,
        "1000" : 0.000000
      },
      "latency_us" : {
        "2" : 0.000000,
        "4" : 0.000000,
        "10" : 0.000000,
        "20" : 0.000000,
        "50" : 0.000000,
        "100" : 0.000000,
        "250" : 0.000000,
        "500" : 0.000000,
        "750" : 0.000000,
        "1000" : 0.000000
      },
      "latency_ms" : {
        "2" : 0.000000,
        "4" : 0.000000,
        "10" : 0.000000,
        "20" : 0.000000,
        "50" : 0.000000,
        "100" : 0.000000,
        "250" : 1.606922,
        "500" : 42.027194,
        "750" : 32.385661,
        "1000" : 15.080346,
        "2000" : 8.899876,
        ">=2000" : 0.000000
      },
      "latency_depth" : 4,
      "latency_target" : 0,
      "latency_percentile" : 100.000000,
      "latency_window" : 0
    }
  ]
}
