{
  "fio version" : "fio-3.28",
  "timestamp" : 1724148910,
  "timestamp_ms" : 1724148910100,
  "time" : "Tue Aug 20 18:15:10 2024",
  "jobs" : [
    {
      "jobname" : "disktest",
      "groupid" : 0,
      "error" : 0,
      "eta" : 0,
      "elapsed" : 31,
      "job options" : {
        "ioengine" : "libaio",
        "iodepth" : "16",
        "numjobs" : "1",
        "rw" : "write",
        "bs" : "4096k",
        "direct" : "1",
        "buffered" : "0",
        "size" : "2G",
        "runtime" : "30"
      },
      "read" : {
        "io_bytes" : 0,
        "io_kbytes" : 0,
        "bw_bytes" : 0,
        "bw" : 0,
        "iops" : 0.000000,
        "runtime" : 0,
        "total_ios" : 0,
        "short_ios" : 0,
        "drop_ios" : 0,
        "slat_ns" : {
          "min" : 0,
          "max" : 0,
          "mean" : 0.000000,
          "stddev" : 0.000000,
          "N" : 0
        },
        "clat_ns" : {
          "min" : 0,
          "max" : 0,
          "mean" : 0.000000,
          "stddev" : 0.000000,
          "N" : 0
        },
        "lat_ns" : {
          "min" : 0,
          "max" : 0,
          "mean" : 0.000000,
          "stddev" : 0.000000,
          "N" : 0
        },
        "bw_min" : 0,
        "bw_max" : 0,
        "bw_agg" : 0.000000,
        "bw_mean" : 0.000000,
        "bw_dev" : 0.000000,
        "bw_samples" : 0,
        "iops_min" : 0,
        "iops_max" : 0,
        "iops_mean" : 0.000000,
        "iops_stddev" : 0.000000,
        "iops_samples" : 0
      },
      "write" : {
        "io_bytes" : 3384803328,
        "io_kbytes" : 3305472,
        "bw_bytes" : 111035406,
        "bw" : 108433,
        "iops" : 26.472904,
        "runtime" : 30484,
        "total_ios" : 807,
        "short_ios" : 0,
        "drop_ios" : 0,
        "slat_ns" : {
          "min" : 90894,
          "max" : 1198723,
          "mean" : 205994.845105,
          "stddev" : 101617.533680,
          "N" : 807
        },
        "clat_ns" : {
          "min" : 215973231,
          "max" : 1764401360,
          "mean" : 603510097.244115,
          "stddev" : 235967491.183760,
          "N" : 807,
          "percentile" : {
            "1.000000" : 261095424,
            "5.000000" : 320864256,
            "10.000000" : 354418688,
            "20.000000" : 413138944,
            "30.000000" : 459276288,
            "40.000000" : 505413632,
            "50.000000" : 557842432,
            "60.000000" : 608174080,
            "70.000000" : 675282944,
            "80.000000" : 750780416,
            "90.000000" : 918552576,
            "95.000000" : 1069547520,
            "99.000000" : 1417674752,
            "99.500000" : 1518338048,
            "99.900000" : 1769996288,
            "99.950000" : 1769996288,
            "99.990000" : 1769996288
          }
        },
        "lat_ns" : {
          "min" : 216146913,
          "max" : 1764614908,
          "mean" : 603716622.286245,
          "stddev" : 235965958.433964,
          "N" : 807
        },
        "bw_min" : 40960,
        "bw_max" : 131072,
        "bw_agg" : 99.597896,
        "bw_mean" : 107997.866667,
        "bw_dev" : 17426.333184,
        "bw_samples" : 60,
        "iops_min" : 10,
        "iops_max" : 32,
        "iops_mean" : 26.366667,
        "iops_stddev" : 4.254476,
        "iops_samples" : 60
      },
      "trim" : {
        "io_bytes" : 0,
        "io_kbytes" : 0,
        "bw_bytes" : 0,
        "bw" : 0,
        "iops" : 0.000000,
        "runtime" : 0,
        "total_ios" : 0,
        "short_ios" : 0,
        "drop_ios" : 0,
        "slat_ns" : {
          "min" : 0,
          "max" : 0,
          "mean" : 0.000000,
          "stddev" : 0.000000,
          "N" : 0
        },
        "clat_ns" : {
          "min" : 0,
          "max" : 0,
          "mean" : 0.000000,
          "stddev" : 0.000000,
          "N" : 0
        },
        "lat_ns" : {
          "min" : 0,
          "max" : 0,
          "mean" : 0.000000,
          "stddev" : 0.000000,
          "N" : 0
        },
        "bw_min" : 0,
        "bw_max" : 0,
        "bw_agg" : 0.000000,
        "bw_mean" : 0.000000,
        "bw_dev" : 0.000000,
        "bw_samples" : 0,
        "iops_min" : 0,
        "iops_max" : 0,
        "iops_mean" : 0.000000,
        "iops_stddev" : 0.000000,
        "iops_samples" : 0
      },
      "sync" : {
        "total_ios" : 0,
        "lat_ns" : {
          "min" : 0,
          "max" : 0,
          "mean" : 0.000000,
          "stddev" : 0.000000,
          "N" : 0
        }
      },
      "job_runtime" : 30483,
      "usr_cpu" : 0.298527,
      "sys_cpu" : 0.275563,
      "ctx" : 812,
      "majf" : 0,
      "minf" : 10,
      "iodepth_level" : {
        "1" : 0.123916,
        "2" : 0.247831,
        "4" : 0.495663,
        "8" : 0.991326,
        "16" : 98.141264,
        "32" : 0.000000,
        ">=64" : 0.000000
      },
      "iodepth_submit" : {
        "0" : 0.000000,
        "4" : 100.000000,
        "8" : 0.000000,
        "16" : 0.000000,
        "32" : 0.000000,
        "64" : 0.000000,
        ">=64" : 0.000000
      },
      "iodepth_complete" : {
        "0" : 0.000000,
        "4" : 99.873897,
        "8" : 0.000000,
        "16" : 0.126103,
        "32" : 0.000000,
        "64" : 0.000000,
        ">=64" : 0.000000
      },
      "latency_ns" : {
        "2" : 0.000000,
        "4" : 0.000000,
        "10" : 0.000000,
        "20" : 0.000000,
        "50" : 0.000000,
        "100" : 0.000000,
        "250" : 0.000000,
        "500" : 0.000000,
        "750" : 0.000000,
        "1000" : 0.000000
      },
      "latency_us" : {
        "2" : 0.000000,
        "4" : 0.000000,
        "10" : 0.000000,
        "20" : 0.000000,
        "50" : 0.000000,
        "100" : 0.000000,
        "250" : 0.000000,
        "500" : 0.000000,
        "750" : 0.000000,
        "1000" : 0.000000
      },
      "latency_ms" : {
        "2" : 0.000000,
        "4" : 0.000000,
        "10" : 0.000000,
        "20" : 0.000000,
        "50" : 0.000000,
        "100" : 0.000000,
        "250" : 0.867410,
        "500" : 37.794300,
        "750" : 41.016109,
        "1000" : 13.630731,
        "2000" : 6.691450,
        ">=2000" : 0.000000
      },
      "latency_depth" : 16,
      "latency_target" : 0,
      "latency_percentile" : 100.000000,
      "latency_window" : 0
    }
  ]
}
