{
  "fio version" : "fio-3.28",
  "timestamp" : 1724148848,
  "timestamp_ms" : 1724148848317,
  "time" : "Tue Aug 20 18:14:08 2024",
  "jobs" : [
    {
      "jobname" : "disktest",
      "groupid" : 0,
      "error" : 0,
      "eta" : 0,
      "elapsed" : 31,
      "job options" : {
        "ioengine" : "libaio",
        "iodepth" : "4",
        "numjobs" : "1",
        "rw" : "write",
        "bs" : "4096k",
        "direct" : "1",
        "buffered" : "0",
        "size" : "2G",
        "runtime" : "30"
      },
      "read" : {
        "io_bytes" : 0,
        "io_kbytes" : 0,
        "bw_bytes" : 0,
        "bw" : 0,
        "iops" : 0.000000,
        "runtime" : 0,
        "total_ios" : 0,
        "short_ios" : 0,
        "drop_ios" : 0,
        "slat_ns" : {
          "min" : 0,
          "max" : 0,
          "mean" : 0.000000,
          "stddev" : 0.000000,
          "N" : 0
        },
        "clat_ns" : {
          "min" : 0,
          "max" : 0,
          "mean" : 0.000000,
          "stddev" : 0.000000,
          "N" : 0
        },
        "lat_ns" : {
          "min" : 0,
          "max" : 0,
          "mean" : 0.000000,
          "stddev" : 0.000000,
          "N" : 0
        },
        "bw_min" : 0,
        "bw_max" : 0,
        "bw_agg" : 0.000000,
        "bw_mean" : 0.000000,
        "bw_dev" : 0.000000,
        "bw_samples" : 0,
        "iops_min" : 0,
        "iops_max" : 0,
        "iops_mean" : 0.000000,
        "iops_stddev" : 0.000000,
        "iops_samples" : 0
      },
      "write" : {
        "io_bytes" : 2562719744,
        "io_kbytes" : 2502656,
        "bw_bytes" : 84844222,
        "bw" : 82855,
        "iops" : 20.228439,
        "runtime" : 30205,
        "total_ios" : 611,
        "short_ios" : 0,
        "drop_ios" : 0,
        "slat_ns" : {
          "min" : 87157,
          "max" : 1670587,
          "mean" : 195586.911620,
          "stddev" : 119693.154082,
          "N" : 611
        },
        "clat_ns" : {
          "min" : 99444796,
          "max" : 417231485,
          "mean" : 197456921.870704,
          "stddev" : 45173464.041792,
          "N" : 611,
          "percentile" : {
            "1.000000" : 123207680,
            "5.000000" : 139460608,
            "10.000000" : 147849216,
            "20.000000" : 158334976,
            "30.000000" : 170917888,
            "40.000000" : 181403648,
            "50.000000" : 189792256,
            "60.000000" : 202375168,
            "70.000000" : 212860928,
            "80.000000" : 227540992,
            "90.000000" : 254803968,
            "95.000000" : 283115520,
            "99.000000" : 337641472,
            "99.500000" : 346030080,
            "99.900000" : 417333248,
            "99.950000" : 417333248,
            "99.990000" : 417333248
          }
        },
        "lat_ns" : {
          "min" : 99640020,
          "max" : 417395258,
          "mean" : 197653112.782324,
          "stddev" : 45167394.097262,
          "N" : 611
        },
        "bw_min" : 49152,
        "bw_max" : 98304,
        "bw_agg" : 100.000000,
        "bw_mean" : 82875.733333,
        "bw_dev" : 9900.920686,
        "bw_samples" : 60,
        "iops_min" : 12,
        "iops_max" : 24,
        "iops_mean" : 20.233333,
        "iops_stddev" : 2.417217,
        "iops_samples" : 60
      },
      "trim" : {
        "io_bytes" : 0,
        "io_kbytes" : 0,
        "bw_bytes" : 0,
        "bw" : 0,
        "iops" : 0.000000,
        "runtime" : 0,
        "total_ios" : 0,
        "short_ios" : 0,
        "drop_ios" : 0,
        "slat_ns" : {
          "min" : 0,
          "max" : 0,
          "mean" : 0.000000,
          "stddev" : 0.000000,
          "N" : 0
        },
        "clat_ns" : {
          "min" : 0,
          "max" : 0,
          "mean" : 0.000000,
          "stddev" : 0.000000,
          "N" : 0
        },
        "lat_ns" : {
          "min" : 0,
          "max" : 0,
          "mean" : 0.000000,
          "stddev" : 0.000000,
          "N" : 0
        },
        "bw_min" : 0,
        "bw_max" : 0,
        "bw_agg" : 0.000000,
        "bw_mean" : 0.000000,
        "bw_dev" : 0.000000,
        "bw_samples" : 0,
        "iops_min" : 0,
        "iops_max" : 0,
        "iops_mean" : 0.000000,
        "iops_stddev" : 0.000000,
        "iops_samples" : 0
      },
      "sync" : {
        "total_ios" : 0,
        "lat_ns" : {
          "min" : 0,
          "max" : 0,
          "mean" : 0.000000,
          "stddev" : 0.000000,
          "N" : 0
        }
      },
      "job_runtime" : 30204,
      "usr_cpu" : 0.198649,
      "sys_cpu" : 0.211892,
      "ctx" : 631,
      "majf" : 0,
      "minf" : 10,
      "iodepth_level" : {
        "1" : 0.163666,
        "2" : 0.327332,
        "4" : 99.509002,
        "8" : 0.000000,
        "16" : 0.000000,
        "32" : 0.000000,
        ">=64" : 0.000000
      },
      "iodepth_submit" : {
        "0" : 0.000000,
        "4" : 100.000000,
        "8" : 0.000000,
        "16" : 0.000000,
        "32" : 0.000000,
        "64" : 0.000000,
        ">=64" : 0.000000
      },
      "iodepth_complete" : {
        "0" : 0.000000,
        "4" : 100.000000,
        "8" : 0.000000,
        "16" : 0.000000,
        "32" : 0.000000,
        "64" : 0.000000,
        ">=64" : 0.000000
      },
      "latency_ns" : {
        "2" : 0.000000,
        "4" : 0.000000,
        "10" : 0.000000,
        "20" : 0.000000,
        "50" : 0.000000,
        "100" : 0.000000,
        "250" : 0.000000,
        "500" : 0.000000,
        "750" : 0.000000,
        "1000" : 0.000000
      },
      "latency_us" : {
        "2" : 0.000000,
        "4" : 0.000000,
        "10" : 0.000000,
        "20" : 0.000000,
        "50" : 0.000000,
        "100" : 0.000000,
        "250" : 0.000000,
        "500" : 0.000000,
        "750" : 0.000000,
        "1000" : 0.000000
      },
      "latency_ms" : {
        "2" : 0.000000,
        "4" : 0.000000,
        "10" : 0.000000,
        "20" : 0.000000,
        "50" : 0.000000,
        "100" : 0.163666,
        "250" : 88.052373,
        "500" : 11.783961,
        "750" : 0.000000,
        "1000" : 0.000000,
        "2000" : 0.000000,
        ">=2000" : 0.000000
      },
      "latency_depth" : 4,
      "latency_target" : 0,
      "latency_percentile" : 100.000000,
      "latency_window" : 0
    }
  ]
}
