{
  "fio version" : "fio-3.28",
  "timestamp" : 1724148879,
  "timestamp_ms" : 1724148879112,
  "time" : "Tue Aug 20 18:14:39 2024",
  "jobs" : [
    {
      "jobname" : "disktest",
      "groupid" : 0,
      "error" : 0,
      "eta" : 0,
      "elapsed" : 31,
      "job options" : {
        "ioengine" : "libaio",
        "iodepth" : "8",
        "numjobs" : "1",
        "rw" : "write",
        "bs" : "4096k",
        "direct" : "1",
        "buffered" : "0",
        "size" : "2G",
        "runtime" : "30"
      },
      "read" : {
        "io_bytes" : 0,
        "io_kbytes" : 0,
        "bw_bytes" : 0,
        "bw" : 0,
        "iops" : 0.000000,
        "runtime" : 0,
        "total_ios" : 0,
        "short_ios" : 0,
        "drop_ios" : 0,
        "slat_ns" : {
          "min" : 0,
          "max" : 0,
          "mean" : 0.000000,
          "stddev" : 0.000000,
          "N" : 0
        },
        "clat_ns" : {
          "min" : 0,
          "max" : 0,
          "mean" : 0.000000,
          "stddev" : 0.000000,
          "N" : 0
        },
        "lat_ns" : {
          "min" : 0,
          "max" : 0,
          "mean" : 0.000000,
          "stddev" : 0.000000,
          "N" : 0
        },
        "bw_min" : 0,
        "bw_max" : 0,
        "bw_agg" : 0.000000,
        "bw_mean" : 0.000000,
        "bw_dev" : 0.000000,
        "bw_samples" : 0,
        "iops_min" : 0,
        "iops_max" : 0,
        "iops_mean" : 0.000000,
        "iops_stddev" : 0.000000,
        "iops_samples" : 0
      },
      "write" : {
        "io_bytes" : 3032481792,
        "io_kbytes" : 2961408,
        "bw_bytes" : 99946665,
        "bw" : 97604,
        "iops" : 23.829142,
        "runtime" : 30341,
        "total_ios" : 723,
        "short_ios" : 0,
        "drop_ios" : 0,
        "slat_ns" : {
          "min" : 89802,
          "max" : 1618317,
          "mean" : 200277.453665,
          "stddev" : 123903.322176,
          "N" : 723
        },
        "clat_ns" : {
          "min" : 153283024,
          "max" : 738046448,
          "mean" : 335142700.535270,
          "stddev" : 94573263.589607,
          "N" : 723,
          "percentile" : {
            "1.000000" : 179306496,
            "5.000000" : 206569472,
            "10.000000" : 221249536,
            "20.000000" : 254803968,
            "30.000000" : 274726912,
            "40.000000" : 299892736,
            "50.000000" : 320864256,
            "60.000000" : 350224384,
            "70.000000" : 371195904,
            "80.000000" : 413138944,
            "90.000000" : 471859200,
            "95.000000" : 509607936,
            "99.000000" : 583008256,
            "99.500000" : 608174080,
            "99.900000" : 734003200,
            "99.950000" : 734003200,
            "99.990000" : 734003200
          }
        },
        "lat_ns" : {
          "min" : 153416119,
          "max" : 739027746,
          "mean" : 335343556.260028,
          "stddev" : 94573644.013202,
          "N" : 723
        },
        "bw_min" : 57344,
        "bw_max" : 122880,
        "bw_agg" : 100.000000,
        "bw_mean" : 97621.333333,
        "bw_dev" : 12823.986565,
        "bw_samples" : 60,
        "iops_min" : 14,
        "iops_max" : 30,
        "iops_mean" : 23.833333,
        "iops_stddev" : 3.130856,
        "iops_samples" : 60
      },
      "trim" : {
        "io_bytes" : 0,
        "io_kbytes" : 0,
        "bw_bytes" : 0,
        "bw" : 0,
        "iops" : 0.000000,
        "runtime" : 0,
        "total_ios" : 0,
        "short_ios" : 0,
        "drop_ios" : 0,
        "slat_ns" : {
          "min" : 0,
          "max" : 0,
          "mean" : 0.000000,
          "stddev" : 0.000000,
          "N" : 0
        },
        "clat_ns" : {
          "min" : 0,
          "max" : 0,
          "mean" : 0.000000,
          "stddev" : 0.000000,
          "N" : 0
        },
        "lat_ns" : {
          "min" : 0,
          "max" : 0,
          "mean" : 0.000000,
          "stddev" : 0.000000,
          "N" : 0
        },
        "bw_min" : 0,
        "bw_max" : 0,
        "bw_agg" : 0.000000,
        "bw_mean" : 0.000000,
        "bw_dev" : 0.000000,
        "bw_samples" : 0,
        "iops_min" : 0,
        "iops_max" : 0,
        "iops_mean" : 0.000000,
        "iops_stddev" : 0.000000,
        "iops_samples" : 0
      },
      "sync" : {
        "total_ios" : 0,
        "lat_ns" : {
          "min" : 0,
          "max" : 0,
          "mean" : 0.000000,
          "stddev" : 0.000000,
          "N" : 0
        }
      },
      "job_runtime" : 30340,
      "usr_cpu" : 0.270270,
      "sys_cpu" : 0.234015,
      "ctx" : 736,
      "majf" : 0,
      "minf" : 9,
      "iodepth_level" : {
        "1" : 0.138313,
        "2" : 0.276625,
        "4" : 0.553250,
        "8" : 99.031812,
        "16" : 0.000000,
        "32" : 0.000000,
        ">=64" : 0.000000
      },
      "iodepth_submit" : {
        "0" : 0.000000,
        "4" : 100.000000,
        "8" : 0.000000,
        "16" : 0.000000,
        "32" : 0.000000,
        "64" : 0.000000,
        ">=64" : 0.000000
      },
      "iodepth_complete" : {
        "0" : 0.000000,
        "4" : 99.860530,
        "8" : 0.139470,
        "16" : 0.000000,
        "32" : 0.000000,
        "64" : 0.000000,
        ">=64" : 0.000000
      },
      "latency_ns" : {
        "2" : 0.000000,
        "4" : 0.000000,
        "10" : 0.000000,
        "20" : 0.000000,
        "50" : 0.000000,
        "100" : 0.000000,
        "250" : 0.000000,
        "500" : 0.000000,
        "750" : 0.000000,
        "1000" : 0.000000
      },
      "latency_us" : {
        "2" : 0.000000,
        "4" : 0.000000,
        "10" : 0.000000,
        "20" : 0.000000,
        "50" : 0.000000,
        "100" : 0.000000,
        "250" : 0.000000,
        "500" : 0.000000,
        "750" : 0.000000,
        "1000" : 0.000000
      },
      "latency_ms" : {
        "2" : 0.000000,
        "4" : 0.000000,
        "10" : 0.000000,
        "20" : 0.000000,
        "50" : 0.000000,
        "100" : 0.000000,
        "250" : 18.672199,
        "500" : 74.550484,
        "750" : 6.777317,
        "1000" : 0.000000,
        "2000" : 0.000000,
        ">=2000" : 0.000000
      },
      "latency_depth" : 8,
      "latency_target" : 0,
      "latency_percentile" : 100.000000,
      "latency_window" : 0
    }
  ]
}
