{
  "fio version" : "fio-3.28",
  "timestamp" : 1724149066,
  "timestamp_ms" : 1724149066312,
  "time" : "Tue Aug 20 18:17:46 2024",
  "jobs" : [
    {
      "jobname" : "disktest",
      "groupid" : 0,
      "error" : 0,
      "eta" : 0,
      "elapsed" : 33,
      "job options" : {
        "ioengine" : "libaio",
        "iodepth" : "16",
        "numjobs" : "4",
        "rw" : "write",
        "bs" : "4096k",
        "direct" : "1",
        "buffered" : "0",
        "size" : "2G",
        "runtime" : "30"
      },
      "read" : {
        "io_bytes" : 0,
        "io_kbytes" : 0,
        "bw_bytes" : 0,
        "bw" : 0,
        "iops" : 0.000000,
        "runtime" : 0,
        "total_ios" : 0,
        "short_ios" : 0,
        "drop_ios" : 0,
        "slat_ns" : {
          "min" : 0,
          "max" : 0,
          "mean" : 0.000000,
          "stddev" : 0.000000,
          "N" : 0
        },
        "clat_ns" : {
          "min" : 0,
          "max" : 0,
          "mean" : 0.000000,
          "stddev" : 0.000000,
          "N" : 0
        },
        "lat_ns" : {
          "min" : 0,
          "max" : 0,
          "mean" : 0.000000,
          "stddev" : 0.000000,
          "N" : 0
        },
        "bw_min" : 0,
        "bw_max" : 0,
        "bw_agg" : 0.000000,
        "bw_mean" : 0.000000,
        "bw_dev" : 0.000000,
        "bw_samples" : 0,
        "iops_min" : 0,
        "iops_max" : 0,
        "iops_mean" : 0.000000,
        "iops_stddev" : 0.000000,
        "iops_samples" : 0
      },
      "write" : {
        "io_bytes" : 3665821696,
        "io_kbytes" : 3579904,
        "bw_bytes" : 114456778,
        "bw" : 111774,
        "iops" : 27.288622,
        "runtime" : 32028,
        "total_ios" : 874,
        "short_ios" : 0,
        "drop_ios" : 0,
        "slat_ns" : {
          "min" : 94581,
          "max" : 1367917,
          "mean" : 237857.631579,
          "stddev" : 113933.866269,
          "N" : 874
        },
        "clat_ns" : {
          "min" : 215507069,
          "max" : 10309849027,
          "mean" : 2330603355.368421,
          "stddev" : 2026795813.972001,
          "N" : 874,
          "percentile" : {
            "1.000000" : 358612992,
            "5.000000" : 455081984,
            "10.000000" : 526385152,
            "20.000000" : 658505728,
            "30.000000" : 859832320,
            "40.000000" : 1182793728,
            "50.000000" : 1518338048,
            "60.000000" : 2071986176,
            "70.000000" : 2868903936,
            "80.000000" : 4110417920,
            "90.000000" : 5335154688,
            "95.000000" : 6207569920,
            "99.000000" : 8791261184,
            "99.500000" : 9596567552,
            "99.900000" : 10267656192,
            "99.950000" : 10267656192,
            "99.990000" : 10267656192
          }
        },
        "lat_ns" : {
          "min" : 216417091,
          "max" : 10309993624,
          "mean" : 2330841780.983982,
          "stddev" : 2026788217.531789,
          "N" : 874
        },
        "bw_min" : 32768,
        "bw_max" : 237699,
        "bw_agg" : 100.000000,
        "bw_mean" : 112549.630678,
        "bw_dev" : 12296.085630,
        "bw_samples" : 237,
        "iops_min" : 8,
        "iops_max" : 58,
        "iops_mean" : 27.476368,
        "iops_stddev" : 3.001536,
        "iops_samples" : 237
      },
      "trim" : {
        "io_bytes" : 0,
        "io_kbytes" : 0,
        "bw_bytes" : 0,
        "bw" : 0,
        "iops" : 0.000000,
        "runtime" : 0,
        "total_ios" : 0,
        "short_ios" : 0,
        "drop_ios" : 0,
        "slat_ns" : {
          "min" : 0,
          "max" : 0,
          "mean" : 0.000000,
          "stddev" : 0.000000,
          "N" : 0
        },
        "clat_ns" : {
          "min" : 0,
          "max" : 0,
          "mean" : 0.000000,
          "stddev" : 0.000000,
          "N" : 0
        },
        "lat_ns" : {
          "min" : 0,
          "max" : 0,
          "mean" : 0.000000,
          "stddev" : 0.000000,
          "N" : 0
        },
        "bw_min" : 0,
        "bw_max" : 0,
        "bw_agg" : 0.000000,
        "bw_mean" : 0.000000,
        "bw_dev" : 0.000000,
        "bw_samples" : 0,
        "iops_min" : 0,
        "iops_max" : 0,
        "iops_mean" : 0.000000,
        "iops_stddev" : 0.000000,
        "iops_samples" : 0
      },
      "sync" : {
        "total_ios" : 0,
        "lat_ns" : {
          "min" : 0,
          "max" : 0,
          "mean" : 0.000000,
          "stddev" : 0.000000,
          "N" : 0
        }
      },
      "job_runtime" : 127815,
      "usr_cpu" : 0.083715,
      "sys_cpu" : 0.091539,
      "ctx" : 881,
      "majf" : 0,
      "minf" : 43,
      "iodepth_level" : {
        "1" : 0.457666,
        "2" : 0.915332,
        "4" : 1.830664,
        "8" : 3.661327,
        "16" : 93.135011,
        "32" : 0.000000,
        ">=64" : 0.000000
      },
      "iodepth_submit" : {
        "0" : 0.000000,
        "4" : 100.000000,
        "8" : 0.000000,
        "16" : 0.000000,
        "32" : 0.000000,
        "64" : 0.000000,
        ">=64" : 0.000000
      },
      "iodepth_complete" : {
        "0" : 0.000000,
        "4" : 99.511002,
        "8" : 0.000000,
        "16" : 0.488998,
        "32" : 0.000000,
        "64" : 0.000000,
        ">=64" : 0.000000
      },
      "latency_ns" : {
        "2" : 0.000000,
        "4" : 0.000000,
        "10" : 0.000000,
        "20" : 0.000000,
        "50" : 0.000000,
        "100" : 0.000000,
        "250" : 0.000000,
        "500" : 0.000000,
        "750" : 0.000000,
        "1000" : 0.000000
      },
      "latency_us" : {
        "2" : 0.000000,
        "4" : 0.000000,
        "10" : 0.000000,
        "20" : 0.000000,
        "50" : 0.000000,
        "100" : 0.000000,
        "250" : 0.000000,
        "500" : 0.000000,
        "750" : 0.000000,
        "1000" : 0.000000
      },
      "latency_ms" : {
        "2" : 0.000000,
        "4" : 0.000000,
        "10" : 0.000000,
        "20" : 0.000000,
        "50" : 0.000000,
        "100" : 0.000000,
        "250" : 0.114416,
        "500" : 8.009153,
        "750" : 17.048055,
        "1000" : 10.183066,
        "2000" : 23.340961,
        ">=2000" : 41.304348
      },
      "latency_depth" : 16,
      "latency_target" : 0,
      "latency_percentile" : 100.000000,
      "latency_window" : 0
    }
  ]
}
