{
  "fio version" : "fio-3.28",
  "timestamp" : 1724149002,
  "timestamp_ms" : 1724149002199,
  "time" : "Tue Aug 20 18:16:42 2024",
  "jobs" : [
    {
      "jobname" : "disktest",
      "groupid" : 0,
      "error" : 0,
      "eta" : 0,
      "elapsed" : 31,
      "job options" : {
        "ioengine" : "libaio",
        "iodepth" : "4",
        "numjobs" : "4",
        "rw" : "write",
        "bs" : "4096k",
        "direct" : "1",
        "buffered" : "0",
        "size" : "2G",
        "runtime" : "30"
      },
      "read" : {
        "io_bytes" : 0,
        "io_kbytes" : 0,
        "bw_bytes" : 0,
        "bw" : 0,
        "iops" : 0.000000,
        "runtime" : 0,
        "total_ios" : 0,
        "short_ios" : 0,
        "drop_ios" : 0,
        "slat_ns" : {
          "min" : 0,
          "max" : 0,
          "mean" : 0.000000,
          "stddev" : 0.000000,
          "N" : 0
        },
        "clat_ns" : {
          "min" : 0,
          "max" : 0,
          "mean" : 0.000000,
          "stddev" : 0.000000,
          "N" : 0
        },
        "lat_ns" : {
          "min" : 0,
          "max" : 0,
          "mean" : 0.000000,
          "stddev" : 0.000000,
          "N" : 0
        },
        "bw_min" : 0,
        "bw_max" : 0,
        "bw_agg" : 0.000000,
        "bw_mean" : 0.000000,
        "bw_dev" : 0.000000,
        "bw_samples" : 0,
        "iops_min" : 0,
        "iops_max" : 0,
        "iops_mean" : 0.000000,
        "iops_stddev" : 0.000000,
        "iops_samples" : 0
      },
      "write" : {
        "io_bytes" : 3326083072,
        "io_kbytes" : 3248128,
        "bw_bytes" : 109666756,
        "bw" : 107096,
        "iops" : 26.146592,
        "runtime" : 30329,
        "total_ios" : 793,
        "short_ios" : 0,
        "drop_ios" : 0,
        "slat_ns" : {
          "min" : 95733,
          "max" : 1892771,
          "mean" : 239056.615385,
          "stddev" : 176816.953732,
          "N" : 793
        },
        "clat_ns" : {
          "min" : 218171888,
          "max" : 1739585625,
          "mean" : 609620892.654477,
          "stddev" : 249858880.647881,
          "N" : 793,
          "percentile" : {
            "1.000000" : 240123904,
            "5.000000" : 308281344,
            "10.000000" : 337641472,
            "20.000000" : 400556032,
            "30.000000" : 450887680,
            "40.000000" : 505413632,
            "50.000000" : 557842432,
            "60.000000" : 616562688,
            "70.000000" : 692060160,
            "80.000000" : 792723456,
            "90.000000" : 977272832,
            "95.000000" : 1115684864,
            "99.000000" : 1384120320,
            "99.500000" : 1468006400,
            "99.900000" : 1736441856,
            "99.950000" : 1736441856,
            "99.990000" : 1736441856
          }
        },
        "lat_ns" : {
          "min" : 218363605,
          "max" : 1739756141,
          "mean" : 609860556.045397,
          "stddev" : 249840888.602787,
          "N" : 793
        },
        "bw_min" : 32768,
        "bw_max" : 188416,
        "bw_agg" : 100.000000,
        "bw_mean" : 107285.116384,
        "bw_dev" : 8400.265054,
        "bw_samples" : 238,
        "iops_min" : 8,
        "iops_max" : 46,
        "iops_mean" : 26.192655,
        "iops_stddev" : 2.050846,
        "iops_samples" : 238
      },
      "trim" : {
        "io_bytes" : 0,
        "io_kbytes" : 0,
        "bw_bytes" : 0,
        "bw" : 0,
        "iops" : 0.000000,
        "runtime" : 0,
        "total_ios" : 0,
        "short_ios" : 0,
        "drop_ios" : 0,
        "slat_ns" : {
          "min" : 0,
          "max" : 0,
          "mean" : 0.000000,
          "stddev" : 0.000000,
          "N" : 0
        },
        "clat_ns" : {
          "min" : 0,
          "max" : 0,
          "mean" : 0.000000,
          "stddev" : 0.000000,
          "N" : 0
        },
        "lat_ns" : {
          "min" : 0,
          "max" : 0,
          "mean" : 0.000000,
          "stddev" : 0.000000,
          "N" : 0
        },
        "bw_min" : 0,
        "bw_max" : 0,
        "bw_agg" : 0.000000,
        "bw_mean" : 0.000000,
        "bw_dev" : 0.000000,
        "bw_samples" : 0,
        "iops_min" : 0,
        "iops_max" : 0,
        "iops_mean" : 0.000000,
        "iops_stddev" : 0.000000,
        "iops_samples" : 0
      },
      "sync" : {
        "total_ios" : 0,
        "lat_ns" : {
          "min" : 0,
          "max" : 0,
          "mean" : 0.000000,
          "stddev" : 0.000000,
          "N" : 0
        }
      },
      "job_runtime" : 121184,
      "usr_cpu" : 0.069316,
      "sys_cpu" : 0.089121,
      "ctx" : 817,
      "majf" : 0,
      "minf" : 42,
      "iodepth_level" : {
        "1" : 0.504414,
        "2" : 1.008827,
        "4" : 98.486759,
        "8" : 0.000000,
        "16" : 0.000000,
        "32" : 0.000000,
        ">=64" : 0.000000
      },
      "iodepth_submit" : {
        "0" : 0.000000,
        "4" : 100.000000,
        "8" : 0.000000,
        "16" : 0.000000,
        "32" : 0.000000,
        "64" : 0.000000,
        ">=64" : 0.000000
      },
      "iodepth_complete" : {
        "0" : 0.000000,
        "4" : 100.000000,
        "8" : 0.000000,
        "16" : 0.000000,
        "32" : 0.000000,
        "64" : 0.000000,
        ">=64" : 0.000000
      },
      "latency_ns" : {
        "2" : 0.000000,
        "4" : 0.000000,
        "10" : 0.000000,
        "20" : 0.000000,
        "50" : 0.000000,
        "100" : 0.000000,
        "250" : 0.000000,
        "500" : 0.000000,
        "750" : 0.000000,
        "1000" : 0.000000
      },
      "latency_us" : {
        "2" : 0.000000,
        "4" : 0.000000,
        "10" : 0.000000,
        "20" : 0.000000,
        "50" : 0.000000,
        "100" : 0.000000,
        "250" : 0.000000,
        "500" : 0.000000,
        "750" : 0.000000,
        "1000" : 0.000000
      },
      "latency_ms" : {
        "2" : 0.000000,
        "4" : 0.000000,
        "10" : 0.000000,
        "20" : 0.000000,
        "50" : 0.000000,
        "100" : 0.000000,
        "250" : 1.387137,
        "500" : 38.083228,
        "750" : 37.452711,
        "1000" : 13.871375,
        "2000" : 9.205549,
        ">=2000" : 0.000000
      },
      "latency_depth" : 4,
      "latency_target" : 0,
      "latency_percentile" : 100.000000,
      "latency_window" : 0
    }
  ]
}
