{
  "fio version" : "fio-3.28",
  "timestamp" : 1724148971,
  "timestamp_ms" : 1724148971406,
  "time" : "Tue Aug 20 18:16:11 2024",
  "jobs" : [
    {
      "jobname" : "disktest",
      "groupid" : 0,
      "error" : 0,
      "eta" : 0,
      "elapsed" : 31,
      "job options" : {
        "ioengine" : "libaio",
        "iodepth" : "2",
        "numjobs" : "4",
        "rw" : "write",
        "bs" : "4096k",
        "direct" : "1",
        "buffered" : "0",
        "size" : "2G",
        "runtime" : "30"
      },
      "read" : {
        "io_bytes" : 0,
        "io_kbytes" : 0,
        "bw_bytes" : 0,
        "bw" : 0,
        "iops" : 0.000000,
        "runtime" : 0,
        "total_ios" : 0,
        "short_ios" : 0,
        "drop_ios" : 0,
        "slat_ns" : {
          "min" : 0,
          "max" : 0,
          "mean" : 0.000000,
          "stddev" : 0.000000,
          "N" : 0
        },
        "clat_ns" : {
          "min" : 0,
          "max" : 0,
          "mean" : 0.000000,
          "stddev" : 0.000000,
          "N" : 0
        },
        "lat_ns" : {
          "min" : 0,
          "max" : 0,
          "mean" : 0.000000,
          "stddev" : 0.000000,
          "N" : 0
        },
        "bw_min" : 0,
        "bw_max" : 0,
        "bw_agg" : 0.000000,
        "bw_mean" : 0.000000,
        "bw_dev" : 0.000000,
        "bw_samples" : 0,
        "iops_min" : 0,
        "iops_max" : 0,
        "iops_mean" : 0.000000,
        "iops_stddev" : 0.000000,
        "iops_samples" : 0
      },
      "write" : {
        "io_bytes" : 3024093184,
        "io_kbytes" : 2953216,
        "bw_bytes" : 100095762,
        "bw" : 97749,
        "iops" : 23.864690,
        "runtime" : 30212,
        "total_ios" : 721,
        "short_ios" : 0,
        "drop_ios" : 0,
        "slat_ns" : {
          "min" : 92527,
          "max" : 1783733,
          "mean" : 220026.420250,
          "stddev" : 122972.045112,
          "N" : 721
        },
        "clat_ns" : {
          "min" : 158933025,
          "max" : 740203065,
          "mean" : 334196504.400832,
          "stddev" : 89109118.131692,
          "N" : 721,
          "percentile" : {
            "1.000000" : 179306496,
            "5.000000" : 212860928,
            "10.000000" : 233832448,
            "20.000000" : 258998272,
            "30.000000" : 278921216,
            "40.000000" : 299892736,
            "50.000000" : 320864256,
            "60.000000" : 346030080,
            "70.000000" : 375390208,
            "80.000000" : 404750336,
            "90.000000" : 459276288,
            "95.000000" : 492830720,
            "99.000000" : 591396864,
            "99.500000" : 633339904,
            "99.900000" : 742391808,
            "99.950000" : 742391808,
            "99.990000" : 742391808
          }
        },
        "lat_ns" : {
          "min" : 159081680,
          "max" : 740439928,
          "mean" : 334417076.314840,
          "stddev" : 89110903.683968,
          "N" : 721
        },
        "bw_min" : 49152,
        "bw_max" : 139264,
        "bw_agg" : 99.588984,
        "bw_mean" : 97348.800000,
        "bw_dev" : 6190.392555,
        "bw_samples" : 240,
        "iops_min" : 12,
        "iops_max" : 34,
        "iops_mean" : 23.766667,
        "iops_stddev" : 1.511370,
        "iops_samples" : 240
      },
      "trim" : {
        "io_bytes" : 0,
        "io_kbytes" : 0,
        "bw_bytes" : 0,
        "bw" : 0,
        "iops" : 0.000000,
        "runtime" : 0,
        "total_ios" : 0,
        "short_ios" : 0,
        "drop_ios" : 0,
        "slat_ns" : {
          "min" : 0,
          "max" : 0,
          "mean" : 0.000000,
          "stddev" : 0.000000,
          "N" : 0
        },
        "clat_ns" : {
          "min" : 0,
          "max" : 0,
          "mean" : 0.000000,
          "stddev" : 0.000000,
          "N" : 0
        },
        "lat_ns" : {
          "min" : 0,
          "max" : 0,
          "mean" : 0.000000,
          "stddev" : 0.000000,
          "N" : 0
        },
        "bw_min" : 0,
        "bw_max" : 0,
        "bw_agg" : 0.000000,
        "bw_mean" : 0.000000,
        "bw_dev" : 0.000000,
        "bw_samples" : 0,
        "iops_min" : 0,
        "iops_max" : 0,
        "iops_mean" : 0.000000,
        "iops_stddev" : 0.000000,
        "iops_samples" : 0
      },
      "sync" : {
        "total_ios" : 0,
        "lat_ns" : {
          "min" : 0,
          "max" : 0,
          "mean" : 0.000000,
          "stddev" : 0.000000,
          "N" : 0
        }
      },
      "job_runtime" : 120680,
      "usr_cpu" : 0.087007,
      "sys_cpu" : 0.054690,
      "ctx" : 741,
      "majf" : 0,
      "minf" : 46,
      "iodepth_level" : {
        "1" : 0.554785,
        "2" : 99.445215,
        "4" : 0.000000,
        "8" : 0.000000,
        "16" : 0.000000,
        "32" : 0.000000,
        ">=64" : 0.000000
      },
      "iodepth_submit" : {
        "0" : 0.000000,
        "4" : 100.000000,
        "8" : 0.000000,
        "16" : 0.000000,
        "32" : 0.000000,
        "64" : 0.000000,
        ">=64" : 0.000000
      },
      "iodepth_complete" : {
        "0" : 0.000000,
        "4" : 100.000000,
        "8" : 0.000000,
        "16" : 0.000000,
        "32" : 0.000000,
        "64" : 0.000000,
        ">=64" : 0.000000
      },
      "latency_ns" : {
        "2" : 0.000000,
        "4" : 0.000000,
        "10" : 0.000000,
        "20" : 0.000000,
        "50" : 0.000000,
        "100" : 0.000000,
        "250" : 0.000000,
        "500" : 0.000000,
        "750" : 0.000000,
        "1000" : 0.000000
      },
      "latency_us" : {
        "2" : 0.000000,
        "4" : 0.000000,
        "10" : 0.000000,
        "20" : 0.000000,
        "50" : 0.000000,
        "100" : 0.000000,
        "250" : 0.000000,
        "500" : 0.000000,
        "750" : 0.000000,
        "1000" : 0.000000
      },
      "latency_ms" : {
        "2" : 0.000000,
        "4" : 0.000000,
        "10" : 0.000000,
        "20" : 0.000000,
        "50" : 0.000000,
        "100" : 0.000000,
        "250" : 16.643551,
        "500" : 79.195562,
        "750" : 4.160888,
        "1000" : 0.000000,
        "2000" : 0.000000,
        ">=2000" : 0.000000
      },
      "latency_depth" : 2,
      "latency_target" : 0,
      "latency_percentile" : 100.000000,
      "latency_window" : 0
    }
  ]
}
