{
  "fio version" : "fio-3.28",
  "timestamp" : 1723015573,
  "timestamp_ms" : 1723015573914,
  "time" : "Wed Aug  7 15:26:13 2024",
  "jobs" : [
    {
      "jobname" : "disktest",
      "groupid" : 0,
      "error" : 0,
      "eta" : 0,
      "elapsed" : 31,
      "job options" : {
        "ioengine" : "libaio",
        "iodepth" : "2",
        "numjobs" : "1",
        "rw" : "read",
        "bs" : "4k",
        "direct" : "1",
        "buffered" : "0",
        "size" : "2G",
        "runtime" : "30"
      },
      "read" : {
        "io_bytes" : 617213952,
        "io_kbytes" : 602748,
        "bw_bytes" : 20573112,
        "bw" : 20090,
        "iops" : 5022.732576,
        "runtime" : 30001,
        "total_ios" : 150687,
        "short_ios" : 0,
        "drop_ios" : 0,
        "slat_ns" : {
          "min" : 7295,
          "max" : 1716270,
          "mean" : 37265.695156,
          "stddev" : 19651.688924,
          "N" : 150687
        },
        "clat_ns" : {
          "min" : 116058,
          "max" : 59888884,
          "mean" : 358639.460517,
          "stddev" : 336095.154865,
          "N" : 150687,
          "percentile" : {
            "1.000000" : 201728,
            "5.000000" : 236544,
            "10.000000" : 252928,
            "20.000000" : 276480,
            "30.000000" : 288768,
            "40.000000" : 301056,
            "50.000000" : 313344,
            "60.000000" : 329728,
            "70.000000" : 350208,
            "80.000000" : 391168,
            "90.000000" : 505856,
            "95.000000" : 618496,
            "99.000000" : 880640,
            "99.500000" : 1036288,
            "99.900000" : 2932736,
            "99.950000" : 4620288,
            "99.990000" : 12255232
          }
        },
        "lat_ns" : {
          "min" : 188011,
          "max" : 59944141,
          "mean" : 396191.068340,
          "stddev" : 336768.579048,
          "N" : 150687
        },
        "bw_min" : 16576,
        "bw_max" : 22920,
        "bw_agg" : 100.000000,
        "bw_mean" : 20099.389831,
        "bw_dev" : 1428.188496,
        "bw_samples" : 59,
        "iops_min" : 4144,
        "iops_max" : 5730,
        "iops_mean" : 5024.847458,
        "iops_stddev" : 357.047124,
        "iops_samples" : 59
      },
      "write" : {
        "io_bytes" : 0,
        "io_kbytes" : 0,
        "bw_bytes" : 0,
        "bw" : 0,
        "iops" : 0.000000,
        "runtime" : 0,
        "total_ios" : 0,
        "short_ios" : 0,
        "drop_ios" : 0,
        "slat_ns" : {
          "min" : 0,
          "max" : 0,
          "mean" : 0.000000,
          "stddev" : 0.000000,
          "N" : 0
        },
        "clat_ns" : {
          "min" : 0,
          "max" : 0,
          "mean" : 0.000000,
          "stddev" : 0.000000,
          "N" : 0
        },
        "lat_ns" : {
          "min" : 0,
          "max" : 0,
          "mean" : 0.000000,
          "stddev" : 0.000000,
          "N" : 0
        },
        "bw_min" : 0,
        "bw_max" : 0,
        "bw_agg" : 0.000000,
        "bw_mean" : 0.000000,
        "bw_dev" : 0.000000,
        "bw_samples" : 0,
        "iops_min" : 0,
        "iops_max" : 0,
        "iops_mean" : 0.000000,
        "iops_stddev" : 0.000000,
        "iops_samples" : 0
      },
      "trim" : {
        "io_bytes" : 0,
        "io_kbytes" : 0,
        "bw_bytes" : 0,
        "bw" : 0,
        "iops" : 0.000000,
        "runtime" : 0,
        "total_ios" : 0,
        "short_ios" : 0,
        "drop_ios" : 0,
        "slat_ns" : {
          "min" : 0,
          "max" : 0,
          "mean" : 0.000000,
          "stddev" : 0.000000,
          "N" : 0
        },
        "clat_ns" : {
          "min" : 0,
          "max" : 0,
          "mean" : 0.000000,
          "stddev" : 0.000000,
          "N" : 0
        },
        "lat_ns" : {
          "min" : 0,
          "max" : 0,
          "mean" : 0.000000,
          "stddev" : 0.000000,
          "N" : 0
        },
        "bw_min" : 0,
        "bw_max" : 0,
        "bw_agg" : 0.000000,
        "bw_mean" : 0.000000,
        "bw_dev" : 0.000000,
        "bw_samples" : 0,
        "iops_min" : 0,
        "iops_max" : 0,
        "iops_mean" : 0.000000,
        "iops_stddev" : 0.000000,
        "iops_samples" : 0
      },
      "sync" : {
        "total_ios" : 0,
        "lat_ns" : {
          "min" : 0,
          "max" : 0,
          "mean" : 0.000000,
          "stddev" : 0.000000,
          "N" : 0
        }
      },
      "job_runtime" : 30000,
      "usr_cpu" : 3.073333,
      "sys_cpu" : 14.183333,
      "ctx" : 214023,
      "majf" : 0,
      "minf" : 19,
      "iodepth_level" : {
        "1" : 0.100000,
        "2" : 99.999336,
        "4" : 0.000000,
        "8" : 0.000000,
        "16" : 0.000000,
        "32" : 0.000000,
        ">=64" : 0.000000
      },
      "iodepth_submit" : {
        "0" : 0.000000,
        "4" : 100.000000,
        "8" : 0.000000,
        "16" : 0.000000,
        "32" : 0.000000,
        "64" : 0.000000,
        ">=64" : 0.000000
      },
      "iodepth_complete" : {
        "0" : 0.000000,
        "4" : 100.000000,
        "8" : 0.000000,
        "16" : 0.000000,
        "32" : 0.000000,
        "64" : 0.000000,
        ">=64" : 0.000000
      },
      "latency_ns" : {
        "2" : 0.000000,
        "4" : 0.000000,
        "10" : 0.000000,
        "20" : 0.000000,
        "50" : 0.000000,
        "100" : 0.000000,
        "250" : 0.000000,
        "500" : 0.000000,
        "750" : 0.000000,
        "1000" : 0.000000
      },
      "latency_us" : {
        "2" : 0.000000,
        "4" : 0.000000,
        "10" : 0.000000,
        "20" : 0.000000,
        "50" : 0.000000,
        "100" : 0.000000,
        "250" : 8.820270,
        "500" : 80.770073,
        "750" : 8.270786,
        "1000" : 1.564833
      },
      "latency_ms" : {
        "2" : 0.434012,
        "4" : 0.065035,
        "10" : 0.061717,
        "20" : 0.010000,
        "50" : 0.010000,
        "100" : 0.010000,
        "250" : 0.000000,
        "500" : 0.000000,
        "750" : 0.000000,
        "1000" : 0.000000,
        "2000" : 0.000000,
        ">=2000" : 0.000000
      },
      "latency_depth" : 2,
      "latency_target" : 0,
      "latency_percentile" : 100.000000,
      "latency_window" : 0
    }
  ]
}
