{
  "fio version" : "fio-3.28",
  "timestamp" : 1723015756,
  "timestamp_ms" : 1723015756877,
  "time" : "Wed Aug  7 15:29:16 2024",
  "jobs" : [
    {
      "jobname" : "disktest",
      "groupid" : 0,
      "error" : 0,
      "eta" : 0,
      "elapsed" : 31,
      "job options" : {
        "ioengine" : "libaio",
        "iodepth" : "4",
        "numjobs" : "4",
        "rw" : "read",
        "bs" : "4k",
        "direct" : "1",
        "buffered" : "0",
        "size" : "2G",
        "runtime" : "30"
      },
      "read" : {
        "io_bytes" : 3320008704,
        "io_kbytes" : 3242196,
        "bw_bytes" : 110663268,
        "bw" : 108069,
        "iops" : 27017.399420,
        "runtime" : 30001,
        "total_ios" : 810549,
        "short_ios" : 0,
        "drop_ios" : 0,
        "slat_ns" : {
          "min" : 7800,
          "max" : 3721448,
          "mean" : 48194.734255,
          "stddev" : 29936.228702,
          "N" : 810549
        },
        "clat_ns" : {
          "min" : 84114,
          "max" : 37110432,
          "mean" : 541735.477437,
          "stddev" : 381199.553546,
          "N" : 810549,
          "percentile" : {
            "1.000000" : 242688,
            "5.000000" : 296960,
            "10.000000" : 329728,
            "20.000000" : 366592,
            "30.000000" : 399360,
            "40.000000" : 432128,
            "50.000000" : 468992,
            "60.000000" : 514048,
            "70.000000" : 577536,
            "80.000000" : 667648,
            "90.000000" : 815104,
            "95.000000" : 978944,
            "99.000000" : 1351680,
            "99.500000" : 1581056,
            "99.900000" : 4554752,
            "99.950000" : 6258688,
            "99.990000" : 14090240
          }
        },
        "lat_ns" : {
          "min" : 190891,
          "max" : 37157945,
          "mean" : 590256.951755,
          "stddev" : 381469.357710,
          "N" : 810549
        },
        "bw_min" : 79928,
        "bw_max" : 130864,
        "bw_agg" : 100.000000,
        "bw_mean" : 108141.932203,
        "bw_dev" : 2746.965730,
        "bw_samples" : 236,
        "iops_min" : 19982,
        "iops_max" : 32716,
        "iops_mean" : 27035.457627,
        "iops_stddev" : 686.735653,
        "iops_samples" : 236
      },
      "write" : {
        "io_bytes" : 0,
        "io_kbytes" : 0,
        "bw_bytes" : 0,
        "bw" : 0,
        "iops" : 0.000000,
        "runtime" : 0,
        "total_ios" : 0,
        "short_ios" : 0,
        "drop_ios" : 0,
        "slat_ns" : {
          "min" : 0,
          "max" : 0,
          "mean" : 0.000000,
          "stddev" : 0.000000,
          "N" : 0
        },
        "clat_ns" : {
          "min" : 0,
          "max" : 0,
          "mean" : 0.000000,
          "stddev" : 0.000000,
          "N" : 0
        },
        "lat_ns" : {
          "min" : 0,
          "max" : 0,
          "mean" : 0.000000,
          "stddev" : 0.000000,
          "N" : 0
        },
        "bw_min" : 0,
        "bw_max" : 0,
        "bw_agg" : 0.000000,
        "bw_mean" : 0.000000,
        "bw_dev" : 0.000000,
        "bw_samples" : 0,
        "iops_min" : 0,
        "iops_max" : 0,
        "iops_mean" : 0.000000,
        "iops_stddev" : 0.000000,
        "iops_samples" : 0
      },
      "trim" : {
        "io_bytes" : 0,
        "io_kbytes" : 0,
        "bw_bytes" : 0,
        "bw" : 0,
        "iops" : 0.000000,
        "runtime" : 0,
        "total_ios" : 0,
        "short_ios" : 0,
        "drop_ios" : 0,
        "slat_ns" : {
          "min" : 0,
          "max" : 0,
          "mean" : 0.000000,
          "stddev" : 0.000000,
          "N" : 0
        },
        "clat_ns" : {
          "min" : 0,
          "max" : 0,
          "mean" : 0.000000,
          "stddev" : 0.000000,
          "N" : 0
        },
        "lat_ns" : {
          "min" : 0,
          "max" : 0,
          "mean" : 0.000000,
          "stddev" : 0.000000,
          "N" : 0
        },
        "bw_min" : 0,
        "bw_max" : 0,
        "bw_agg" : 0.000000,
        "bw_mean" : 0.000000,
        "bw_dev" : 0.000000,
        "bw_samples" : 0,
        "iops_min" : 0,
        "iops_max" : 0,
        "iops_mean" : 0.000000,
        "iops_stddev" : 0.000000,
        "iops_samples" : 0
      },
      "sync" : {
        "total_ios" : 0,
        "lat_ns" : {
          "min" : 0,
          "max" : 0,
          "mean" : 0.000000,
          "stddev" : 0.000000,
          "N" : 0
        }
      },
      "job_runtime" : 120000,
      "usr_cpu" : 3.818333,
      "sys_cpu" : 21.421667,
      "ctx" : 1031167,
      "majf" : 0,
      "minf" : 176,
      "iodepth_level" : {
        "1" : 0.100000,
        "2" : 0.100000,
        "4" : 99.998520,
        "8" : 0.000000,
        "16" : 0.000000,
        "32" : 0.000000,
        ">=64" : 0.000000
      },
      "iodepth_submit" : {
        "0" : 0.000000,
        "4" : 100.000000,
        "8" : 0.000000,
        "16" : 0.000000,
        "32" : 0.000000,
        "64" : 0.000000,
        ">=64" : 0.000000
      },
      "iodepth_complete" : {
        "0" : 0.000000,
        "4" : 100.000000,
        "8" : 0.000000,
        "16" : 0.000000,
        "32" : 0.000000,
        "64" : 0.000000,
        ">=64" : 0.000000
      },
      "latency_ns" : {
        "2" : 0.000000,
        "4" : 0.000000,
        "10" : 0.000000,
        "20" : 0.000000,
        "50" : 0.000000,
        "100" : 0.000000,
        "250" : 0.000000,
        "500" : 0.000000,
        "750" : 0.000000,
        "1000" : 0.000000
      },
      "latency_us" : {
        "2" : 0.000000,
        "4" : 0.000000,
        "10" : 0.000000,
        "20" : 0.000000,
        "50" : 0.000000,
        "100" : 0.010000,
        "250" : 1.289003,
        "500" : 56.006114,
        "750" : 28.891159,
        "1000" : 9.286669
      },
      "latency_ms" : {
        "2" : 4.273030,
        "4" : 0.129789,
        "10" : 0.099809,
        "20" : 0.019246,
        "50" : 0.010000,
        "100" : 0.000000,
        "250" : 0.000000,
        "500" : 0.000000,
        "750" : 0.000000,
        "1000" : 0.000000,
        "2000" : 0.000000,
        ">=2000" : 0.000000
      },
      "latency_depth" : 4,
      "latency_target" : 0,
      "latency_percentile" : 100.000000,
      "latency_window" : 0
    }
  ]
}
