{
  "fio version" : "fio-3.28",
  "timestamp" : 1724151302,
  "timestamp_ms" : 1724151302476,
  "time" : "Tue Aug 20 18:55:02 2024",
  "jobs" : [
    {
      "jobname" : "disktest",
      "groupid" : 0,
      "error" : 0,
      "eta" : 0,
      "elapsed" : 31,
      "job options" : {
        "ioengine" : "libaio",
        "iodepth" : "16",
        "numjobs" : "1",
        "rw" : "randwrite",
        "bs" : "4096k",
        "direct" : "1",
        "buffered" : "0",
        "size" : "2G",
        "runtime" : "30"
      },
      "read" : {
        "io_bytes" : 0,
        "io_kbytes" : 0,
        "bw_bytes" : 0,
        "bw" : 0,
        "iops" : 0.000000,
        "runtime" : 0,
        "total_ios" : 0,
        "short_ios" : 0,
        "drop_ios" : 0,
        "slat_ns" : {
          "min" : 0,
          "max" : 0,
          "mean" : 0.000000,
          "stddev" : 0.000000,
          "N" : 0
        },
        "clat_ns" : {
          "min" : 0,
          "max" : 0,
          "mean" : 0.000000,
          "stddev" : 0.000000,
          "N" : 0
        },
        "lat_ns" : {
          "min" : 0,
          "max" : 0,
          "mean" : 0.000000,
          "stddev" : 0.000000,
          "N" : 0
        },
        "bw_min" : 0,
        "bw_max" : 0,
        "bw_agg" : 0.000000,
        "bw_mean" : 0.000000,
        "bw_dev" : 0.000000,
        "bw_samples" : 0,
        "iops_min" : 0,
        "iops_max" : 0,
        "iops_mean" : 0.000000,
        "iops_stddev" : 0.000000,
        "iops_samples" : 0
      },
      "write" : {
        "io_bytes" : 3422552064,
        "io_kbytes" : 3342336,
        "bw_bytes" : 112321619,
        "bw" : 109689,
        "iops" : 26.779561,
        "runtime" : 30471,
        "total_ios" : 816,
        "short_ios" : 0,
        "drop_ios" : 0,
        "slat_ns" : {
          "min" : 100142,
          "max" : 1353641,
          "mean" : 237281.109069,
          "stddev" : 96345.460178,
          "N" : 816
        },
        "clat_ns" : {
          "min" : 189094099,
          "max" : 1713063013,
          "mean" : 596604614.721813,
          "stddev" : 235788547.402487,
          "N" : 816,
          "percentile" : {
            "1.000000" : 246415360,
            "5.000000" : 299892736,
            "10.000000" : 341835776,
            "20.000000" : 392167424,
            "30.000000" : 438304768,
            "40.000000" : 497025024,
            "50.000000" : 549453824,
            "60.000000" : 616562688,
            "70.000000" : 692060160,
            "80.000000" : 759169024,
            "90.000000" : 918552576,
            "95.000000" : 1069547520,
            "99.000000" : 1300234240,
            "99.500000" : 1400897536,
            "99.900000" : 1719664640,
            "99.950000" : 1719664640,
            "99.990000" : 1719664640
          }
        },
        "lat_ns" : {
          "min" : 190135101,
          "max" : 1713250752,
          "mean" : 596842412.517155,
          "stddev" : 235780702.909741,
          "N" : 816
        },
        "bw_min" : 57344,
        "bw_max" : 155648,
        "bw_agg" : 99.577824,
        "bw_mean" : 109226.666667,
        "bw_dev" : 15650.188379,
        "bw_samples" : 60,
        "iops_min" : 14,
        "iops_max" : 38,
        "iops_mean" : 26.666667,
        "iops_stddev" : 3.820847,
        "iops_samples" : 60
      },
      "trim" : {
        "io_bytes" : 0,
        "io_kbytes" : 0,
        "bw_bytes" : 0,
        "bw" : 0,
        "iops" : 0.000000,
        "runtime" : 0,
        "total_ios" : 0,
        "short_ios" : 0,
        "drop_ios" : 0,
        "slat_ns" : {
          "min" : 0,
          "max" : 0,
          "mean" : 0.000000,
          "stddev" : 0.000000,
          "N" : 0
        },
        "clat_ns" : {
          "min" : 0,
          "max" : 0,
          "mean" : 0.000000,
          "stddev" : 0.000000,
          "N" : 0
        },
        "lat_ns" : {
          "min" : 0,
          "max" : 0,
          "mean" : 0.000000,
          "stddev" : 0.000000,
          "N" : 0
        },
        "bw_min" : 0,
        "bw_max" : 0,
        "bw_agg" : 0.000000,
        "bw_mean" : 0.000000,
        "bw_dev" : 0.000000,
        "bw_samples" : 0,
        "iops_min" : 0,
        "iops_max" : 0,
        "iops_mean" : 0.000000,
        "iops_stddev" : 0.000000,
        "iops_samples" : 0
      },
      "sync" : {
        "total_ios" : 0,
        "lat_ns" : {
          "min" : 0,
          "max" : 0,
          "mean" : 0.000000,
          "stddev" : 0.000000,
          "N" : 0
        }
      },
      "job_runtime" : 30470,
      "usr_cpu" : 0.469314,
      "sys_cpu" : 0.213325,
      "ctx" : 814,
      "majf" : 0,
      "minf" : 9,
      "iodepth_level" : {
        "1" : 0.122549,
        "2" : 0.245098,
        "4" : 0.490196,
        "8" : 0.980392,
        "16" : 98.161765,
        "32" : 0.000000,
        ">=64" : 0.000000
      },
      "iodepth_submit" : {
        "0" : 0.000000,
        "4" : 100.000000,
        "8" : 0.000000,
        "16" : 0.000000,
        "32" : 0.000000,
        "64" : 0.000000,
        ">=64" : 0.000000
      },
      "iodepth_complete" : {
        "0" : 0.000000,
        "4" : 99.875312,
        "8" : 0.000000,
        "16" : 0.124688,
        "32" : 0.000000,
        "64" : 0.000000,
        ">=64" : 0.000000
      },
      "latency_ns" : {
        "2" : 0.000000,
        "4" : 0.000000,
        "10" : 0.000000,
        "20" : 0.000000,
        "50" : 0.000000,
        "100" : 0.000000,
        "250" : 0.000000,
        "500" : 0.000000,
        "750" : 0.000000,
        "1000" : 0.000000
      },
      "latency_us" : {
        "2" : 0.000000,
        "4" : 0.000000,
        "10" : 0.000000,
        "20" : 0.000000,
        "50" : 0.000000,
        "100" : 0.000000,
        "250" : 0.000000,
        "500" : 0.000000,
        "750" : 0.000000,
        "1000" : 0.000000
      },
      "latency_ms" : {
        "2" : 0.000000,
        "4" : 0.000000,
        "10" : 0.000000,
        "20" : 0.000000,
        "50" : 0.000000,
        "100" : 0.000000,
        "250" : 1.348039,
        "500" : 39.705882,
        "750" : 36.151961,
        "1000" : 16.911765,
        "2000" : 5.882353,
        ">=2000" : 0.000000
      },
      "latency_depth" : 16,
      "latency_target" : 0,
      "latency_percentile" : 100.000000,
      "latency_window" : 0
    }
  ]
}
