{
  "fio version" : "fio-3.28",
  "timestamp" : 1724151210,
  "timestamp_ms" : 1724151210202,
  "time" : "Tue Aug 20 18:53:30 2024",
  "jobs" : [
    {
      "jobname" : "disktest",
      "groupid" : 0,
      "error" : 0,
      "eta" : 0,
      "elapsed" : 31,
      "job options" : {
        "ioengine" : "libaio",
        "iodepth" : "2",
        "numjobs" : "1",
        "rw" : "randwrite",
        "bs" : "4096k",
        "direct" : "1",
        "buffered" : "0",
        "size" : "2G",
        "runtime" : "30"
      },
      "read" : {
        "io_bytes" : 0,
        "io_kbytes" : 0,
        "bw_bytes" : 0,
        "bw" : 0,
        "iops" : 0.000000,
        "runtime" : 0,
        "total_ios" : 0,
        "short_ios" : 0,
        "drop_ios" : 0,
        "slat_ns" : {
          "min" : 0,
          "max" : 0,
          "mean" : 0.000000,
          "stddev" : 0.000000,
          "N" : 0
        },
        "clat_ns" : {
          "min" : 0,
          "max" : 0,
          "mean" : 0.000000,
          "stddev" : 0.000000,
          "N" : 0
        },
        "lat_ns" : {
          "min" : 0,
          "max" : 0,
          "mean" : 0.000000,
          "stddev" : 0.000000,
          "N" : 0
        },
        "bw_min" : 0,
        "bw_max" : 0,
        "bw_agg" : 0.000000,
        "bw_mean" : 0.000000,
        "bw_dev" : 0.000000,
        "bw_samples" : 0,
        "iops_min" : 0,
        "iops_max" : 0,
        "iops_mean" : 0.000000,
        "iops_stddev" : 0.000000,
        "iops_samples" : 0
      },
      "write" : {
        "io_bytes" : 2109734912,
        "io_kbytes" : 2060288,
        "bw_bytes" : 70205148,
        "bw" : 68559,
        "iops" : 16.738212,
        "runtime" : 30051,
        "total_ios" : 503,
        "short_ios" : 0,
        "drop_ios" : 0,
        "slat_ns" : {
          "min" : 87127,
          "max" : 1234812,
          "mean" : 202143.745527,
          "stddev" : 109202.224311,
          "N" : 503
        },
        "clat_ns" : {
          "min" : 77376288,
          "max" : 390454049,
          "mean" : 119231562.874752,
          "stddev" : 23592367.025586,
          "N" : 503,
          "percentile" : {
            "1.000000" : 78118912,
            "5.000000" : 83361792,
            "10.000000" : 90701824,
            "20.000000" : 104333312,
            "30.000000" : 110624768,
            "40.000000" : 113770496,
            "50.000000" : 116916224,
            "60.000000" : 122159104,
            "70.000000" : 128450560,
            "80.000000" : 135266304,
            "90.000000" : 143654912,
            "95.000000" : 152043520,
            "99.000000" : 173015040,
            "99.500000" : 189792256,
            "99.900000" : 392167424,
            "99.950000" : 392167424,
            "99.990000" : 392167424
          }
        },
        "lat_ns" : {
          "min" : 77573095,
          "max" : 390645946,
          "mean" : 119434288.220676,
          "stddev" : 23596135.777111,
          "N" : 503
        },
        "bw_min" : 49152,
        "bw_max" : 81920,
        "bw_agg" : 99.771418,
        "bw_mean" : 68403.200000,
        "bw_dev" : 7046.217778,
        "bw_samples" : 60,
        "iops_min" : 12,
        "iops_max" : 20,
        "iops_mean" : 16.700000,
        "iops_stddev" : 1.720268,
        "iops_samples" : 60
      },
      "trim" : {
        "io_bytes" : 0,
        "io_kbytes" : 0,
        "bw_bytes" : 0,
        "bw" : 0,
        "iops" : 0.000000,
        "runtime" : 0,
        "total_ios" : 0,
        "short_ios" : 0,
        "drop_ios" : 0,
        "slat_ns" : {
          "min" : 0,
          "max" : 0,
          "mean" : 0.000000,
          "stddev" : 0.000000,
          "N" : 0
        },
        "clat_ns" : {
          "min" : 0,
          "max" : 0,
          "mean" : 0.000000,
          "stddev" : 0.000000,
          "N" : 0
        },
        "lat_ns" : {
          "min" : 0,
          "max" : 0,
          "mean" : 0.000000,
          "stddev" : 0.000000,
          "N" : 0
        },
        "bw_min" : 0,
        "bw_max" : 0,
        "bw_agg" : 0.000000,
        "bw_mean" : 0.000000,
        "bw_dev" : 0.000000,
        "bw_samples" : 0,
        "iops_min" : 0,
        "iops_max" : 0,
        "iops_mean" : 0.000000,
        "iops_stddev" : 0.000000,
        "iops_samples" : 0
      },
      "sync" : {
        "total_ios" : 0,
        "lat_ns" : {
          "min" : 0,
          "max" : 0,
          "mean" : 0.000000,
          "stddev" : 0.000000,
          "N" : 0
        }
      },
      "job_runtime" : 30050,
      "usr_cpu" : 0.176373,
      "sys_cpu" : 0.193012,
      "ctx" : 509,
      "majf" : 0,
      "minf" : 10,
      "iodepth_level" : {
        "1" : 0.198807,
        "2" : 99.801193,
        "4" : 0.000000,
        "8" : 0.000000,
        "16" : 0.000000,
        "32" : 0.000000,
        ">=64" : 0.000000
      },
      "iodepth_submit" : {
        "0" : 0.000000,
        "4" : 100.000000,
        "8" : 0.000000,
        "16" : 0.000000,
        "32" : 0.000000,
        "64" : 0.000000,
        ">=64" : 0.000000
      },
      "iodepth_complete" : {
        "0" : 0.000000,
        "4" : 100.000000,
        "8" : 0.000000,
        "16" : 0.000000,
        "32" : 0.000000,
        "64" : 0.000000,
        ">=64" : 0.000000
      },
      "latency_ns" : {
        "2" : 0.000000,
        "4" : 0.000000,
        "10" : 0.000000,
        "20" : 0.000000,
        "50" : 0.000000,
        "100" : 0.000000,
        "250" : 0.000000,
        "500" : 0.000000,
        "750" : 0.000000,
        "1000" : 0.000000
      },
      "latency_us" : {
        "2" : 0.000000,
        "4" : 0.000000,
        "10" : 0.000000,
        "20" : 0.000000,
        "50" : 0.000000,
        "100" : 0.000000,
        "250" : 0.000000,
        "500" : 0.000000,
        "750" : 0.000000,
        "1000" : 0.000000
      },
      "latency_ms" : {
        "2" : 0.000000,
        "4" : 0.000000,
        "10" : 0.000000,
        "20" : 0.000000,
        "50" : 0.000000,
        "100" : 16.699801,
        "250" : 83.101392,
        "500" : 0.198807,
        "750" : 0.000000,
        "1000" : 0.000000,
        "2000" : 0.000000,
        ">=2000" : 0.000000
      },
      "latency_depth" : 2,
      "latency_target" : 0,
      "latency_percentile" : 100.000000,
      "latency_window" : 0
    }
  ]
}
