{
  "fio version" : "fio-3.28",
  "timestamp" : 1724151394,
  "timestamp_ms" : 1724151394715,
  "time" : "Tue Aug 20 18:56:34 2024",
  "jobs" : [
    {
      "jobname" : "disktest",
      "groupid" : 0,
      "error" : 0,
      "eta" : 0,
      "elapsed" : 31,
      "job options" : {
        "ioengine" : "libaio",
        "iodepth" : "4",
        "numjobs" : "4",
        "rw" : "randwrite",
        "bs" : "4096k",
        "direct" : "1",
        "buffered" : "0",
        "size" : "2G",
        "runtime" : "30"
      },
      "read" : {
        "io_bytes" : 0,
        "io_kbytes" : 0,
        "bw_bytes" : 0,
        "bw" : 0,
        "iops" : 0.000000,
        "runtime" : 0,
        "total_ios" : 0,
        "short_ios" : 0,
        "drop_ios" : 0,
        "slat_ns" : {
          "min" : 0,
          "max" : 0,
          "mean" : 0.000000,
          "stddev" : 0.000000,
          "N" : 0
        },
        "clat_ns" : {
          "min" : 0,
          "max" : 0,
          "mean" : 0.000000,
          "stddev" : 0.000000,
          "N" : 0
        },
        "lat_ns" : {
          "min" : 0,
          "max" : 0,
          "mean" : 0.000000,
          "stddev" : 0.000000,
          "N" : 0
        },
        "bw_min" : 0,
        "bw_max" : 0,
        "bw_agg" : 0.000000,
        "bw_mean" : 0.000000,
        "bw_dev" : 0.000000,
        "bw_samples" : 0,
        "iops_min" : 0,
        "iops_max" : 0,
        "iops_mean" : 0.000000,
        "iops_stddev" : 0.000000,
        "iops_samples" : 0
      },
      "write" : {
        "io_bytes" : 3422552064,
        "io_kbytes" : 3342336,
        "bw_bytes" : 112535825,
        "bw" : 109898,
        "iops" : 26.830632,
        "runtime" : 30413,
        "total_ios" : 816,
        "short_ios" : 0,
        "drop_ios" : 0,
        "slat_ns" : {
          "min" : 88299,
          "max" : 3252975,
          "mean" : 224517.702206,
          "stddev" : 179522.558087,
          "N" : 816
        },
        "clat_ns" : {
          "min" : 189536937,
          "max" : 1609110722,
          "mean" : 593931972.605392,
          "stddev" : 215618178.286629,
          "N" : 816,
          "percentile" : {
            "1.000000" : 274726912,
            "5.000000" : 316669952,
            "10.000000" : 350224384,
            "20.000000" : 408944640,
            "30.000000" : 459276288,
            "40.000000" : 501219328,
            "50.000000" : 557842432,
            "60.000000" : 599785472,
            "70.000000" : 683671552,
            "80.000000" : 775946240,
            "90.000000" : 876609536,
            "95.000000" : 985661440,
            "99.000000" : 1249902592,
            "99.500000" : 1367343104,
            "99.900000" : 1602224128,
            "99.950000" : 1602224128,
            "99.990000" : 1602224128
          }
        },
        "lat_ns" : {
          "min" : 190439584,
          "max" : 1609322387,
          "mean" : 594157051.165441,
          "stddev" : 215600755.730709,
          "N" : 816
        },
        "bw_min" : 32768,
        "bw_max" : 180224,
        "bw_agg" : 99.513853,
        "bw_mean" : 109364.000000,
        "bw_dev" : 8499.250425,
        "bw_samples" : 240,
        "iops_min" : 8,
        "iops_max" : 44,
        "iops_mean" : 26.700000,
        "iops_stddev" : 2.075090,
        "iops_samples" : 240
      },
      "trim" : {
        "io_bytes" : 0,
        "io_kbytes" : 0,
        "bw_bytes" : 0,
        "bw" : 0,
        "iops" : 0.000000,
        "runtime" : 0,
        "total_ios" : 0,
        "short_ios" : 0,
        "drop_ios" : 0,
        "slat_ns" : {
          "min" : 0,
          "max" : 0,
          "mean" : 0.000000,
          "stddev" : 0.000000,
          "N" : 0
        },
        "clat_ns" : {
          "min" : 0,
          "max" : 0,
          "mean" : 0.000000,
          "stddev" : 0.000000,
          "N" : 0
        },
        "lat_ns" : {
          "min" : 0,
          "max" : 0,
          "mean" : 0.000000,
          "stddev" : 0.000000,
          "N" : 0
        },
        "bw_min" : 0,
        "bw_max" : 0,
        "bw_agg" : 0.000000,
        "bw_mean" : 0.000000,
        "bw_dev" : 0.000000,
        "bw_samples" : 0,
        "iops_min" : 0,
        "iops_max" : 0,
        "iops_mean" : 0.000000,
        "iops_stddev" : 0.000000,
        "iops_samples" : 0
      },
      "sync" : {
        "total_ios" : 0,
        "lat_ns" : {
          "min" : 0,
          "max" : 0,
          "mean" : 0.000000,
          "stddev" : 0.000000,
          "N" : 0
        }
      },
      "job_runtime" : 121492,
      "usr_cpu" : 0.090541,
      "sys_cpu" : 0.069140,
      "ctx" : 849,
      "majf" : 0,
      "minf" : 38,
      "iodepth_level" : {
        "1" : 0.490196,
        "2" : 0.980392,
        "4" : 98.529412,
        "8" : 0.000000,
        "16" : 0.000000,
        "32" : 0.000000,
        ">=64" : 0.000000
      },
      "iodepth_submit" : {
        "0" : 0.000000,
        "4" : 100.000000,
        "8" : 0.000000,
        "16" : 0.000000,
        "32" : 0.000000,
        "64" : 0.000000,
        ">=64" : 0.000000
      },
      "iodepth_complete" : {
        "0" : 0.000000,
        "4" : 100.000000,
        "8" : 0.000000,
        "16" : 0.000000,
        "32" : 0.000000,
        "64" : 0.000000,
        ">=64" : 0.000000
      },
      "latency_ns" : {
        "2" : 0.000000,
        "4" : 0.000000,
        "10" : 0.000000,
        "20" : 0.000000,
        "50" : 0.000000,
        "100" : 0.000000,
        "250" : 0.000000,
        "500" : 0.000000,
        "750" : 0.000000,
        "1000" : 0.000000
      },
      "latency_us" : {
        "2" : 0.000000,
        "4" : 0.000000,
        "10" : 0.000000,
        "20" : 0.000000,
        "50" : 0.000000,
        "100" : 0.000000,
        "250" : 0.000000,
        "500" : 0.000000,
        "750" : 0.000000,
        "1000" : 0.000000
      },
      "latency_ms" : {
        "2" : 0.000000,
        "4" : 0.000000,
        "10" : 0.000000,
        "20" : 0.000000,
        "50" : 0.000000,
        "100" : 0.000000,
        "250" : 0.490196,
        "500" : 38.970588,
        "750" : 37.867647,
        "1000" : 18.504902,
        "2000" : 4.166667,
        ">=2000" : 0.000000
      },
      "latency_depth" : 4,
      "latency_target" : 0,
      "latency_percentile" : 100.000000,
      "latency_window" : 0
    }
  ]
}
