{
  "fio version" : "fio-3.28",
  "timestamp" : 1724153597,
  "timestamp_ms" : 1724153597314,
  "time" : "Tue Aug 20 19:33:17 2024",
  "jobs" : [
    {
      "jobname" : "disktest",
      "groupid" : 0,
      "error" : 0,
      "eta" : 0,
      "elapsed" : 31,
      "job options" : {
        "ioengine" : "libaio",
        "iodepth" : "8",
        "numjobs" : "4",
        "rw" : "write",
        "bs" : "4k",
        "direct" : "1",
        "buffered" : "0",
        "size" : "2G",
        "runtime" : "30"
      },
      "read" : {
        "io_bytes" : 0,
        "io_kbytes" : 0,
        "bw_bytes" : 0,
        "bw" : 0,
        "iops" : 0.000000,
        "runtime" : 0,
        "total_ios" : 0,
        "short_ios" : 0,
        "drop_ios" : 0,
        "slat_ns" : {
          "min" : 0,
          "max" : 0,
          "mean" : 0.000000,
          "stddev" : 0.000000,
          "N" : 0
        },
        "clat_ns" : {
          "min" : 0,
          "max" : 0,
          "mean" : 0.000000,
          "stddev" : 0.000000,
          "N" : 0
        },
        "lat_ns" : {
          "min" : 0,
          "max" : 0,
          "mean" : 0.000000,
          "stddev" : 0.000000,
          "N" : 0
        },
        "bw_min" : 0,
        "bw_max" : 0,
        "bw_agg" : 0.000000,
        "bw_mean" : 0.000000,
        "bw_dev" : 0.000000,
        "bw_samples" : 0,
        "iops_min" : 0,
        "iops_max" : 0,
        "iops_mean" : 0.000000,
        "iops_stddev" : 0.000000,
        "iops_samples" : 0
      },
      "write" : {
        "io_bytes" : 1442652160,
        "io_kbytes" : 1408840,
        "bw_bytes" : 48045164,
        "bw" : 46919,
        "iops" : 11729.776534,
        "runtime" : 30027,
        "total_ios" : 352210,
        "short_ios" : 0,
        "drop_ios" : 0,
        "slat_ns" : {
          "min" : 3477,
          "max" : 2381416,
          "mean" : 24869.836898,
          "stddev" : 18110.107882,
          "N" : 352210
        },
        "clat_ns" : {
          "min" : 126051,
          "max" : 80616238,
          "mean" : 2701321.877000,
          "stddev" : 6127786.481984,
          "N" : 352210,
          "percentile" : {
            "1.000000" : 1036288,
            "5.000000" : 1204224,
            "10.000000" : 1302528,
            "20.000000" : 1417216,
            "30.000000" : 1515520,
            "40.000000" : 1613824,
            "50.000000" : 1712128,
            "60.000000" : 1810432,
            "70.000000" : 1941504,
            "80.000000" : 2113536,
            "90.000000" : 2506752,
            "95.000000" : 3227648,
            "99.000000" : 43778048,
            "99.500000" : 53215232,
            "99.900000" : 62652416,
            "99.950000" : 65273856,
            "99.990000" : 69730304
          }
        },
        "lat_ns" : {
          "min" : 716922,
          "max" : 80624013,
          "mean" : 2726388.678564,
          "stddev" : 6127706.933493,
          "N" : 352210
        },
        "bw_min" : 16368,
        "bw_max" : 73352,
        "bw_agg" : 99.916653,
        "bw_mean" : 46880.964972,
        "bw_dev" : 3086.555802,
        "bw_samples" : 239,
        "iops_min" : 4092,
        "iops_max" : 18338,
        "iops_mean" : 11720.241243,
        "iops_stddev" : 771.638951,
        "iops_samples" : 239
      },
      "trim" : {
        "io_bytes" : 0,
        "io_kbytes" : 0,
        "bw_bytes" : 0,
        "bw" : 0,
        "iops" : 0.000000,
        "runtime" : 0,
        "total_ios" : 0,
        "short_ios" : 0,
        "drop_ios" : 0,
        "slat_ns" : {
          "min" : 0,
          "max" : 0,
          "mean" : 0.000000,
          "stddev" : 0.000000,
          "N" : 0
        },
        "clat_ns" : {
          "min" : 0,
          "max" : 0,
          "mean" : 0.000000,
          "stddev" : 0.000000,
          "N" : 0
        },
        "lat_ns" : {
          "min" : 0,
          "max" : 0,
          "mean" : 0.000000,
          "stddev" : 0.000000,
          "N" : 0
        },
        "bw_min" : 0,
        "bw_max" : 0,
        "bw_agg" : 0.000000,
        "bw_mean" : 0.000000,
        "bw_dev" : 0.000000,
        "bw_samples" : 0,
        "iops_min" : 0,
        "iops_max" : 0,
        "iops_mean" : 0.000000,
        "iops_stddev" : 0.000000,
        "iops_samples" : 0
      },
      "sync" : {
        "total_ios" : 0,
        "lat_ns" : {
          "min" : 0,
          "max" : 0,
          "mean" : 0.000000,
          "stddev" : 0.000000,
          "N" : 0
        }
      },
      "job_runtime" : 120078,
      "usr_cpu" : 0.814471,
      "sys_cpu" : 5.473942,
      "ctx" : 388363,
      "majf" : 0,
      "minf" : 98,
      "iodepth_level" : {
        "1" : 0.100000,
        "2" : 0.100000,
        "4" : 0.100000,
        "8" : 99.992050,
        "16" : 0.000000,
        "32" : 0.000000,
        ">=64" : 0.000000
      },
      "iodepth_submit" : {
        "0" : 0.000000,
        "4" : 100.000000,
        "8" : 0.000000,
        "16" : 0.000000,
        "32" : 0.000000,
        "64" : 0.000000,
        ">=64" : 0.000000
      },
      "iodepth_complete" : {
        "0" : 0.000000,
        "4" : 99.998864,
        "8" : 0.100000,
        "16" : 0.000000,
        "32" : 0.000000,
        "64" : 0.000000,
        ">=64" : 0.000000
      },
      "latency_ns" : {
        "2" : 0.000000,
        "4" : 0.000000,
        "10" : 0.000000,
        "20" : 0.000000,
        "50" : 0.000000,
        "100" : 0.000000,
        "250" : 0.000000,
        "500" : 0.000000,
        "750" : 0.000000,
        "1000" : 0.000000
      },
      "latency_us" : {
        "2" : 0.000000,
        "4" : 0.000000,
        "10" : 0.000000,
        "20" : 0.000000,
        "50" : 0.000000,
        "100" : 0.000000,
        "250" : 0.010000,
        "500" : 0.010000,
        "750" : 0.010000,
        "1000" : 0.595383
      },
      "latency_ms" : {
        "2" : 73.451350,
        "4" : 22.112092,
        "10" : 1.439198,
        "20" : 0.482951,
        "50" : 1.179694,
        "100" : 0.732234,
        "250" : 0.000000,
        "500" : 0.000000,
        "750" : 0.000000,
        "1000" : 0.000000,
        "2000" : 0.000000,
        ">=2000" : 0.000000
      },
      "latency_depth" : 8,
      "latency_target" : 0,
      "latency_percentile" : 100.000000,
      "latency_window" : 0
    }
  ]
}
