{
  "fio version" : "fio-3.28",
  "timestamp" : 1724146708,
  "timestamp_ms" : 1724146708051,
  "time" : "Tue Aug 20 17:38:28 2024",
  "jobs" : [
    {
      "jobname" : "disktest",
      "groupid" : 0,
      "error" : 0,
      "eta" : 0,
      "elapsed" : 31,
      "job options" : {
        "ioengine" : "libaio",
        "iodepth" : "8",
        "numjobs" : "1",
        "rw" : "randread",
        "bs" : "4096k",
        "direct" : "1",
        "buffered" : "0",
        "size" : "2G",
        "runtime" : "30"
      },
      "read" : {
        "io_bytes" : 3552575488,
        "io_kbytes" : 3469312,
        "bw_bytes" : 117471578,
        "bw" : 114718,
        "iops" : 28.007407,
        "runtime" : 30242,
        "total_ios" : 847,
        "short_ios" : 0,
        "drop_ios" : 0,
        "slat_ns" : {
          "min" : 25679,
          "max" : 1638375,
          "mean" : 101170.852420,
          "stddev" : 142017.599303,
          "N" : 847
        },
        "clat_ns" : {
          "min" : 95866295,
          "max" : 775287119,
          "mean" : 285269520.151121,
          "stddev" : 132326032.437428,
          "N" : 847,
          "percentile" : {
            "1.000000" : 117964800,
            "5.000000" : 137363456,
            "10.000000" : 156237824,
            "20.000000" : 177209344,
            "30.000000" : 193986560,
            "40.000000" : 214958080,
            "50.000000" : 242221056,
            "60.000000" : 287309824,
            "70.000000" : 329252864,
            "80.000000" : 392167424,
            "90.000000" : 484442112,
            "95.000000" : 557842432,
            "99.000000" : 700448768,
            "99.500000" : 725614592,
            "99.900000" : 775946240,
            "99.950000" : 775946240,
            "99.990000" : 775946240
          }
        },
        "lat_ns" : {
          "min" : 95943773,
          "max" : 775396889,
          "mean" : 285371129.611570,
          "stddev" : 132322510.093611,
          "N" : 847
        },
        "bw_min" : 98304,
        "bw_max" : 139264,
        "bw_agg" : 99.854132,
        "bw_mean" : 114551.466667,
        "bw_dev" : 10172.901977,
        "bw_samples" : 60,
        "iops_min" : 24,
        "iops_max" : 34,
        "iops_mean" : 27.966667,
        "iops_stddev" : 2.483619,
        "iops_samples" : 60
      },
      "write" : {
        "io_bytes" : 0,
        "io_kbytes" : 0,
        "bw_bytes" : 0,
        "bw" : 0,
        "iops" : 0.000000,
        "runtime" : 0,
        "total_ios" : 0,
        "short_ios" : 0,
        "drop_ios" : 0,
        "slat_ns" : {
          "min" : 0,
          "max" : 0,
          "mean" : 0.000000,
          "stddev" : 0.000000,
          "N" : 0
        },
        "clat_ns" : {
          "min" : 0,
          "max" : 0,
          "mean" : 0.000000,
          "stddev" : 0.000000,
          "N" : 0
        },
        "lat_ns" : {
          "min" : 0,
          "max" : 0,
          "mean" : 0.000000,
          "stddev" : 0.000000,
          "N" : 0
        },
        "bw_min" : 0,
        "bw_max" : 0,
        "bw_agg" : 0.000000,
        "bw_mean" : 0.000000,
        "bw_dev" : 0.000000,
        "bw_samples" : 0,
        "iops_min" : 0,
        "iops_max" : 0,
        "iops_mean" : 0.000000,
        "iops_stddev" : 0.000000,
        "iops_samples" : 0
      },
      "trim" : {
        "io_bytes" : 0,
        "io_kbytes" : 0,
        "bw_bytes" : 0,
        "bw" : 0,
        "iops" : 0.000000,
        "runtime" : 0,
        "total_ios" : 0,
        "short_ios" : 0,
        "drop_ios" : 0,
        "slat_ns" : {
          "min" : 0,
          "max" : 0,
          "mean" : 0.000000,
          "stddev" : 0.000000,
          "N" : 0
        },
        "clat_ns" : {
          "min" : 0,
          "max" : 0,
          "mean" : 0.000000,
          "stddev" : 0.000000,
          "N" : 0
        },
        "lat_ns" : {
          "min" : 0,
          "max" : 0,
          "mean" : 0.000000,
          "stddev" : 0.000000,
          "N" : 0
        },
        "bw_min" : 0,
        "bw_max" : 0,
        "bw_agg" : 0.000000,
        "bw_mean" : 0.000000,
        "bw_dev" : 0.000000,
        "bw_samples" : 0,
        "iops_min" : 0,
        "iops_max" : 0,
        "iops_mean" : 0.000000,
        "iops_stddev" : 0.000000,
        "iops_samples" : 0
      },
      "sync" : {
        "total_ios" : 0,
        "lat_ns" : {
          "min" : 0,
          "max" : 0,
          "mean" : 0.000000,
          "stddev" : 0.000000,
          "N" : 0
        }
      },
      "job_runtime" : 30241,
      "usr_cpu" : 0.013227,
      "sys_cpu" : 0.310836,
      "ctx" : 885,
      "majf" : 0,
      "minf" : 8200,
      "iodepth_level" : {
        "1" : 0.118064,
        "2" : 0.236128,
        "4" : 0.472255,
        "8" : 99.173554,
        "16" : 0.000000,
        "32" : 0.000000,
        ">=64" : 0.000000
      },
      "iodepth_submit" : {
        "0" : 0.000000,
        "4" : 100.000000,
        "8" : 0.000000,
        "16" : 0.000000,
        "32" : 0.000000,
        "64" : 0.000000,
        ">=64" : 0.000000
      },
      "iodepth_complete" : {
        "0" : 0.000000,
        "4" : 99.881094,
        "8" : 0.118906,
        "16" : 0.000000,
        "32" : 0.000000,
        "64" : 0.000000,
        ">=64" : 0.000000
      },
      "latency_ns" : {
        "2" : 0.000000,
        "4" : 0.000000,
        "10" : 0.000000,
        "20" : 0.000000,
        "50" : 0.000000,
        "100" : 0.000000,
        "250" : 0.000000,
        "500" : 0.000000,
        "750" : 0.000000,
        "1000" : 0.000000
      },
      "latency_us" : {
        "2" : 0.000000,
        "4" : 0.000000,
        "10" : 0.000000,
        "20" : 0.000000,
        "50" : 0.000000,
        "100" : 0.000000,
        "250" : 0.000000,
        "500" : 0.000000,
        "750" : 0.000000,
        "1000" : 0.000000
      },
      "latency_ms" : {
        "2" : 0.000000,
        "4" : 0.000000,
        "10" : 0.000000,
        "20" : 0.000000,
        "50" : 0.000000,
        "100" : 0.118064,
        "250" : 51.829988,
        "500" : 39.197166,
        "750" : 8.736718,
        "1000" : 0.118064,
        "2000" : 0.000000,
        ">=2000" : 0.000000
      },
      "latency_depth" : 8,
      "latency_target" : 0,
      "latency_percentile" : 100.000000,
      "latency_window" : 0
    }
  ]
}
