{
  "fio version" : "fio-3.28",
  "timestamp" : 1724146677,
  "timestamp_ms" : 1724146677303,
  "time" : "Tue Aug 20 17:37:57 2024",
  "jobs" : [
    {
      "jobname" : "disktest",
      "groupid" : 0,
      "error" : 0,
      "eta" : 0,
      "elapsed" : 31,
      "job options" : {
        "ioengine" : "libaio",
        "iodepth" : "4",
        "numjobs" : "1",
        "rw" : "randread",
        "bs" : "4096k",
        "direct" : "1",
        "buffered" : "0",
        "size" : "2G",
        "runtime" : "30"
      },
      "read" : {
        "io_bytes" : 3535798272,
        "io_kbytes" : 3452928,
        "bw_bytes" : 117355314,
        "bw" : 114604,
        "iops" : 27.979687,
        "runtime" : 30129,
        "total_ios" : 843,
        "short_ios" : 0,
        "drop_ios" : 0,
        "slat_ns" : {
          "min" : 23725,
          "max" : 827934,
          "mean" : 103833.827995,
          "stddev" : 60817.945208,
          "N" : 843
        },
        "clat_ns" : {
          "min" : 65087854,
          "max" : 279244560,
          "mean" : 142779851.709371,
          "stddev" : 37915408.750998,
          "N" : 843,
          "percentile" : {
            "1.000000" : 81264640,
            "5.000000" : 92798976,
            "10.000000" : 101187584,
            "20.000000" : 110624768,
            "30.000000" : 119013376,
            "40.000000" : 127401984,
            "50.000000" : 135266304,
            "60.000000" : 143654912,
            "70.000000" : 156237824,
            "80.000000" : 168820736,
            "90.000000" : 198180864,
            "95.000000" : 219152384,
            "99.000000" : 254803968,
            "99.500000" : 265289728,
            "99.900000" : 278921216,
            "99.950000" : 278921216,
            "99.990000" : 278921216
          }
        },
        "lat_ns" : {
          "min" : 65211521,
          "max" : 279325074,
          "mean" : 142884228.389087,
          "stddev" : 37915261.532884,
          "N" : 843
        },
        "bw_min" : 98304,
        "bw_max" : 131072,
        "bw_agg" : 99.953057,
        "bw_mean" : 114551.466667,
        "bw_dev" : 5741.668356,
        "bw_samples" : 60,
        "iops_min" : 24,
        "iops_max" : 32,
        "iops_mean" : 27.966667,
        "iops_stddev" : 1.401775,
        "iops_samples" : 60
      },
      "write" : {
        "io_bytes" : 0,
        "io_kbytes" : 0,
        "bw_bytes" : 0,
        "bw" : 0,
        "iops" : 0.000000,
        "runtime" : 0,
        "total_ios" : 0,
        "short_ios" : 0,
        "drop_ios" : 0,
        "slat_ns" : {
          "min" : 0,
          "max" : 0,
          "mean" : 0.000000,
          "stddev" : 0.000000,
          "N" : 0
        },
        "clat_ns" : {
          "min" : 0,
          "max" : 0,
          "mean" : 0.000000,
          "stddev" : 0.000000,
          "N" : 0
        },
        "lat_ns" : {
          "min" : 0,
          "max" : 0,
          "mean" : 0.000000,
          "stddev" : 0.000000,
          "N" : 0
        },
        "bw_min" : 0,
        "bw_max" : 0,
        "bw_agg" : 0.000000,
        "bw_mean" : 0.000000,
        "bw_dev" : 0.000000,
        "bw_samples" : 0,
        "iops_min" : 0,
        "iops_max" : 0,
        "iops_mean" : 0.000000,
        "iops_stddev" : 0.000000,
        "iops_samples" : 0
      },
      "trim" : {
        "io_bytes" : 0,
        "io_kbytes" : 0,
        "bw_bytes" : 0,
        "bw" : 0,
        "iops" : 0.000000,
        "runtime" : 0,
        "total_ios" : 0,
        "short_ios" : 0,
        "drop_ios" : 0,
        "slat_ns" : {
          "min" : 0,
          "max" : 0,
          "mean" : 0.000000,
          "stddev" : 0.000000,
          "N" : 0
        },
        "clat_ns" : {
          "min" : 0,
          "max" : 0,
          "mean" : 0.000000,
          "stddev" : 0.000000,
          "N" : 0
        },
        "lat_ns" : {
          "min" : 0,
          "max" : 0,
          "mean" : 0.000000,
          "stddev" : 0.000000,
          "N" : 0
        },
        "bw_min" : 0,
        "bw_max" : 0,
        "bw_agg" : 0.000000,
        "bw_mean" : 0.000000,
        "bw_dev" : 0.000000,
        "bw_samples" : 0,
        "iops_min" : 0,
        "iops_max" : 0,
        "iops_mean" : 0.000000,
        "iops_stddev" : 0.000000,
        "iops_samples" : 0
      },
      "sync" : {
        "total_ios" : 0,
        "lat_ns" : {
          "min" : 0,
          "max" : 0,
          "mean" : 0.000000,
          "stddev" : 0.000000,
          "N" : 0
        }
      },
      "job_runtime" : 30128,
      "usr_cpu" : 0.019915,
      "sys_cpu" : 0.302045,
      "ctx" : 1006,
      "majf" : 0,
      "minf" : 4104,
      "iodepth_level" : {
        "1" : 0.118624,
        "2" : 0.237248,
        "4" : 99.644128,
        "8" : 0.000000,
        "16" : 0.000000,
        "32" : 0.000000,
        ">=64" : 0.000000
      },
      "iodepth_submit" : {
        "0" : 0.000000,
        "4" : 100.000000,
        "8" : 0.000000,
        "16" : 0.000000,
        "32" : 0.000000,
        "64" : 0.000000,
        ">=64" : 0.000000
      },
      "iodepth_complete" : {
        "0" : 0.000000,
        "4" : 100.000000,
        "8" : 0.000000,
        "16" : 0.000000,
        "32" : 0.000000,
        "64" : 0.000000,
        ">=64" : 0.000000
      },
      "latency_ns" : {
        "2" : 0.000000,
        "4" : 0.000000,
        "10" : 0.000000,
        "20" : 0.000000,
        "50" : 0.000000,
        "100" : 0.000000,
        "250" : 0.000000,
        "500" : 0.000000,
        "750" : 0.000000,
        "1000" : 0.000000
      },
      "latency_us" : {
        "2" : 0.000000,
        "4" : 0.000000,
        "10" : 0.000000,
        "20" : 0.000000,
        "50" : 0.000000,
        "100" : 0.000000,
        "250" : 0.000000,
        "500" : 0.000000,
        "750" : 0.000000,
        "1000" : 0.000000
      },
      "latency_ms" : {
        "2" : 0.000000,
        "4" : 0.000000,
        "10" : 0.000000,
        "20" : 0.000000,
        "50" : 0.000000,
        "100" : 9.489917,
        "250" : 89.323843,
        "500" : 1.186240,
        "750" : 0.000000,
        "1000" : 0.000000,
        "2000" : 0.000000,
        ">=2000" : 0.000000
      },
      "latency_depth" : 4,
      "latency_target" : 0,
      "latency_percentile" : 100.000000,
      "latency_window" : 0
    }
  ]
}
