{
  "fio version" : "fio-3.28",
  "timestamp" : 1724146859,
  "timestamp_ms" : 1724146859531,
  "time" : "Tue Aug 20 17:40:59 2024",
  "jobs" : [
    {
      "jobname" : "disktest",
      "groupid" : 0,
      "error" : 0,
      "eta" : 0,
      "elapsed" : 31,
      "job options" : {
        "ioengine" : "libaio",
        "iodepth" : "2",
        "numjobs" : "4",
        "rw" : "randread",
        "bs" : "4096k",
        "direct" : "1",
        "buffered" : "0",
        "size" : "2G",
        "runtime" : "30"
      },
      "read" : {
        "io_bytes" : 3548381184,
        "io_kbytes" : 3465216,
        "bw_bytes" : 117496065,
        "bw" : 114742,
        "iops" : 28.013245,
        "runtime" : 30200,
        "total_ios" : 846,
        "short_ios" : 0,
        "drop_ios" : 0,
        "slat_ns" : {
          "min" : 27472,
          "max" : 1817508,
          "mean" : 111444.587470,
          "stddev" : 134033.640857,
          "N" : 846
        },
        "clat_ns" : {
          "min" : 116852020,
          "max" : 833575781,
          "mean" : 284635150.083924,
          "stddev" : 133058722.436882,
          "N" : 846,
          "percentile" : {
            "1.000000" : 124256256,
            "5.000000" : 139460608,
            "10.000000" : 154140672,
            "20.000000" : 177209344,
            "30.000000" : 191889408,
            "40.000000" : 212860928,
            "50.000000" : 238026752,
            "60.000000" : 278921216,
            "70.000000" : 337641472,
            "80.000000" : 392167424,
            "90.000000" : 476053504,
            "95.000000" : 557842432,
            "99.000000" : 683671552,
            "99.500000" : 750780416,
            "99.900000" : 834666496,
            "99.950000" : 834666496,
            "99.990000" : 834666496
          }
        },
        "lat_ns" : {
          "min" : 117006656,
          "max" : 833659632,
          "mean" : 284747170.237589,
          "stddev" : 133057389.828841,
          "N" : 846
        },
        "bw_min" : 40960,
        "bw_max" : 180224,
        "bw_agg" : 99.713923,
        "bw_mean" : 114414.933333,
        "bw_dev" : 7742.655438,
        "bw_samples" : 240,
        "iops_min" : 10,
        "iops_max" : 44,
        "iops_mean" : 27.933333,
        "iops_stddev" : 1.890297,
        "iops_samples" : 240
      },
      "write" : {
        "io_bytes" : 0,
        "io_kbytes" : 0,
        "bw_bytes" : 0,
        "bw" : 0,
        "iops" : 0.000000,
        "runtime" : 0,
        "total_ios" : 0,
        "short_ios" : 0,
        "drop_ios" : 0,
        "slat_ns" : {
          "min" : 0,
          "max" : 0,
          "mean" : 0.000000,
          "stddev" : 0.000000,
          "N" : 0
        },
        "clat_ns" : {
          "min" : 0,
          "max" : 0,
          "mean" : 0.000000,
          "stddev" : 0.000000,
          "N" : 0
        },
        "lat_ns" : {
          "min" : 0,
          "max" : 0,
          "mean" : 0.000000,
          "stddev" : 0.000000,
          "N" : 0
        },
        "bw_min" : 0,
        "bw_max" : 0,
        "bw_agg" : 0.000000,
        "bw_mean" : 0.000000,
        "bw_dev" : 0.000000,
        "bw_samples" : 0,
        "iops_min" : 0,
        "iops_max" : 0,
        "iops_mean" : 0.000000,
        "iops_stddev" : 0.000000,
        "iops_samples" : 0
      },
      "trim" : {
        "io_bytes" : 0,
        "io_kbytes" : 0,
        "bw_bytes" : 0,
        "bw" : 0,
        "iops" : 0.000000,
        "runtime" : 0,
        "total_ios" : 0,
        "short_ios" : 0,
        "drop_ios" : 0,
        "slat_ns" : {
          "min" : 0,
          "max" : 0,
          "mean" : 0.000000,
          "stddev" : 0.000000,
          "N" : 0
        },
        "clat_ns" : {
          "min" : 0,
          "max" : 0,
          "mean" : 0.000000,
          "stddev" : 0.000000,
          "N" : 0
        },
        "lat_ns" : {
          "min" : 0,
          "max" : 0,
          "mean" : 0.000000,
          "stddev" : 0.000000,
          "N" : 0
        },
        "bw_min" : 0,
        "bw_max" : 0,
        "bw_agg" : 0.000000,
        "bw_mean" : 0.000000,
        "bw_dev" : 0.000000,
        "bw_samples" : 0,
        "iops_min" : 0,
        "iops_max" : 0,
        "iops_mean" : 0.000000,
        "iops_stddev" : 0.000000,
        "iops_samples" : 0
      },
      "sync" : {
        "total_ios" : 0,
        "lat_ns" : {
          "min" : 0,
          "max" : 0,
          "mean" : 0.000000,
          "stddev" : 0.000000,
          "N" : 0
        }
      },
      "job_runtime" : 120574,
      "usr_cpu" : 0.005806,
      "sys_cpu" : 0.086254,
      "ctx" : 924,
      "majf" : 0,
      "minf" : 8233,
      "iodepth_level" : {
        "1" : 0.472813,
        "2" : 99.527187,
        "4" : 0.000000,
        "8" : 0.000000,
        "16" : 0.000000,
        "32" : 0.000000,
        ">=64" : 0.000000
      },
      "iodepth_submit" : {
        "0" : 0.000000,
        "4" : 100.000000,
        "8" : 0.000000,
        "16" : 0.000000,
        "32" : 0.000000,
        "64" : 0.000000,
        ">=64" : 0.000000
      },
      "iodepth_complete" : {
        "0" : 0.000000,
        "4" : 100.000000,
        "8" : 0.000000,
        "16" : 0.000000,
        "32" : 0.000000,
        "64" : 0.000000,
        ">=64" : 0.000000
      },
      "latency_ns" : {
        "2" : 0.000000,
        "4" : 0.000000,
        "10" : 0.000000,
        "20" : 0.000000,
        "50" : 0.000000,
        "100" : 0.000000,
        "250" : 0.000000,
        "500" : 0.000000,
        "750" : 0.000000,
        "1000" : 0.000000
      },
      "latency_us" : {
        "2" : 0.000000,
        "4" : 0.000000,
        "10" : 0.000000,
        "20" : 0.000000,
        "50" : 0.000000,
        "100" : 0.000000,
        "250" : 0.000000,
        "500" : 0.000000,
        "750" : 0.000000,
        "1000" : 0.000000
      },
      "latency_ms" : {
        "2" : 0.000000,
        "4" : 0.000000,
        "10" : 0.000000,
        "20" : 0.000000,
        "50" : 0.000000,
        "100" : 0.000000,
        "250" : 53.309693,
        "500" : 38.297872,
        "750" : 7.801418,
        "1000" : 0.591017,
        "2000" : 0.000000,
        ">=2000" : 0.000000
      },
      "latency_depth" : 2,
      "latency_target" : 0,
      "latency_percentile" : 100.000000,
      "latency_window" : 0
    }
  ]
}
