{
  "fio version" : "fio-3.28",
  "timestamp" : 1724146954,
  "timestamp_ms" : 1724146954562,
  "time" : "Tue Aug 20 17:42:34 2024",
  "jobs" : [
    {
      "jobname" : "disktest",
      "groupid" : 0,
      "error" : 0,
      "eta" : 0,
      "elapsed" : 33,
      "job options" : {
        "ioengine" : "libaio",
        "iodepth" : "16",
        "numjobs" : "4",
        "rw" : "randread",
        "bs" : "4096k",
        "direct" : "1",
        "buffered" : "0",
        "size" : "2G",
        "runtime" : "30"
      },
      "read" : {
        "io_bytes" : 3774873600,
        "io_kbytes" : 3686400,
        "bw_bytes" : 117436336,
        "bw" : 114683,
        "iops" : 27.999004,
        "runtime" : 32144,
        "total_ios" : 900,
        "short_ios" : 0,
        "drop_ios" : 0,
        "slat_ns" : {
          "min" : 25609,
          "max" : 2494133,
          "mean" : 201784.530000,
          "stddev" : 417383.275143,
          "N" : 900
        },
        "clat_ns" : {
          "min" : 139594978,
          "max" : 9842867645,
          "mean" : 2264889719.453333,
          "stddev" : 2120040231.663028,
          "N" : 900,
          "percentile" : {
            "1.000000" : 175112192,
            "5.000000" : 227540992,
            "10.000000" : 254803968,
            "20.000000" : 346030080,
            "30.000000" : 517996544,
            "40.000000" : 1027604480,
            "50.000000" : 1619001344,
            "60.000000" : 2231369728,
            "70.000000" : 3103784960,
            "80.000000" : 4043309056,
            "90.000000" : 5737807872,
            "95.000000" : 6610223104,
            "99.000000" : 7616856064,
            "99.500000" : 9059696640,
            "99.900000" : 9865003008,
            "99.950000" : 9865003008,
            "99.990000" : 9865003008
          }
        },
        "lat_ns" : {
          "min" : 141522266,
          "max" : 9842965733,
          "mean" : 2265092025.366666,
          "stddev" : 2119992871.398324,
          "N" : 900
        },
        "bw_min" : 32768,
        "bw_max" : 245760,
        "bw_agg" : 100.000000,
        "bw_mean" : 115123.035306,
        "bw_dev" : 13745.273002,
        "bw_samples" : 239,
        "iops_min" : 8,
        "iops_max" : 60,
        "iops_mean" : 28.105881,
        "iops_stddev" : 3.355824,
        "iops_samples" : 239
      },
      "write" : {
        "io_bytes" : 0,
        "io_kbytes" : 0,
        "bw_bytes" : 0,
        "bw" : 0,
        "iops" : 0.000000,
        "runtime" : 0,
        "total_ios" : 0,
        "short_ios" : 0,
        "drop_ios" : 0,
        "slat_ns" : {
          "min" : 0,
          "max" : 0,
          "mean" : 0.000000,
          "stddev" : 0.000000,
          "N" : 0
        },
        "clat_ns" : {
          "min" : 0,
          "max" : 0,
          "mean" : 0.000000,
          "stddev" : 0.000000,
          "N" : 0
        },
        "lat_ns" : {
          "min" : 0,
          "max" : 0,
          "mean" : 0.000000,
          "stddev" : 0.000000,
          "N" : 0
        },
        "bw_min" : 0,
        "bw_max" : 0,
        "bw_agg" : 0.000000,
        "bw_mean" : 0.000000,
        "bw_dev" : 0.000000,
        "bw_samples" : 0,
        "iops_min" : 0,
        "iops_max" : 0,
        "iops_mean" : 0.000000,
        "iops_stddev" : 0.000000,
        "iops_samples" : 0
      },
      "trim" : {
        "io_bytes" : 0,
        "io_kbytes" : 0,
        "bw_bytes" : 0,
        "bw" : 0,
        "iops" : 0.000000,
        "runtime" : 0,
        "total_ios" : 0,
        "short_ios" : 0,
        "drop_ios" : 0,
        "slat_ns" : {
          "min" : 0,
          "max" : 0,
          "mean" : 0.000000,
          "stddev" : 0.000000,
          "N" : 0
        },
        "clat_ns" : {
          "min" : 0,
          "max" : 0,
          "mean" : 0.000000,
          "stddev" : 0.000000,
          "N" : 0
        },
        "lat_ns" : {
          "min" : 0,
          "max" : 0,
          "mean" : 0.000000,
          "stddev" : 0.000000,
          "N" : 0
        },
        "bw_min" : 0,
        "bw_max" : 0,
        "bw_agg" : 0.000000,
        "bw_mean" : 0.000000,
        "bw_dev" : 0.000000,
        "bw_samples" : 0,
        "iops_min" : 0,
        "iops_max" : 0,
        "iops_mean" : 0.000000,
        "iops_stddev" : 0.000000,
        "iops_samples" : 0
      },
      "sync" : {
        "total_ios" : 0,
        "lat_ns" : {
          "min" : 0,
          "max" : 0,
          "mean" : 0.000000,
          "stddev" : 0.000000,
          "N" : 0
        }
      },
      "job_runtime" : 127927,
      "usr_cpu" : 0.007035,
      "sys_cpu" : 0.143050,
      "ctx" : 1083,
      "majf" : 0,
      "minf" : 65575,
      "iodepth_level" : {
        "1" : 0.444444,
        "2" : 0.888889,
        "4" : 1.777778,
        "8" : 3.555556,
        "16" : 93.333333,
        "32" : 0.000000,
        ">=64" : 0.000000
      },
      "iodepth_submit" : {
        "0" : 0.000000,
        "4" : 100.000000,
        "8" : 0.000000,
        "16" : 0.000000,
        "32" : 0.000000,
        "64" : 0.000000,
        ">=64" : 0.000000
      },
      "iodepth_complete" : {
        "0" : 0.000000,
        "4" : 99.526066,
        "8" : 0.000000,
        "16" : 0.473934,
        "32" : 0.000000,
        "64" : 0.000000,
        ">=64" : 0.000000
      },
      "latency_ns" : {
        "2" : 0.000000,
        "4" : 0.000000,
        "10" : 0.000000,
        "20" : 0.000000,
        "50" : 0.000000,
        "100" : 0.000000,
        "250" : 0.000000,
        "500" : 0.000000,
        "750" : 0.000000,
        "1000" : 0.000000
      },
      "latency_us" : {
        "2" : 0.000000,
        "4" : 0.000000,
        "10" : 0.000000,
        "20" : 0.000000,
        "50" : 0.000000,
        "100" : 0.000000,
        "250" : 0.000000,
        "500" : 0.000000,
        "750" : 0.000000,
        "1000" : 0.000000
      },
      "latency_ms" : {
        "2" : 0.000000,
        "4" : 0.000000,
        "10" : 0.000000,
        "20" : 0.000000,
        "50" : 0.000000,
        "100" : 0.000000,
        "250" : 8.666667,
        "500" : 20.666667,
        "750" : 7.444444,
        "1000" : 3.000000,
        "2000" : 16.777778,
        ">=2000" : 43.444444
      },
      "latency_depth" : 16,
      "latency_target" : 0,
      "latency_percentile" : 100.000000,
      "latency_window" : 0
    }
  ]
}
