{
  "fio version" : "fio-3.28",
  "timestamp" : 1723014642,
  "timestamp_ms" : 1723014642721,
  "time" : "Wed Aug  7 15:10:42 2024",
  "jobs" : [
    {
      "jobname" : "disktest",
      "groupid" : 0,
      "error" : 0,
      "eta" : 0,
      "elapsed" : 31,
      "job options" : {
        "ioengine" : "libaio",
        "iodepth" : "8",
        "numjobs" : "1",
        "rw" : "randwrite",
        "bs" : "4096k",
        "direct" : "1",
        "buffered" : "0",
        "size" : "2G",
        "runtime" : "30"
      },
      "read" : {
        "io_bytes" : 0,
        "io_kbytes" : 0,
        "bw_bytes" : 0,
        "bw" : 0,
        "iops" : 0.000000,
        "runtime" : 0,
        "total_ios" : 0,
        "short_ios" : 0,
        "drop_ios" : 0,
        "slat_ns" : {
          "min" : 0,
          "max" : 0,
          "mean" : 0.000000,
          "stddev" : 0.000000,
          "N" : 0
        },
        "clat_ns" : {
          "min" : 0,
          "max" : 0,
          "mean" : 0.000000,
          "stddev" : 0.000000,
          "N" : 0
        },
        "lat_ns" : {
          "min" : 0,
          "max" : 0,
          "mean" : 0.000000,
          "stddev" : 0.000000,
          "N" : 0
        },
        "bw_min" : 0,
        "bw_max" : 0,
        "bw_agg" : 0.000000,
        "bw_mean" : 0.000000,
        "bw_dev" : 0.000000,
        "bw_samples" : 0,
        "iops_min" : 0,
        "iops_max" : 0,
        "iops_mean" : 0.000000,
        "iops_stddev" : 0.000000,
        "iops_samples" : 0
      },
      "write" : {
        "io_bytes" : 22464692224,
        "io_kbytes" : 21938176,
        "bw_bytes" : 748050089,
        "bw" : 730517,
        "iops" : 178.349039,
        "runtime" : 30031,
        "total_ios" : 5356,
        "short_ios" : 0,
        "drop_ios" : 0,
        "slat_ns" : {
          "min" : 213256,
          "max" : 2279518,
          "mean" : 478456.398245,
          "stddev" : 136196.769128,
          "N" : 5356
        },
        "clat_ns" : {
          "min" : 20374380,
          "max" : 323171078,
          "mean" : 44358630.534727,
          "stddev" : 13888833.162626,
          "N" : 5356,
          "percentile" : {
            "1.000000" : 25559040,
            "5.000000" : 28966912,
            "10.000000" : 31064064,
            "20.000000" : 34340864,
            "30.000000" : 36962304,
            "40.000000" : 39583744,
            "50.000000" : 42205184,
            "60.000000" : 44826624,
            "70.000000" : 48496640,
            "80.000000" : 52690944,
            "90.000000" : 58982400,
            "95.000000" : 65273856,
            "99.000000" : 82313216,
            "99.500000" : 92798976,
            "99.900000" : 175112192,
            "99.950000" : 270532608,
            "99.990000" : 325058560
          }
        },
        "lat_ns" : {
          "min" : 20700145,
          "max" : 323531732,
          "mean" : 44837902.179798,
          "stddev" : 13888946.940925,
          "N" : 5356
        },
        "bw_min" : 376832,
        "bw_max" : 794624,
        "bw_agg" : 99.972394,
        "bw_mean" : 730316.800000,
        "bw_dev" : 59338.950943,
        "bw_samples" : 60,
        "iops_min" : 92,
        "iops_max" : 194,
        "iops_mean" : 178.300000,
        "iops_stddev" : 14.487049,
        "iops_samples" : 60
      },
      "trim" : {
        "io_bytes" : 0,
        "io_kbytes" : 0,
        "bw_bytes" : 0,
        "bw" : 0,
        "iops" : 0.000000,
        "runtime" : 0,
        "total_ios" : 0,
        "short_ios" : 0,
        "drop_ios" : 0,
        "slat_ns" : {
          "min" : 0,
          "max" : 0,
          "mean" : 0.000000,
          "stddev" : 0.000000,
          "N" : 0
        },
        "clat_ns" : {
          "min" : 0,
          "max" : 0,
          "mean" : 0.000000,
          "stddev" : 0.000000,
          "N" : 0
        },
        "lat_ns" : {
          "min" : 0,
          "max" : 0,
          "mean" : 0.000000,
          "stddev" : 0.000000,
          "N" : 0
        },
        "bw_min" : 0,
        "bw_max" : 0,
        "bw_agg" : 0.000000,
        "bw_mean" : 0.000000,
        "bw_dev" : 0.000000,
        "bw_samples" : 0,
        "iops_min" : 0,
        "iops_max" : 0,
        "iops_mean" : 0.000000,
        "iops_stddev" : 0.000000,
        "iops_samples" : 0
      },
      "sync" : {
        "total_ios" : 0,
        "lat_ns" : {
          "min" : 0,
          "max" : 0,
          "mean" : 0.000000,
          "stddev" : 0.000000,
          "N" : 0
        }
      },
      "job_runtime" : 30030,
      "usr_cpu" : 4.995005,
      "sys_cpu" : 3.892774,
      "ctx" : 4950,
      "majf" : 0,
      "minf" : 11,
      "iodepth_level" : {
        "1" : 0.100000,
        "2" : 0.100000,
        "4" : 0.100000,
        "8" : 99.869305,
        "16" : 0.000000,
        "32" : 0.000000,
        ">=64" : 0.000000
      },
      "iodepth_submit" : {
        "0" : 0.000000,
        "4" : 100.000000,
        "8" : 0.000000,
        "16" : 0.000000,
        "32" : 0.000000,
        "64" : 0.000000,
        ">=64" : 0.000000
      },
      "iodepth_complete" : {
        "0" : 0.000000,
        "4" : 99.981308,
        "8" : 0.100000,
        "16" : 0.000000,
        "32" : 0.000000,
        "64" : 0.000000,
        ">=64" : 0.000000
      },
      "latency_ns" : {
        "2" : 0.000000,
        "4" : 0.000000,
        "10" : 0.000000,
        "20" : 0.000000,
        "50" : 0.000000,
        "100" : 0.000000,
        "250" : 0.000000,
        "500" : 0.000000,
        "750" : 0.000000,
        "1000" : 0.000000
      },
      "latency_us" : {
        "2" : 0.000000,
        "4" : 0.000000,
        "10" : 0.000000,
        "20" : 0.000000,
        "50" : 0.000000,
        "100" : 0.000000,
        "250" : 0.000000,
        "500" : 0.000000,
        "750" : 0.000000,
        "1000" : 0.000000
      },
      "latency_ms" : {
        "2" : 0.000000,
        "4" : 0.000000,
        "10" : 0.000000,
        "20" : 0.000000,
        "50" : 74.663928,
        "100" : 24.943988,
        "250" : 0.336072,
        "500" : 0.056012,
        "750" : 0.000000,
        "1000" : 0.000000,
        "2000" : 0.000000,
        ">=2000" : 0.000000
      },
      "latency_depth" : 8,
      "latency_target" : 0,
      "latency_percentile" : 100.000000,
      "latency_window" : 0
    }
  ]
}
