{
  "fio version" : "fio-3.28",
  "timestamp" : 1723014764,
  "timestamp_ms" : 1723014764911,
  "time" : "Wed Aug  7 15:12:44 2024",
  "jobs" : [
    {
      "jobname" : "disktest",
      "groupid" : 0,
      "error" : 0,
      "eta" : 0,
      "elapsed" : 31,
      "job options" : {
        "ioengine" : "libaio",
        "iodepth" : "4",
        "numjobs" : "4",
        "rw" : "randwrite",
        "bs" : "4096k",
        "direct" : "1",
        "buffered" : "0",
        "size" : "2G",
        "runtime" : "30"
      },
      "read" : {
        "io_bytes" : 0,
        "io_kbytes" : 0,
        "bw_bytes" : 0,
        "bw" : 0,
        "iops" : 0.000000,
        "runtime" : 0,
        "total_ios" : 0,
        "short_ios" : 0,
        "drop_ios" : 0,
        "slat_ns" : {
          "min" : 0,
          "max" : 0,
          "mean" : 0.000000,
          "stddev" : 0.000000,
          "N" : 0
        },
        "clat_ns" : {
          "min" : 0,
          "max" : 0,
          "mean" : 0.000000,
          "stddev" : 0.000000,
          "N" : 0
        },
        "lat_ns" : {
          "min" : 0,
          "max" : 0,
          "mean" : 0.000000,
          "stddev" : 0.000000,
          "N" : 0
        },
        "bw_min" : 0,
        "bw_max" : 0,
        "bw_agg" : 0.000000,
        "bw_mean" : 0.000000,
        "bw_dev" : 0.000000,
        "bw_samples" : 0,
        "iops_min" : 0,
        "iops_max" : 0,
        "iops_mean" : 0.000000,
        "iops_stddev" : 0.000000,
        "iops_samples" : 0
      },
      "write" : {
        "io_bytes" : 25253904384,
        "io_kbytes" : 24662016,
        "bw_bytes" : 840312261,
        "bw" : 820617,
        "iops" : 200.346055,
        "runtime" : 30053,
        "total_ios" : 6021,
        "short_ios" : 0,
        "drop_ios" : 0,
        "slat_ns" : {
          "min" : 230931,
          "max" : 4707723,
          "mean" : 569528.132038,
          "stddev" : 194071.818354,
          "N" : 6021
        },
        "clat_ns" : {
          "min" : 21231071,
          "max" : 597771485,
          "mean" : 79250318.129214,
          "stddev" : 37346239.941358,
          "N" : 6021,
          "percentile" : {
            "1.000000" : 27394048,
            "5.000000" : 32636928,
            "10.000000" : 38010880,
            "20.000000" : 49545216,
            "30.000000" : 60030976,
            "40.000000" : 67633152,
            "50.000000" : 73924608,
            "60.000000" : 81264640,
            "70.000000" : 89653248,
            "80.000000" : 102236160,
            "90.000000" : 122159104,
            "95.000000" : 145752064,
            "99.000000" : 196083712,
            "99.500000" : 227540992,
            "99.900000" : 341835776,
            "99.950000" : 446693376,
            "99.990000" : 599785472
          }
        },
        "lat_ns" : {
          "min" : 21799705,
          "max" : 598297622,
          "mean" : 79820833.763328,
          "stddev" : 37351291.152403,
          "N" : 6021
        },
        "bw_min" : 458752,
        "bw_max" : 1007616,
        "bw_agg" : 99.943647,
        "bw_mean" : 820155.733333,
        "bw_dev" : 23921.464022,
        "bw_samples" : 240,
        "iops_min" : 112,
        "iops_max" : 246,
        "iops_mean" : 200.233333,
        "iops_stddev" : 5.840201,
        "iops_samples" : 240
      },
      "trim" : {
        "io_bytes" : 0,
        "io_kbytes" : 0,
        "bw_bytes" : 0,
        "bw" : 0,
        "iops" : 0.000000,
        "runtime" : 0,
        "total_ios" : 0,
        "short_ios" : 0,
        "drop_ios" : 0,
        "slat_ns" : {
          "min" : 0,
          "max" : 0,
          "mean" : 0.000000,
          "stddev" : 0.000000,
          "N" : 0
        },
        "clat_ns" : {
          "min" : 0,
          "max" : 0,
          "mean" : 0.000000,
          "stddev" : 0.000000,
          "N" : 0
        },
        "lat_ns" : {
          "min" : 0,
          "max" : 0,
          "mean" : 0.000000,
          "stddev" : 0.000000,
          "N" : 0
        },
        "bw_min" : 0,
        "bw_max" : 0,
        "bw_agg" : 0.000000,
        "bw_mean" : 0.000000,
        "bw_dev" : 0.000000,
        "bw_samples" : 0,
        "iops_min" : 0,
        "iops_max" : 0,
        "iops_mean" : 0.000000,
        "iops_stddev" : 0.000000,
        "iops_samples" : 0
      },
      "sync" : {
        "total_ios" : 0,
        "lat_ns" : {
          "min" : 0,
          "max" : 0,
          "mean" : 0.000000,
          "stddev" : 0.000000,
          "N" : 0
        }
      },
      "job_runtime" : 120202,
      "usr_cpu" : 1.785328,
      "sys_cpu" : 1.190496,
      "ctx" : 5942,
      "majf" : 0,
      "minf" : 44,
      "iodepth_level" : {
        "1" : 0.100000,
        "2" : 0.132868,
        "4" : 99.800698,
        "8" : 0.000000,
        "16" : 0.000000,
        "32" : 0.000000,
        ">=64" : 0.000000
      },
      "iodepth_submit" : {
        "0" : 0.000000,
        "4" : 100.000000,
        "8" : 0.000000,
        "16" : 0.000000,
        "32" : 0.000000,
        "64" : 0.000000,
        ">=64" : 0.000000
      },
      "iodepth_complete" : {
        "0" : 0.000000,
        "4" : 100.000000,
        "8" : 0.000000,
        "16" : 0.000000,
        "32" : 0.000000,
        "64" : 0.000000,
        ">=64" : 0.000000
      },
      "latency_ns" : {
        "2" : 0.000000,
        "4" : 0.000000,
        "10" : 0.000000,
        "20" : 0.000000,
        "50" : 0.000000,
        "100" : 0.000000,
        "250" : 0.000000,
        "500" : 0.000000,
        "750" : 0.000000,
        "1000" : 0.000000
      },
      "latency_us" : {
        "2" : 0.000000,
        "4" : 0.000000,
        "10" : 0.000000,
        "20" : 0.000000,
        "50" : 0.000000,
        "100" : 0.000000,
        "250" : 0.000000,
        "500" : 0.000000,
        "750" : 0.000000,
        "1000" : 0.000000
      },
      "latency_ms" : {
        "2" : 0.000000,
        "4" : 0.000000,
        "10" : 0.000000,
        "20" : 0.000000,
        "50" : 20.195981,
        "100" : 58.528484,
        "250" : 20.893539,
        "500" : 0.332171,
        "750" : 0.049826,
        "1000" : 0.000000,
        "2000" : 0.000000,
        ">=2000" : 0.000000
      },
      "latency_depth" : 4,
      "latency_target" : 0,
      "latency_percentile" : 100.000000,
      "latency_window" : 0
    }
  ]
}
