{
  "fio version" : "fio-3.28",
  "timestamp" : 1723014703,
  "timestamp_ms" : 1723014703837,
  "time" : "Wed Aug  7 15:11:43 2024",
  "jobs" : [
    {
      "jobname" : "disktest",
      "groupid" : 0,
      "error" : 0,
      "eta" : 0,
      "elapsed" : 31,
      "job options" : {
        "ioengine" : "libaio",
        "iodepth" : "1",
        "numjobs" : "4",
        "rw" : "randwrite",
        "bs" : "4096k",
        "direct" : "1",
        "buffered" : "0",
        "size" : "2G",
        "runtime" : "30"
      },
      "read" : {
        "io_bytes" : 0,
        "io_kbytes" : 0,
        "bw_bytes" : 0,
        "bw" : 0,
        "iops" : 0.000000,
        "runtime" : 0,
        "total_ios" : 0,
        "short_ios" : 0,
        "drop_ios" : 0,
        "slat_ns" : {
          "min" : 0,
          "max" : 0,
          "mean" : 0.000000,
          "stddev" : 0.000000,
          "N" : 0
        },
        "clat_ns" : {
          "min" : 0,
          "max" : 0,
          "mean" : 0.000000,
          "stddev" : 0.000000,
          "N" : 0
        },
        "lat_ns" : {
          "min" : 0,
          "max" : 0,
          "mean" : 0.000000,
          "stddev" : 0.000000,
          "N" : 0
        },
        "bw_min" : 0,
        "bw_max" : 0,
        "bw_agg" : 0.000000,
        "bw_mean" : 0.000000,
        "bw_dev" : 0.000000,
        "bw_samples" : 0,
        "iops_min" : 0,
        "iops_max" : 0,
        "iops_mean" : 0.000000,
        "iops_stddev" : 0.000000,
        "iops_samples" : 0
      },
      "write" : {
        "io_bytes" : 14277410816,
        "io_kbytes" : 13942784,
        "bw_bytes" : 475549106,
        "bw" : 464403,
        "iops" : 113.379742,
        "runtime" : 30023,
        "total_ios" : 3404,
        "short_ios" : 0,
        "drop_ios" : 0,
        "slat_ns" : {
          "min" : 159822,
          "max" : 6085334,
          "mean" : 446023.061398,
          "stddev" : 227859.172243,
          "N" : 3404
        },
        "clat_ns" : {
          "min" : 18484718,
          "max" : 142169885,
          "mean" : 34819098.905405,
          "stddev" : 8240093.572413,
          "N" : 3404,
          "percentile" : {
            "1.000000" : 22675456,
            "5.000000" : 25296896,
            "10.000000" : 26607616,
            "20.000000" : 28704768,
            "30.000000" : 30277632,
            "40.000000" : 31850496,
            "50.000000" : 33423360,
            "60.000000" : 35389440,
            "70.000000" : 36962304,
            "80.000000" : 40108032,
            "90.000000" : 44302336,
            "95.000000" : 48496640,
            "99.000000" : 58458112,
            "99.500000" : 68681728,
            "99.900000" : 111673344,
            "99.950000" : 135266304,
            "99.990000" : 141557760
          }
        },
        "lat_ns" : {
          "min" : 18834020,
          "max" : 142651781,
          "mean" : 35265987.443596,
          "stddev" : 8256883.627936,
          "N" : 3404
        },
        "bw_min" : 352256,
        "bw_max" : 532480,
        "bw_agg" : 100.000000,
        "bw_mean" : 464836.857627,
        "bw_dev" : 9062.995200,
        "bw_samples" : 237,
        "iops_min" : 86,
        "iops_max" : 130,
        "iops_mean" : 113.484746,
        "iops_stddev" : 2.213043,
        "iops_samples" : 237
      },
      "trim" : {
        "io_bytes" : 0,
        "io_kbytes" : 0,
        "bw_bytes" : 0,
        "bw" : 0,
        "iops" : 0.000000,
        "runtime" : 0,
        "total_ios" : 0,
        "short_ios" : 0,
        "drop_ios" : 0,
        "slat_ns" : {
          "min" : 0,
          "max" : 0,
          "mean" : 0.000000,
          "stddev" : 0.000000,
          "N" : 0
        },
        "clat_ns" : {
          "min" : 0,
          "max" : 0,
          "mean" : 0.000000,
          "stddev" : 0.000000,
          "N" : 0
        },
        "lat_ns" : {
          "min" : 0,
          "max" : 0,
          "mean" : 0.000000,
          "stddev" : 0.000000,
          "N" : 0
        },
        "bw_min" : 0,
        "bw_max" : 0,
        "bw_agg" : 0.000000,
        "bw_mean" : 0.000000,
        "bw_dev" : 0.000000,
        "bw_samples" : 0,
        "iops_min" : 0,
        "iops_max" : 0,
        "iops_mean" : 0.000000,
        "iops_stddev" : 0.000000,
        "iops_samples" : 0
      },
      "sync" : {
        "total_ios" : 0,
        "lat_ns" : {
          "min" : 0,
          "max" : 0,
          "mean" : 0.000000,
          "stddev" : 0.000000,
          "N" : 0
        }
      },
      "job_runtime" : 120071,
      "usr_cpu" : 0.685428,
      "sys_cpu" : 0.659610,
      "ctx" : 3417,
      "majf" : 0,
      "minf" : 38,
      "iodepth_level" : {
        "1" : 100.000000,
        "2" : 0.000000,
        "4" : 0.000000,
        "8" : 0.000000,
        "16" : 0.000000,
        "32" : 0.000000,
        ">=64" : 0.000000
      },
      "iodepth_submit" : {
        "0" : 0.000000,
        "4" : 100.000000,
        "8" : 0.000000,
        "16" : 0.000000,
        "32" : 0.000000,
        "64" : 0.000000,
        ">=64" : 0.000000
      },
      "iodepth_complete" : {
        "0" : 0.000000,
        "4" : 100.000000,
        "8" : 0.000000,
        "16" : 0.000000,
        "32" : 0.000000,
        "64" : 0.000000,
        ">=64" : 0.000000
      },
      "latency_ns" : {
        "2" : 0.000000,
        "4" : 0.000000,
        "10" : 0.000000,
        "20" : 0.000000,
        "50" : 0.000000,
        "100" : 0.000000,
        "250" : 0.000000,
        "500" : 0.000000,
        "750" : 0.000000,
        "1000" : 0.000000
      },
      "latency_us" : {
        "2" : 0.000000,
        "4" : 0.000000,
        "10" : 0.000000,
        "20" : 0.000000,
        "50" : 0.000000,
        "100" : 0.000000,
        "250" : 0.000000,
        "500" : 0.000000,
        "750" : 0.000000,
        "1000" : 0.000000
      },
      "latency_ms" : {
        "2" : 0.000000,
        "4" : 0.000000,
        "10" : 0.000000,
        "20" : 0.058754,
        "50" : 96.122209,
        "100" : 3.642773,
        "250" : 0.176263,
        "500" : 0.000000,
        "750" : 0.000000,
        "1000" : 0.000000,
        "2000" : 0.000000,
        ">=2000" : 0.000000
      },
      "latency_depth" : 1,
      "latency_target" : 0,
      "latency_percentile" : 100.000000,
      "latency_window" : 0
    }
  ]
}
