{
  "fio version" : "fio-3.28",
  "timestamp" : 1723015279,
  "timestamp_ms" : 1723015279697,
  "time" : "Wed Aug  7 15:21:19 2024",
  "jobs" : [
    {
      "jobname" : "disktest",
      "groupid" : 0,
      "error" : 0,
      "eta" : 0,
      "elapsed" : 31,
      "job options" : {
        "ioengine" : "libaio",
        "iodepth" : "4",
        "numjobs" : "1",
        "rw" : "read",
        "bs" : "4096k",
        "direct" : "1",
        "buffered" : "0",
        "size" : "2G",
        "runtime" : "30"
      },
      "read" : {
        "io_bytes" : 27338473472,
        "io_kbytes" : 26697728,
        "bw_bytes" : 911100229,
        "bw" : 889746,
        "iops" : 217.223222,
        "runtime" : 30006,
        "total_ios" : 6518,
        "short_ios" : 0,
        "drop_ios" : 0,
        "slat_ns" : {
          "min" : 78867,
          "max" : 20134458,
          "mean" : 401125.594047,
          "stddev" : 998450.722795,
          "N" : 6518
        },
        "clat_ns" : {
          "min" : 9528409,
          "max" : 82409675,
          "mean" : 18004334.368978,
          "stddev" : 4687843.861153,
          "N" : 6518,
          "percentile" : {
            "1.000000" : 11862016,
            "5.000000" : 13172736,
            "10.000000" : 13959168,
            "20.000000" : 15007744,
            "30.000000" : 15663104,
            "40.000000" : 16187392,
            "50.000000" : 16711680,
            "60.000000" : 17432576,
            "70.000000" : 18481152,
            "80.000000" : 20316160,
            "90.000000" : 23461888,
            "95.000000" : 26607616,
            "99.000000" : 35389440,
            "99.500000" : 39583744,
            "99.900000" : 57933824,
            "99.950000" : 60030976,
            "99.990000" : 82313216
          }
        },
        "lat_ns" : {
          "min" : 9790127,
          "max" : 82734307,
          "mean" : 18406207.027923,
          "stddev" : 4796338.443173,
          "N" : 6518
        },
        "bw_min" : 802816,
        "bw_max" : 966656,
        "bw_agg" : 100.000000,
        "bw_mean" : 890567.593220,
        "bw_dev" : 37634.373999,
        "bw_samples" : 59,
        "iops_min" : 196,
        "iops_max" : 236,
        "iops_mean" : 217.423729,
        "iops_stddev" : 9.188080,
        "iops_samples" : 59
      },
      "write" : {
        "io_bytes" : 0,
        "io_kbytes" : 0,
        "bw_bytes" : 0,
        "bw" : 0,
        "iops" : 0.000000,
        "runtime" : 0,
        "total_ios" : 0,
        "short_ios" : 0,
        "drop_ios" : 0,
        "slat_ns" : {
          "min" : 0,
          "max" : 0,
          "mean" : 0.000000,
          "stddev" : 0.000000,
          "N" : 0
        },
        "clat_ns" : {
          "min" : 0,
          "max" : 0,
          "mean" : 0.000000,
          "stddev" : 0.000000,
          "N" : 0
        },
        "lat_ns" : {
          "min" : 0,
          "max" : 0,
          "mean" : 0.000000,
          "stddev" : 0.000000,
          "N" : 0
        },
        "bw_min" : 0,
        "bw_max" : 0,
        "bw_agg" : 0.000000,
        "bw_mean" : 0.000000,
        "bw_dev" : 0.000000,
        "bw_samples" : 0,
        "iops_min" : 0,
        "iops_max" : 0,
        "iops_mean" : 0.000000,
        "iops_stddev" : 0.000000,
        "iops_samples" : 0
      },
      "trim" : {
        "io_bytes" : 0,
        "io_kbytes" : 0,
        "bw_bytes" : 0,
        "bw" : 0,
        "iops" : 0.000000,
        "runtime" : 0,
        "total_ios" : 0,
        "short_ios" : 0,
        "drop_ios" : 0,
        "slat_ns" : {
          "min" : 0,
          "max" : 0,
          "mean" : 0.000000,
          "stddev" : 0.000000,
          "N" : 0
        },
        "clat_ns" : {
          "min" : 0,
          "max" : 0,
          "mean" : 0.000000,
          "stddev" : 0.000000,
          "N" : 0
        },
        "lat_ns" : {
          "min" : 0,
          "max" : 0,
          "mean" : 0.000000,
          "stddev" : 0.000000,
          "N" : 0
        },
        "bw_min" : 0,
        "bw_max" : 0,
        "bw_agg" : 0.000000,
        "bw_mean" : 0.000000,
        "bw_dev" : 0.000000,
        "bw_samples" : 0,
        "iops_min" : 0,
        "iops_max" : 0,
        "iops_mean" : 0.000000,
        "iops_stddev" : 0.000000,
        "iops_samples" : 0
      },
      "sync" : {
        "total_ios" : 0,
        "lat_ns" : {
          "min" : 0,
          "max" : 0,
          "mean" : 0.000000,
          "stddev" : 0.000000,
          "N" : 0
        }
      },
      "job_runtime" : 30005,
      "usr_cpu" : 0.269955,
      "sys_cpu" : 6.732211,
      "ctx" : 9307,
      "majf" : 0,
      "minf" : 6172,
      "iodepth_level" : {
        "1" : 0.100000,
        "2" : 0.100000,
        "4" : 99.953974,
        "8" : 0.000000,
        "16" : 0.000000,
        "32" : 0.000000,
        ">=64" : 0.000000
      },
      "iodepth_submit" : {
        "0" : 0.000000,
        "4" : 100.000000,
        "8" : 0.000000,
        "16" : 0.000000,
        "32" : 0.000000,
        "64" : 0.000000,
        ">=64" : 0.000000
      },
      "iodepth_complete" : {
        "0" : 0.000000,
        "4" : 100.000000,
        "8" : 0.000000,
        "16" : 0.000000,
        "32" : 0.000000,
        "64" : 0.000000,
        ">=64" : 0.000000
      },
      "latency_ns" : {
        "2" : 0.000000,
        "4" : 0.000000,
        "10" : 0.000000,
        "20" : 0.000000,
        "50" : 0.000000,
        "100" : 0.000000,
        "250" : 0.000000,
        "500" : 0.000000,
        "750" : 0.000000,
        "1000" : 0.000000
      },
      "latency_us" : {
        "2" : 0.000000,
        "4" : 0.000000,
        "10" : 0.000000,
        "20" : 0.000000,
        "50" : 0.000000,
        "100" : 0.000000,
        "250" : 0.000000,
        "500" : 0.000000,
        "750" : 0.000000,
        "1000" : 0.000000
      },
      "latency_ms" : {
        "2" : 0.000000,
        "4" : 0.000000,
        "10" : 0.015342,
        "20" : 77.953360,
        "50" : 21.893219,
        "100" : 0.138079,
        "250" : 0.000000,
        "500" : 0.000000,
        "750" : 0.000000,
        "1000" : 0.000000,
        "2000" : 0.000000,
        ">=2000" : 0.000000
      },
      "latency_depth" : 4,
      "latency_target" : 0,
      "latency_percentile" : 100.000000,
      "latency_window" : 0
    }
  ]
}
