{
  "fio version" : "fio-3.28",
  "timestamp" : 1723015512,
  "timestamp_ms" : 1723015512970,
  "time" : "Wed Aug  7 15:25:12 2024",
  "jobs" : [
    {
      "jobname" : "disktest",
      "groupid" : 0,
      "error" : 0,
      "eta" : 0,
      "elapsed" : 31,
      "job options" : {
        "ioengine" : "libaio",
        "iodepth" : "16",
        "numjobs" : "4",
        "rw" : "read",
        "bs" : "4096k",
        "direct" : "1",
        "buffered" : "0",
        "size" : "2G",
        "runtime" : "30"
      },
      "read" : {
        "io_bytes" : 106946363392,
        "io_kbytes" : 104439808,
        "bw_bytes" : 3536936977,
        "bw" : 3454040,
        "iops" : 843.271489,
        "runtime" : 30237,
        "total_ios" : 25498,
        "short_ios" : 0,
        "drop_ios" : 0,
        "slat_ns" : {
          "min" : 59767,
          "max" : 34583587,
          "mean" : 717258.965135,
          "stddev" : 1784314.151412,
          "N" : 25498
        },
        "clat_ns" : {
          "min" : 11701917,
          "max" : 784809818,
          "mean" : 74963947.374775,
          "stddev" : 90752619.370075,
          "N" : 25498,
          "percentile" : {
            "1.000000" : 15269888,
            "5.000000" : 17694720,
            "10.000000" : 19791872,
            "20.000000" : 23461888,
            "30.000000" : 27394048,
            "40.000000" : 32112640,
            "50.000000" : 38535168,
            "60.000000" : 47448064,
            "70.000000" : 63176704,
            "80.000000" : 95944704,
            "90.000000" : 193986560,
            "95.000000" : 287309824,
            "99.000000" : 438304768,
            "99.500000" : 476053504,
            "99.900000" : 616562688,
            "99.950000" : 666894336,
            "99.990000" : 767557632
          }
        },
        "lat_ns" : {
          "min" : 12026009,
          "max" : 785087832,
          "mean" : 75681979.558397,
          "stddev" : 90945524.256967,
          "N" : 25498
        },
        "bw_min" : 2580480,
        "bw_max" : 4382720,
        "bw_agg" : 100.000000,
        "bw_mean" : 3473134.933333,
        "bw_dev" : 90130.122991,
        "bw_samples" : 240,
        "iops_min" : 630,
        "iops_max" : 1070,
        "iops_mean" : 847.933333,
        "iops_stddev" : 22.004425,
        "iops_samples" : 240
      },
      "write" : {
        "io_bytes" : 0,
        "io_kbytes" : 0,
        "bw_bytes" : 0,
        "bw" : 0,
        "iops" : 0.000000,
        "runtime" : 0,
        "total_ios" : 0,
        "short_ios" : 0,
        "drop_ios" : 0,
        "slat_ns" : {
          "min" : 0,
          "max" : 0,
          "mean" : 0.000000,
          "stddev" : 0.000000,
          "N" : 0
        },
        "clat_ns" : {
          "min" : 0,
          "max" : 0,
          "mean" : 0.000000,
          "stddev" : 0.000000,
          "N" : 0
        },
        "lat_ns" : {
          "min" : 0,
          "max" : 0,
          "mean" : 0.000000,
          "stddev" : 0.000000,
          "N" : 0
        },
        "bw_min" : 0,
        "bw_max" : 0,
        "bw_agg" : 0.000000,
        "bw_mean" : 0.000000,
        "bw_dev" : 0.000000,
        "bw_samples" : 0,
        "iops_min" : 0,
        "iops_max" : 0,
        "iops_mean" : 0.000000,
        "iops_stddev" : 0.000000,
        "iops_samples" : 0
      },
      "trim" : {
        "io_bytes" : 0,
        "io_kbytes" : 0,
        "bw_bytes" : 0,
        "bw" : 0,
        "iops" : 0.000000,
        "runtime" : 0,
        "total_ios" : 0,
        "short_ios" : 0,
        "drop_ios" : 0,
        "slat_ns" : {
          "min" : 0,
          "max" : 0,
          "mean" : 0.000000,
          "stddev" : 0.000000,
          "N" : 0
        },
        "clat_ns" : {
          "min" : 0,
          "max" : 0,
          "mean" : 0.000000,
          "stddev" : 0.000000,
          "N" : 0
        },
        "lat_ns" : {
          "min" : 0,
          "max" : 0,
          "mean" : 0.000000,
          "stddev" : 0.000000,
          "N" : 0
        },
        "bw_min" : 0,
        "bw_max" : 0,
        "bw_agg" : 0.000000,
        "bw_mean" : 0.000000,
        "bw_dev" : 0.000000,
        "bw_samples" : 0,
        "iops_min" : 0,
        "iops_max" : 0,
        "iops_mean" : 0.000000,
        "iops_stddev" : 0.000000,
        "iops_samples" : 0
      },
      "sync" : {
        "total_ios" : 0,
        "lat_ns" : {
          "min" : 0,
          "max" : 0,
          "mean" : 0.000000,
          "stddev" : 0.000000,
          "N" : 0
        }
      },
      "job_runtime" : 120731,
      "usr_cpu" : 0.246001,
      "sys_cpu" : 10.766912,
      "ctx" : 34418,
      "majf" : 0,
      "minf" : 67886,
      "iodepth_level" : {
        "1" : 0.100000,
        "2" : 0.100000,
        "4" : 0.100000,
        "8" : 0.125500,
        "16" : 99.764687,
        "32" : 0.000000,
        ">=64" : 0.000000
      },
      "iodepth_submit" : {
        "0" : 0.000000,
        "4" : 100.000000,
        "8" : 0.000000,
        "16" : 0.000000,
        "32" : 0.000000,
        "64" : 0.000000,
        ">=64" : 0.000000
      },
      "iodepth_complete" : {
        "0" : 0.000000,
        "4" : 99.984278,
        "8" : 0.000000,
        "16" : 0.100000,
        "32" : 0.000000,
        "64" : 0.000000,
        ">=64" : 0.000000
      },
      "latency_ns" : {
        "2" : 0.000000,
        "4" : 0.000000,
        "10" : 0.000000,
        "20" : 0.000000,
        "50" : 0.000000,
        "100" : 0.000000,
        "250" : 0.000000,
        "500" : 0.000000,
        "750" : 0.000000,
        "1000" : 0.000000
      },
      "latency_us" : {
        "2" : 0.000000,
        "4" : 0.000000,
        "10" : 0.000000,
        "20" : 0.000000,
        "50" : 0.000000,
        "100" : 0.000000,
        "250" : 0.000000,
        "500" : 0.000000,
        "750" : 0.000000,
        "1000" : 0.000000
      },
      "latency_ms" : {
        "2" : 0.000000,
        "4" : 0.000000,
        "10" : 0.000000,
        "20" : 10.569456,
        "50" : 51.400110,
        "100" : 18.801475,
        "250" : 12.310769,
        "500" : 6.592674,
        "750" : 0.305906,
        "1000" : 0.019609,
        "2000" : 0.000000,
        ">=2000" : 0.000000
      },
      "latency_depth" : 16,
      "latency_target" : 0,
      "latency_percentile" : 100.000000,
      "latency_window" : 0
    }
  ]
}
