{
  "fio version" : "fio-3.28",
  "timestamp" : 1723015451,
  "timestamp_ms" : 1723015451551,
  "time" : "Wed Aug  7 15:24:11 2024",
  "jobs" : [
    {
      "jobname" : "disktest",
      "groupid" : 0,
      "error" : 0,
      "eta" : 0,
      "elapsed" : 31,
      "job options" : {
        "ioengine" : "libaio",
        "iodepth" : "4",
        "numjobs" : "4",
        "rw" : "read",
        "bs" : "4096k",
        "direct" : "1",
        "buffered" : "0",
        "size" : "2G",
        "runtime" : "30"
      },
      "read" : {
        "io_bytes" : 77015810048,
        "io_kbytes" : 75210752,
        "bw_bytes" : 2564885271,
        "bw" : 2504770,
        "iops" : 611.516302,
        "runtime" : 30027,
        "total_ios" : 18362,
        "short_ios" : 0,
        "drop_ios" : 0,
        "slat_ns" : {
          "min" : 66629,
          "max" : 32470302,
          "mean" : 936670.705751,
          "stddev" : 2217891.388658,
          "N" : 18362
        },
        "clat_ns" : {
          "min" : 11031135,
          "max" : 257690492,
          "mean" : 25208033.234506,
          "stddev" : 11260441.869701,
          "N" : 18362,
          "percentile" : {
            "1.000000" : 13434880,
            "5.000000" : 15007744,
            "10.000000" : 16056320,
            "20.000000" : 17432576,
            "30.000000" : 18743296,
            "40.000000" : 20316160,
            "50.000000" : 22151168,
            "60.000000" : 24510464,
            "70.000000" : 27131904,
            "80.000000" : 31326208,
            "90.000000" : 38010880,
            "95.000000" : 45350912,
            "99.000000" : 61079552,
            "99.500000" : 69730304,
            "99.900000" : 101187584,
            "99.950000" : 168820736,
            "99.990000" : 254803968
          }
        },
        "lat_ns" : {
          "min" : 11156507,
          "max" : 257928573,
          "mean" : 26145565.997713,
          "stddev" : 11713160.206899,
          "N" : 18362
        },
        "bw_min" : 2121728,
        "bw_max" : 2809856,
        "bw_agg" : 100.000000,
        "bw_mean" : 2506071.647458,
        "bw_dev" : 36565.449418,
        "bw_samples" : 238,
        "iops_min" : 518,
        "iops_max" : 686,
        "iops_mean" : 611.833898,
        "iops_stddev" : 8.927112,
        "iops_samples" : 238
      },
      "write" : {
        "io_bytes" : 0,
        "io_kbytes" : 0,
        "bw_bytes" : 0,
        "bw" : 0,
        "iops" : 0.000000,
        "runtime" : 0,
        "total_ios" : 0,
        "short_ios" : 0,
        "drop_ios" : 0,
        "slat_ns" : {
          "min" : 0,
          "max" : 0,
          "mean" : 0.000000,
          "stddev" : 0.000000,
          "N" : 0
        },
        "clat_ns" : {
          "min" : 0,
          "max" : 0,
          "mean" : 0.000000,
          "stddev" : 0.000000,
          "N" : 0
        },
        "lat_ns" : {
          "min" : 0,
          "max" : 0,
          "mean" : 0.000000,
          "stddev" : 0.000000,
          "N" : 0
        },
        "bw_min" : 0,
        "bw_max" : 0,
        "bw_agg" : 0.000000,
        "bw_mean" : 0.000000,
        "bw_dev" : 0.000000,
        "bw_samples" : 0,
        "iops_min" : 0,
        "iops_max" : 0,
        "iops_mean" : 0.000000,
        "iops_stddev" : 0.000000,
        "iops_samples" : 0
      },
      "trim" : {
        "io_bytes" : 0,
        "io_kbytes" : 0,
        "bw_bytes" : 0,
        "bw" : 0,
        "iops" : 0.000000,
        "runtime" : 0,
        "total_ios" : 0,
        "short_ios" : 0,
        "drop_ios" : 0,
        "slat_ns" : {
          "min" : 0,
          "max" : 0,
          "mean" : 0.000000,
          "stddev" : 0.000000,
          "N" : 0
        },
        "clat_ns" : {
          "min" : 0,
          "max" : 0,
          "mean" : 0.000000,
          "stddev" : 0.000000,
          "N" : 0
        },
        "lat_ns" : {
          "min" : 0,
          "max" : 0,
          "mean" : 0.000000,
          "stddev" : 0.000000,
          "N" : 0
        },
        "bw_min" : 0,
        "bw_max" : 0,
        "bw_agg" : 0.000000,
        "bw_mean" : 0.000000,
        "bw_dev" : 0.000000,
        "bw_samples" : 0,
        "iops_min" : 0,
        "iops_max" : 0,
        "iops_mean" : 0.000000,
        "iops_stddev" : 0.000000,
        "iops_samples" : 0
      },
      "sync" : {
        "total_ios" : 0,
        "lat_ns" : {
          "min" : 0,
          "max" : 0,
          "mean" : 0.000000,
          "stddev" : 0.000000,
          "N" : 0
        }
      },
      "job_runtime" : 120074,
      "usr_cpu" : 0.168230,
      "sys_cpu" : 9.225144,
      "ctx" : 26442,
      "majf" : 0,
      "minf" : 19556,
      "iodepth_level" : {
        "1" : 0.100000,
        "2" : 0.100000,
        "4" : 99.934648,
        "8" : 0.000000,
        "16" : 0.000000,
        "32" : 0.000000,
        ">=64" : 0.000000
      },
      "iodepth_submit" : {
        "0" : 0.000000,
        "4" : 100.000000,
        "8" : 0.000000,
        "16" : 0.000000,
        "32" : 0.000000,
        "64" : 0.000000,
        ">=64" : 0.000000
      },
      "iodepth_complete" : {
        "0" : 0.000000,
        "4" : 100.000000,
        "8" : 0.000000,
        "16" : 0.000000,
        "32" : 0.000000,
        "64" : 0.000000,
        ">=64" : 0.000000
      },
      "latency_ns" : {
        "2" : 0.000000,
        "4" : 0.000000,
        "10" : 0.000000,
        "20" : 0.000000,
        "50" : 0.000000,
        "100" : 0.000000,
        "250" : 0.000000,
        "500" : 0.000000,
        "750" : 0.000000,
        "1000" : 0.000000
      },
      "latency_us" : {
        "2" : 0.000000,
        "4" : 0.000000,
        "10" : 0.000000,
        "20" : 0.000000,
        "50" : 0.000000,
        "100" : 0.000000,
        "250" : 0.000000,
        "500" : 0.000000,
        "750" : 0.000000,
        "1000" : 0.000000
      },
      "latency_ms" : {
        "2" : 0.000000,
        "4" : 0.000000,
        "10" : 0.000000,
        "20" : 37.877138,
        "50" : 59.056748,
        "100" : 2.957194,
        "250" : 0.098029,
        "500" : 0.010892,
        "750" : 0.000000,
        "1000" : 0.000000,
        "2000" : 0.000000,
        ">=2000" : 0.000000
      },
      "latency_depth" : 4,
      "latency_target" : 0,
      "latency_percentile" : 100.000000,
      "latency_window" : 0
    }
  ]
}
