{
  "fio version" : "fio-3.28",
  "timestamp" : 1723015482,
  "timestamp_ms" : 1723015482255,
  "time" : "Wed Aug  7 15:24:42 2024",
  "jobs" : [
    {
      "jobname" : "disktest",
      "groupid" : 0,
      "error" : 0,
      "eta" : 0,
      "elapsed" : 31,
      "job options" : {
        "ioengine" : "libaio",
        "iodepth" : "8",
        "numjobs" : "4",
        "rw" : "read",
        "bs" : "4096k",
        "direct" : "1",
        "buffered" : "0",
        "size" : "2G",
        "runtime" : "30"
      },
      "read" : {
        "io_bytes" : 99535028224,
        "io_kbytes" : 97202176,
        "bw_bytes" : 3295425381,
        "bw" : 3218188,
        "iops" : 785.690637,
        "runtime" : 30204,
        "total_ios" : 23731,
        "short_ios" : 0,
        "drop_ios" : 0,
        "slat_ns" : {
          "min" : 76538,
          "max" : 27511696,
          "mean" : 900197.301504,
          "stddev" : 2123645.646029,
          "N" : 23731
        },
        "clat_ns" : {
          "min" : 12210243,
          "max" : 346606888,
          "mean" : 39634822.510092,
          "stddev" : 28208261.192912,
          "N" : 23731,
          "percentile" : {
            "1.000000" : 14745600,
            "5.000000" : 16908288,
            "10.000000" : 18219008,
            "20.000000" : 20840448,
            "30.000000" : 23724032,
            "40.000000" : 26869760,
            "50.000000" : 30539776,
            "60.000000" : 34865152,
            "70.000000" : 41680896,
            "80.000000" : 52166656,
            "90.000000" : 72876032,
            "95.000000" : 94896128,
            "99.000000" : 145752064,
            "99.500000" : 173015040,
            "99.900000" : 265289728,
            "99.950000" : 299892736,
            "99.990000" : 337641472
          }
        },
        "lat_ns" : {
          "min" : 12486084,
          "max" : 346836709,
          "mean" : 40535842.812482,
          "stddev" : 28464664.818647,
          "N" : 23731
        },
        "bw_min" : 2531328,
        "bw_max" : 3727360,
        "bw_agg" : 100.000000,
        "bw_mean" : 3236249.600000,
        "bw_dev" : 58866.262478,
        "bw_samples" : 240,
        "iops_min" : 618,
        "iops_max" : 910,
        "iops_mean" : 790.100000,
        "iops_stddev" : 14.371646,
        "iops_samples" : 240
      },
      "write" : {
        "io_bytes" : 0,
        "io_kbytes" : 0,
        "bw_bytes" : 0,
        "bw" : 0,
        "iops" : 0.000000,
        "runtime" : 0,
        "total_ios" : 0,
        "short_ios" : 0,
        "drop_ios" : 0,
        "slat_ns" : {
          "min" : 0,
          "max" : 0,
          "mean" : 0.000000,
          "stddev" : 0.000000,
          "N" : 0
        },
        "clat_ns" : {
          "min" : 0,
          "max" : 0,
          "mean" : 0.000000,
          "stddev" : 0.000000,
          "N" : 0
        },
        "lat_ns" : {
          "min" : 0,
          "max" : 0,
          "mean" : 0.000000,
          "stddev" : 0.000000,
          "N" : 0
        },
        "bw_min" : 0,
        "bw_max" : 0,
        "bw_agg" : 0.000000,
        "bw_mean" : 0.000000,
        "bw_dev" : 0.000000,
        "bw_samples" : 0,
        "iops_min" : 0,
        "iops_max" : 0,
        "iops_mean" : 0.000000,
        "iops_stddev" : 0.000000,
        "iops_samples" : 0
      },
      "trim" : {
        "io_bytes" : 0,
        "io_kbytes" : 0,
        "bw_bytes" : 0,
        "bw" : 0,
        "iops" : 0.000000,
        "runtime" : 0,
        "total_ios" : 0,
        "short_ios" : 0,
        "drop_ios" : 0,
        "slat_ns" : {
          "min" : 0,
          "max" : 0,
          "mean" : 0.000000,
          "stddev" : 0.000000,
          "N" : 0
        },
        "clat_ns" : {
          "min" : 0,
          "max" : 0,
          "mean" : 0.000000,
          "stddev" : 0.000000,
          "N" : 0
        },
        "lat_ns" : {
          "min" : 0,
          "max" : 0,
          "mean" : 0.000000,
          "stddev" : 0.000000,
          "N" : 0
        },
        "bw_min" : 0,
        "bw_max" : 0,
        "bw_agg" : 0.000000,
        "bw_mean" : 0.000000,
        "bw_dev" : 0.000000,
        "bw_samples" : 0,
        "iops_min" : 0,
        "iops_max" : 0,
        "iops_mean" : 0.000000,
        "iops_stddev" : 0.000000,
        "iops_samples" : 0
      },
      "sync" : {
        "total_ios" : 0,
        "lat_ns" : {
          "min" : 0,
          "max" : 0,
          "mean" : 0.000000,
          "stddev" : 0.000000,
          "N" : 0
        }
      },
      "job_runtime" : 120341,
      "usr_cpu" : 0.206081,
      "sys_cpu" : 12.032474,
      "ctx" : 32982,
      "majf" : 0,
      "minf" : 38037,
      "iodepth_level" : {
        "1" : 0.100000,
        "2" : 0.100000,
        "4" : 0.100000,
        "8" : 99.882011,
        "16" : 0.000000,
        "32" : 0.000000,
        ">=64" : 0.000000
      },
      "iodepth_submit" : {
        "0" : 0.000000,
        "4" : 100.000000,
        "8" : 0.000000,
        "16" : 0.000000,
        "32" : 0.000000,
        "64" : 0.000000,
        ">=64" : 0.000000
      },
      "iodepth_complete" : {
        "0" : 0.000000,
        "4" : 99.983127,
        "8" : 0.100000,
        "16" : 0.000000,
        "32" : 0.000000,
        "64" : 0.000000,
        ">=64" : 0.000000
      },
      "latency_ns" : {
        "2" : 0.000000,
        "4" : 0.000000,
        "10" : 0.000000,
        "20" : 0.000000,
        "50" : 0.000000,
        "100" : 0.000000,
        "250" : 0.000000,
        "500" : 0.000000,
        "750" : 0.000000,
        "1000" : 0.000000
      },
      "latency_us" : {
        "2" : 0.000000,
        "4" : 0.000000,
        "10" : 0.000000,
        "20" : 0.000000,
        "50" : 0.000000,
        "100" : 0.000000,
        "250" : 0.000000,
        "500" : 0.000000,
        "750" : 0.000000,
        "1000" : 0.000000
      },
      "latency_ms" : {
        "2" : 0.000000,
        "4" : 0.000000,
        "10" : 0.000000,
        "20" : 16.872445,
        "50" : 61.510261,
        "100" : 17.331760,
        "250" : 4.154903,
        "500" : 0.130631,
        "750" : 0.000000,
        "1000" : 0.000000,
        "2000" : 0.000000,
        ">=2000" : 0.000000
      },
      "latency_depth" : 8,
      "latency_target" : 0,
      "latency_percentile" : 100.000000,
      "latency_window" : 0
    }
  ]
}
