{
  "fio version" : "fio-3.28",
  "timestamp" : 1723015420,
  "timestamp_ms" : 1723015420891,
  "time" : "Wed Aug  7 15:23:40 2024",
  "jobs" : [
    {
      "jobname" : "disktest",
      "groupid" : 0,
      "error" : 0,
      "eta" : 0,
      "elapsed" : 31,
      "job options" : {
        "ioengine" : "libaio",
        "iodepth" : "2",
        "numjobs" : "4",
        "rw" : "read",
        "bs" : "4096k",
        "direct" : "1",
        "buffered" : "0",
        "size" : "2G",
        "runtime" : "30"
      },
      "read" : {
        "io_bytes" : 49085939712,
        "io_kbytes" : 47935488,
        "bw_bytes" : 1634998991,
        "bw" : 1596678,
        "iops" : 389.814136,
        "runtime" : 30022,
        "total_ios" : 11703,
        "short_ios" : 0,
        "drop_ios" : 0,
        "slat_ns" : {
          "min" : 66570,
          "max" : 20704951,
          "mean" : 682986.251730,
          "stddev" : 1739873.067939,
          "N" : 11703
        },
        "clat_ns" : {
          "min" : 9301989,
          "max" : 209187444,
          "mean" : 19825804.863027,
          "stddev" : 6443214.736979,
          "N" : 11703,
          "percentile" : {
            "1.000000" : 12517376,
            "5.000000" : 13828096,
            "10.000000" : 14745600,
            "20.000000" : 15663104,
            "30.000000" : 16318464,
            "40.000000" : 17170432,
            "50.000000" : 17956864,
            "60.000000" : 19267584,
            "70.000000" : 20840448,
            "80.000000" : 23199744,
            "90.000000" : 27131904,
            "95.000000" : 30801920,
            "99.000000" : 41156608,
            "99.500000" : 44826624,
            "99.900000" : 64225280,
            "99.950000" : 106430464,
            "99.990000" : 170917888
          }
        },
        "lat_ns" : {
          "min" : 9455344,
          "max" : 209372815,
          "mean" : 20509675.201487,
          "stddev" : 6824215.367742,
          "N" : 11703
        },
        "bw_min" : 1409024,
        "bw_max" : 1802240,
        "bw_agg" : 100.000000,
        "bw_mean" : 1597238.671186,
        "bw_dev" : 21235.218289,
        "bw_samples" : 239,
        "iops_min" : 344,
        "iops_max" : 440,
        "iops_mean" : 389.950847,
        "iops_stddev" : 5.184379,
        "iops_samples" : 239
      },
      "write" : {
        "io_bytes" : 0,
        "io_kbytes" : 0,
        "bw_bytes" : 0,
        "bw" : 0,
        "iops" : 0.000000,
        "runtime" : 0,
        "total_ios" : 0,
        "short_ios" : 0,
        "drop_ios" : 0,
        "slat_ns" : {
          "min" : 0,
          "max" : 0,
          "mean" : 0.000000,
          "stddev" : 0.000000,
          "N" : 0
        },
        "clat_ns" : {
          "min" : 0,
          "max" : 0,
          "mean" : 0.000000,
          "stddev" : 0.000000,
          "N" : 0
        },
        "lat_ns" : {
          "min" : 0,
          "max" : 0,
          "mean" : 0.000000,
          "stddev" : 0.000000,
          "N" : 0
        },
        "bw_min" : 0,
        "bw_max" : 0,
        "bw_agg" : 0.000000,
        "bw_mean" : 0.000000,
        "bw_dev" : 0.000000,
        "bw_samples" : 0,
        "iops_min" : 0,
        "iops_max" : 0,
        "iops_mean" : 0.000000,
        "iops_stddev" : 0.000000,
        "iops_samples" : 0
      },
      "trim" : {
        "io_bytes" : 0,
        "io_kbytes" : 0,
        "bw_bytes" : 0,
        "bw" : 0,
        "iops" : 0.000000,
        "runtime" : 0,
        "total_ios" : 0,
        "short_ios" : 0,
        "drop_ios" : 0,
        "slat_ns" : {
          "min" : 0,
          "max" : 0,
          "mean" : 0.000000,
          "stddev" : 0.000000,
          "N" : 0
        },
        "clat_ns" : {
          "min" : 0,
          "max" : 0,
          "mean" : 0.000000,
          "stddev" : 0.000000,
          "N" : 0
        },
        "lat_ns" : {
          "min" : 0,
          "max" : 0,
          "mean" : 0.000000,
          "stddev" : 0.000000,
          "N" : 0
        },
        "bw_min" : 0,
        "bw_max" : 0,
        "bw_agg" : 0.000000,
        "bw_mean" : 0.000000,
        "bw_dev" : 0.000000,
        "bw_samples" : 0,
        "iops_min" : 0,
        "iops_max" : 0,
        "iops_mean" : 0.000000,
        "iops_stddev" : 0.000000,
        "iops_samples" : 0
      },
      "sync" : {
        "total_ios" : 0,
        "lat_ns" : {
          "min" : 0,
          "max" : 0,
          "mean" : 0.000000,
          "stddev" : 0.000000,
          "N" : 0
        }
      },
      "job_runtime" : 120077,
      "usr_cpu" : 0.111595,
      "sys_cpu" : 4.580394,
      "ctx" : 16590,
      "majf" : 0,
      "minf" : 8265,
      "iodepth_level" : {
        "1" : 0.100000,
        "2" : 99.965821,
        "4" : 0.000000,
        "8" : 0.000000,
        "16" : 0.000000,
        "32" : 0.000000,
        ">=64" : 0.000000
      },
      "iodepth_submit" : {
        "0" : 0.000000,
        "4" : 100.000000,
        "8" : 0.000000,
        "16" : 0.000000,
        "32" : 0.000000,
        "64" : 0.000000,
        ">=64" : 0.000000
      },
      "iodepth_complete" : {
        "0" : 0.000000,
        "4" : 100.000000,
        "8" : 0.000000,
        "16" : 0.000000,
        "32" : 0.000000,
        "64" : 0.000000,
        ">=64" : 0.000000
      },
      "latency_ns" : {
        "2" : 0.000000,
        "4" : 0.000000,
        "10" : 0.000000,
        "20" : 0.000000,
        "50" : 0.000000,
        "100" : 0.000000,
        "250" : 0.000000,
        "500" : 0.000000,
        "750" : 0.000000,
        "1000" : 0.000000
      },
      "latency_us" : {
        "2" : 0.000000,
        "4" : 0.000000,
        "10" : 0.000000,
        "20" : 0.000000,
        "50" : 0.000000,
        "100" : 0.000000,
        "250" : 0.000000,
        "500" : 0.000000,
        "750" : 0.000000,
        "1000" : 0.000000
      },
      "latency_ms" : {
        "2" : 0.000000,
        "4" : 0.000000,
        "10" : 0.010000,
        "20" : 64.812441,
        "50" : 34.922669,
        "100" : 0.205076,
        "250" : 0.051269,
        "500" : 0.000000,
        "750" : 0.000000,
        "1000" : 0.000000,
        "2000" : 0.000000,
        ">=2000" : 0.000000
      },
      "latency_depth" : 2,
      "latency_target" : 0,
      "latency_percentile" : 100.000000,
      "latency_window" : 0
    }
  ]
}
