{
  "fio version" : "fio-3.28",
  "timestamp" : 1724148172,
  "timestamp_ms" : 1724148172452,
  "time" : "Tue Aug 20 18:02:52 2024",
  "jobs" : [
    {
      "jobname" : "disktest",
      "groupid" : 0,
      "error" : 0,
      "eta" : 0,
      "elapsed" : 31,
      "job options" : {
        "ioengine" : "libaio",
        "iodepth" : "4",
        "numjobs" : "1",
        "rw" : "read",
        "bs" : "4096k",
        "direct" : "1",
        "buffered" : "0",
        "size" : "2G",
        "runtime" : "30"
      },
      "read" : {
        "io_bytes" : 3519021056,
        "io_kbytes" : 3436544,
        "bw_bytes" : 117078253,
        "bw" : 114334,
        "iops" : 27.913631,
        "runtime" : 30057,
        "total_ios" : 839,
        "short_ios" : 0,
        "drop_ios" : 0,
        "slat_ns" : {
          "min" : 27312,
          "max" : 1298204,
          "mean" : 89016.853397,
          "stddev" : 82282.034904,
          "N" : 839
        },
        "clat_ns" : {
          "min" : 74403283,
          "max" : 300151452,
          "mean" : 143147198.344458,
          "stddev" : 35447095.002349,
          "N" : 839,
          "percentile" : {
            "1.000000" : 81264640,
            "5.000000" : 96993280,
            "10.000000" : 105381888,
            "20.000000" : 114819072,
            "30.000000" : 122159104,
            "40.000000" : 129499136,
            "50.000000" : 137363456,
            "60.000000" : 145752064,
            "70.000000" : 154140672,
            "80.000000" : 166723584,
            "90.000000" : 191889408,
            "95.000000" : 212860928,
            "99.000000" : 252706816,
            "99.500000" : 263192576,
            "99.900000" : 299892736,
            "99.950000" : 299892736,
            "99.990000" : 299892736
          }
        },
        "lat_ns" : {
          "min" : 74555104,
          "max" : 300248588,
          "mean" : 143236687.004768,
          "stddev" : 35445999.077238,
          "N" : 839
        },
        "bw_min" : 90112,
        "bw_max" : 139264,
        "bw_agg" : 99.712045,
        "bw_mean" : 114005.333333,
        "bw_dev" : 9691.927171,
        "bw_samples" : 60,
        "iops_min" : 22,
        "iops_max" : 34,
        "iops_mean" : 27.833333,
        "iops_stddev" : 2.366193,
        "iops_samples" : 60
      },
      "write" : {
        "io_bytes" : 0,
        "io_kbytes" : 0,
        "bw_bytes" : 0,
        "bw" : 0,
        "iops" : 0.000000,
        "runtime" : 0,
        "total_ios" : 0,
        "short_ios" : 0,
        "drop_ios" : 0,
        "slat_ns" : {
          "min" : 0,
          "max" : 0,
          "mean" : 0.000000,
          "stddev" : 0.000000,
          "N" : 0
        },
        "clat_ns" : {
          "min" : 0,
          "max" : 0,
          "mean" : 0.000000,
          "stddev" : 0.000000,
          "N" : 0
        },
        "lat_ns" : {
          "min" : 0,
          "max" : 0,
          "mean" : 0.000000,
          "stddev" : 0.000000,
          "N" : 0
        },
        "bw_min" : 0,
        "bw_max" : 0,
        "bw_agg" : 0.000000,
        "bw_mean" : 0.000000,
        "bw_dev" : 0.000000,
        "bw_samples" : 0,
        "iops_min" : 0,
        "iops_max" : 0,
        "iops_mean" : 0.000000,
        "iops_stddev" : 0.000000,
        "iops_samples" : 0
      },
      "trim" : {
        "io_bytes" : 0,
        "io_kbytes" : 0,
        "bw_bytes" : 0,
        "bw" : 0,
        "iops" : 0.000000,
        "runtime" : 0,
        "total_ios" : 0,
        "short_ios" : 0,
        "drop_ios" : 0,
        "slat_ns" : {
          "min" : 0,
          "max" : 0,
          "mean" : 0.000000,
          "stddev" : 0.000000,
          "N" : 0
        },
        "clat_ns" : {
          "min" : 0,
          "max" : 0,
          "mean" : 0.000000,
          "stddev" : 0.000000,
          "N" : 0
        },
        "lat_ns" : {
          "min" : 0,
          "max" : 0,
          "mean" : 0.000000,
          "stddev" : 0.000000,
          "N" : 0
        },
        "bw_min" : 0,
        "bw_max" : 0,
        "bw_agg" : 0.000000,
        "bw_mean" : 0.000000,
        "bw_dev" : 0.000000,
        "bw_samples" : 0,
        "iops_min" : 0,
        "iops_max" : 0,
        "iops_mean" : 0.000000,
        "iops_stddev" : 0.000000,
        "iops_samples" : 0
      },
      "sync" : {
        "total_ios" : 0,
        "lat_ns" : {
          "min" : 0,
          "max" : 0,
          "mean" : 0.000000,
          "stddev" : 0.000000,
          "N" : 0
        }
      },
      "job_runtime" : 30056,
      "usr_cpu" : 0.026617,
      "sys_cpu" : 0.262843,
      "ctx" : 893,
      "majf" : 0,
      "minf" : 4105,
      "iodepth_level" : {
        "1" : 0.119190,
        "2" : 0.238379,
        "4" : 99.642431,
        "8" : 0.000000,
        "16" : 0.000000,
        "32" : 0.000000,
        ">=64" : 0.000000
      },
      "iodepth_submit" : {
        "0" : 0.000000,
        "4" : 100.000000,
        "8" : 0.000000,
        "16" : 0.000000,
        "32" : 0.000000,
        "64" : 0.000000,
        ">=64" : 0.000000
      },
      "iodepth_complete" : {
        "0" : 0.000000,
        "4" : 100.000000,
        "8" : 0.000000,
        "16" : 0.000000,
        "32" : 0.000000,
        "64" : 0.000000,
        ">=64" : 0.000000
      },
      "latency_ns" : {
        "2" : 0.000000,
        "4" : 0.000000,
        "10" : 0.000000,
        "20" : 0.000000,
        "50" : 0.000000,
        "100" : 0.000000,
        "250" : 0.000000,
        "500" : 0.000000,
        "750" : 0.000000,
        "1000" : 0.000000
      },
      "latency_us" : {
        "2" : 0.000000,
        "4" : 0.000000,
        "10" : 0.000000,
        "20" : 0.000000,
        "50" : 0.000000,
        "100" : 0.000000,
        "250" : 0.000000,
        "500" : 0.000000,
        "750" : 0.000000,
        "1000" : 0.000000
      },
      "latency_ms" : {
        "2" : 0.000000,
        "4" : 0.000000,
        "10" : 0.000000,
        "20" : 0.000000,
        "50" : 0.000000,
        "100" : 6.674613,
        "250" : 92.252682,
        "500" : 1.072706,
        "750" : 0.000000,
        "1000" : 0.000000,
        "2000" : 0.000000,
        ">=2000" : 0.000000
      },
      "latency_depth" : 4,
      "latency_target" : 0,
      "latency_percentile" : 100.000000,
      "latency_window" : 0
    }
  ]
}
