{
  "fio version" : "fio-3.28",
  "timestamp" : 1724148141,
  "timestamp_ms" : 1724148141942,
  "time" : "Tue Aug 20 18:02:21 2024",
  "jobs" : [
    {
      "jobname" : "disktest",
      "groupid" : 0,
      "error" : 0,
      "eta" : 0,
      "elapsed" : 31,
      "job options" : {
        "ioengine" : "libaio",
        "iodepth" : "2",
        "numjobs" : "1",
        "rw" : "read",
        "bs" : "4096k",
        "direct" : "1",
        "buffered" : "0",
        "size" : "2G",
        "runtime" : "30"
      },
      "read" : {
        "io_bytes" : 3443523584,
        "io_kbytes" : 3362816,
        "bw_bytes" : 114608386,
        "bw" : 111922,
        "iops" : 27.324769,
        "runtime" : 30046,
        "total_ios" : 821,
        "short_ios" : 0,
        "drop_ios" : 0,
        "slat_ns" : {
          "min" : 26150,
          "max" : 1230254,
          "mean" : 80558.771011,
          "stddev" : 67732.889699,
          "N" : 821
        },
        "clat_ns" : {
          "min" : 40831703,
          "max" : 158482814,
          "mean" : 73061575.415347,
          "stddev" : 10505819.931185,
          "N" : 821,
          "percentile" : {
            "1.000000" : 44826624,
            "5.000000" : 52166656,
            "10.000000" : 63176704,
            "20.000000" : 68681728,
            "30.000000" : 70778880,
            "40.000000" : 71827456,
            "50.000000" : 72876032,
            "60.000000" : 73924608,
            "70.000000" : 76021760,
            "80.000000" : 78118912,
            "90.000000" : 82313216,
            "95.000000" : 90701824,
            "99.000000" : 103284736,
            "99.500000" : 105381888,
            "99.900000" : 158334976,
            "99.950000" : 158334976,
            "99.990000" : 158334976
          }
        },
        "lat_ns" : {
          "min" : 40891437,
          "max" : 159714100,
          "mean" : 73142520.130329,
          "stddev" : 10516598.361730,
          "N" : 821
        },
        "bw_min" : 98304,
        "bw_max" : 122880,
        "bw_agg" : 100.000000,
        "bw_mean" : 111957.333333,
        "bw_dev" : 5776.232244,
        "bw_samples" : 60,
        "iops_min" : 24,
        "iops_max" : 30,
        "iops_mean" : 27.333333,
        "iops_stddev" : 1.410213,
        "iops_samples" : 60
      },
      "write" : {
        "io_bytes" : 0,
        "io_kbytes" : 0,
        "bw_bytes" : 0,
        "bw" : 0,
        "iops" : 0.000000,
        "runtime" : 0,
        "total_ios" : 0,
        "short_ios" : 0,
        "drop_ios" : 0,
        "slat_ns" : {
          "min" : 0,
          "max" : 0,
          "mean" : 0.000000,
          "stddev" : 0.000000,
          "N" : 0
        },
        "clat_ns" : {
          "min" : 0,
          "max" : 0,
          "mean" : 0.000000,
          "stddev" : 0.000000,
          "N" : 0
        },
        "lat_ns" : {
          "min" : 0,
          "max" : 0,
          "mean" : 0.000000,
          "stddev" : 0.000000,
          "N" : 0
        },
        "bw_min" : 0,
        "bw_max" : 0,
        "bw_agg" : 0.000000,
        "bw_mean" : 0.000000,
        "bw_dev" : 0.000000,
        "bw_samples" : 0,
        "iops_min" : 0,
        "iops_max" : 0,
        "iops_mean" : 0.000000,
        "iops_stddev" : 0.000000,
        "iops_samples" : 0
      },
      "trim" : {
        "io_bytes" : 0,
        "io_kbytes" : 0,
        "bw_bytes" : 0,
        "bw" : 0,
        "iops" : 0.000000,
        "runtime" : 0,
        "total_ios" : 0,
        "short_ios" : 0,
        "drop_ios" : 0,
        "slat_ns" : {
          "min" : 0,
          "max" : 0,
          "mean" : 0.000000,
          "stddev" : 0.000000,
          "N" : 0
        },
        "clat_ns" : {
          "min" : 0,
          "max" : 0,
          "mean" : 0.000000,
          "stddev" : 0.000000,
          "N" : 0
        },
        "lat_ns" : {
          "min" : 0,
          "max" : 0,
          "mean" : 0.000000,
          "stddev" : 0.000000,
          "N" : 0
        },
        "bw_min" : 0,
        "bw_max" : 0,
        "bw_agg" : 0.000000,
        "bw_mean" : 0.000000,
        "bw_dev" : 0.000000,
        "bw_samples" : 0,
        "iops_min" : 0,
        "iops_max" : 0,
        "iops_mean" : 0.000000,
        "iops_stddev" : 0.000000,
        "iops_samples" : 0
      },
      "sync" : {
        "total_ios" : 0,
        "lat_ns" : {
          "min" : 0,
          "max" : 0,
          "mean" : 0.000000,
          "stddev" : 0.000000,
          "N" : 0
        }
      },
      "job_runtime" : 30045,
      "usr_cpu" : 0.023298,
      "sys_cpu" : 0.236312,
      "ctx" : 843,
      "majf" : 0,
      "minf" : 2058,
      "iodepth_level" : {
        "1" : 0.121803,
        "2" : 99.878197,
        "4" : 0.000000,
        "8" : 0.000000,
        "16" : 0.000000,
        "32" : 0.000000,
        ">=64" : 0.000000
      },
      "iodepth_submit" : {
        "0" : 0.000000,
        "4" : 100.000000,
        "8" : 0.000000,
        "16" : 0.000000,
        "32" : 0.000000,
        "64" : 0.000000,
        ">=64" : 0.000000
      },
      "iodepth_complete" : {
        "0" : 0.000000,
        "4" : 100.000000,
        "8" : 0.000000,
        "16" : 0.000000,
        "32" : 0.000000,
        "64" : 0.000000,
        ">=64" : 0.000000
      },
      "latency_ns" : {
        "2" : 0.000000,
        "4" : 0.000000,
        "10" : 0.000000,
        "20" : 0.000000,
        "50" : 0.000000,
        "100" : 0.000000,
        "250" : 0.000000,
        "500" : 0.000000,
        "750" : 0.000000,
        "1000" : 0.000000
      },
      "latency_us" : {
        "2" : 0.000000,
        "4" : 0.000000,
        "10" : 0.000000,
        "20" : 0.000000,
        "50" : 0.000000,
        "100" : 0.000000,
        "250" : 0.000000,
        "500" : 0.000000,
        "750" : 0.000000,
        "1000" : 0.000000
      },
      "latency_ms" : {
        "2" : 0.000000,
        "4" : 0.000000,
        "10" : 0.000000,
        "20" : 0.000000,
        "50" : 4.263094,
        "100" : 93.909866,
        "250" : 1.827040,
        "500" : 0.000000,
        "750" : 0.000000,
        "1000" : 0.000000,
        "2000" : 0.000000,
        ">=2000" : 0.000000
      },
      "latency_depth" : 2,
      "latency_target" : 0,
      "latency_percentile" : 100.000000,
      "latency_window" : 0
    }
  ]
}
