{
  "fio version" : "fio-3.28",
  "timestamp" : 1724148357,
  "timestamp_ms" : 1724148357626,
  "time" : "Tue Aug 20 18:05:57 2024",
  "jobs" : [
    {
      "jobname" : "disktest",
      "groupid" : 0,
      "error" : 0,
      "eta" : 0,
      "elapsed" : 32,
      "job options" : {
        "ioengine" : "libaio",
        "iodepth" : "8",
        "numjobs" : "4",
        "rw" : "read",
        "bs" : "4096k",
        "direct" : "1",
        "buffered" : "0",
        "size" : "2G",
        "runtime" : "30"
      },
      "read" : {
        "io_bytes" : 3636461568,
        "io_kbytes" : 3551232,
        "bw_bytes" : 117426426,
        "bw" : 114674,
        "iops" : 27.996642,
        "runtime" : 30968,
        "total_ios" : 867,
        "short_ios" : 0,
        "drop_ios" : 0,
        "slat_ns" : {
          "min" : 26921,
          "max" : 1931927,
          "mean" : 130724.504037,
          "stddev" : 243071.727535,
          "N" : 867
        },
        "clat_ns" : {
          "min" : 141846090,
          "max" : 3691393244,
          "mean" : 1136839614.221453,
          "stddev" : 823294823.523899,
          "N" : 867,
          "percentile" : {
            "1.000000" : 185597952,
            "5.000000" : 214958080,
            "10.000000" : 244318208,
            "20.000000" : 333447168,
            "30.000000" : 484442112,
            "40.000000" : 700448768,
            "50.000000" : 935329792,
            "60.000000" : 1199570944,
            "70.000000" : 1484783616,
            "80.000000" : 1904214016,
            "90.000000" : 2432696320,
            "95.000000" : 2734686208,
            "99.000000" : 3036676096,
            "99.500000" : 3238002688,
            "99.900000" : 3707764736,
            "99.950000" : 3707764736,
            "99.990000" : 3707764736
          }
        },
        "lat_ns" : {
          "min" : 141917647,
          "max" : 3691441215,
          "mean" : 1136970855.166090,
          "stddev" : 823275107.110375,
          "N" : 867
        },
        "bw_min" : 32768,
        "bw_max" : 245760,
        "bw_agg" : 99.875086,
        "bw_mean" : 114531.587960,
        "bw_dev" : 12912.677183,
        "bw_samples" : 240,
        "iops_min" : 8,
        "iops_max" : 60,
        "iops_mean" : 27.961813,
        "iops_stddev" : 3.152509,
        "iops_samples" : 240
      },
      "write" : {
        "io_bytes" : 0,
        "io_kbytes" : 0,
        "bw_bytes" : 0,
        "bw" : 0,
        "iops" : 0.000000,
        "runtime" : 0,
        "total_ios" : 0,
        "short_ios" : 0,
        "drop_ios" : 0,
        "slat_ns" : {
          "min" : 0,
          "max" : 0,
          "mean" : 0.000000,
          "stddev" : 0.000000,
          "N" : 0
        },
        "clat_ns" : {
          "min" : 0,
          "max" : 0,
          "mean" : 0.000000,
          "stddev" : 0.000000,
          "N" : 0
        },
        "lat_ns" : {
          "min" : 0,
          "max" : 0,
          "mean" : 0.000000,
          "stddev" : 0.000000,
          "N" : 0
        },
        "bw_min" : 0,
        "bw_max" : 0,
        "bw_agg" : 0.000000,
        "bw_mean" : 0.000000,
        "bw_dev" : 0.000000,
        "bw_samples" : 0,
        "iops_min" : 0,
        "iops_max" : 0,
        "iops_mean" : 0.000000,
        "iops_stddev" : 0.000000,
        "iops_samples" : 0
      },
      "trim" : {
        "io_bytes" : 0,
        "io_kbytes" : 0,
        "bw_bytes" : 0,
        "bw" : 0,
        "iops" : 0.000000,
        "runtime" : 0,
        "total_ios" : 0,
        "short_ios" : 0,
        "drop_ios" : 0,
        "slat_ns" : {
          "min" : 0,
          "max" : 0,
          "mean" : 0.000000,
          "stddev" : 0.000000,
          "N" : 0
        },
        "clat_ns" : {
          "min" : 0,
          "max" : 0,
          "mean" : 0.000000,
          "stddev" : 0.000000,
          "N" : 0
        },
        "lat_ns" : {
          "min" : 0,
          "max" : 0,
          "mean" : 0.000000,
          "stddev" : 0.000000,
          "N" : 0
        },
        "bw_min" : 0,
        "bw_max" : 0,
        "bw_agg" : 0.000000,
        "bw_mean" : 0.000000,
        "bw_dev" : 0.000000,
        "bw_samples" : 0,
        "iops_min" : 0,
        "iops_max" : 0,
        "iops_mean" : 0.000000,
        "iops_stddev" : 0.000000,
        "iops_samples" : 0
      },
      "sync" : {
        "total_ios" : 0,
        "lat_ns" : {
          "min" : 0,
          "max" : 0,
          "mean" : 0.000000,
          "stddev" : 0.000000,
          "N" : 0
        }
      },
      "job_runtime" : 123688,
      "usr_cpu" : 0.004851,
      "sys_cpu" : 0.096210,
      "ctx" : 987,
      "majf" : 0,
      "minf" : 32821,
      "iodepth_level" : {
        "1" : 0.461361,
        "2" : 0.922722,
        "4" : 1.845444,
        "8" : 96.770473,
        "16" : 0.000000,
        "32" : 0.000000,
        ">=64" : 0.000000
      },
      "iodepth_submit" : {
        "0" : 0.000000,
        "4" : 100.000000,
        "8" : 0.000000,
        "16" : 0.000000,
        "32" : 0.000000,
        "64" : 0.000000,
        ">=64" : 0.000000
      },
      "iodepth_complete" : {
        "0" : 0.000000,
        "4" : 99.525504,
        "8" : 0.474496,
        "16" : 0.000000,
        "32" : 0.000000,
        "64" : 0.000000,
        ">=64" : 0.000000
      },
      "latency_ns" : {
        "2" : 0.000000,
        "4" : 0.000000,
        "10" : 0.000000,
        "20" : 0.000000,
        "50" : 0.000000,
        "100" : 0.000000,
        "250" : 0.000000,
        "500" : 0.000000,
        "750" : 0.000000,
        "1000" : 0.000000
      },
      "latency_us" : {
        "2" : 0.000000,
        "4" : 0.000000,
        "10" : 0.000000,
        "20" : 0.000000,
        "50" : 0.000000,
        "100" : 0.000000,
        "250" : 0.000000,
        "500" : 0.000000,
        "750" : 0.000000,
        "1000" : 0.000000
      },
      "latency_ms" : {
        "2" : 0.000000,
        "4" : 0.000000,
        "10" : 0.000000,
        "20" : 0.000000,
        "50" : 0.000000,
        "100" : 0.000000,
        "250" : 10.841984,
        "500" : 20.299885,
        "750" : 11.072664,
        "1000" : 10.034602,
        "2000" : 29.757785,
        ">=2000" : 17.993080
      },
      "latency_depth" : 8,
      "latency_target" : 0,
      "latency_percentile" : 100.000000,
      "latency_window" : 0
    }
  ]
}
