{
  "fio version" : "fio-3.28",
  "timestamp" : 1724148326,
  "timestamp_ms" : 1724148326194,
  "time" : "Tue Aug 20 18:05:26 2024",
  "jobs" : [
    {
      "jobname" : "disktest",
      "groupid" : 0,
      "error" : 0,
      "eta" : 0,
      "elapsed" : 31,
      "job options" : {
        "ioengine" : "libaio",
        "iodepth" : "4",
        "numjobs" : "4",
        "rw" : "read",
        "bs" : "4096k",
        "direct" : "1",
        "buffered" : "0",
        "size" : "2G",
        "runtime" : "30"
      },
      "read" : {
        "io_bytes" : 3577741312,
        "io_kbytes" : 3493888,
        "bw_bytes" : 117430049,
        "bw" : 114677,
        "iops" : 27.997505,
        "runtime" : 30467,
        "total_ios" : 853,
        "short_ios" : 0,
        "drop_ios" : 0,
        "slat_ns" : {
          "min" : 25789,
          "max" : 1711725,
          "mean" : 118329.926143,
          "stddev" : 186699.565597,
          "N" : 853
        },
        "clat_ns" : {
          "min" : 126374075,
          "max" : 1812475819,
          "mean" : 568490864.008206,
          "stddev" : 388674082.994563,
          "N" : 853,
          "percentile" : {
            "1.000000" : 156237824,
            "5.000000" : 187695104,
            "10.000000" : 206569472,
            "20.000000" : 233832448,
            "30.000000" : 274726912,
            "40.000000" : 329252864,
            "50.000000" : 425721856,
            "60.000000" : 557842432,
            "70.000000" : 708837376,
            "80.000000" : 876609536,
            "90.000000" : 1199570944,
            "95.000000" : 1417674752,
            "99.000000" : 1635778560,
            "99.500000" : 1686110208,
            "99.900000" : 1820327936,
            "99.950000" : 1820327936,
            "99.990000" : 1820327936
          }
        },
        "lat_ns" : {
          "min" : 126449820,
          "max" : 1812593565,
          "mean" : 568609781.582649,
          "stddev" : 388670682.584791,
          "N" : 853
        },
        "bw_min" : 32768,
        "bw_max" : 221184,
        "bw_agg" : 100.000000,
        "bw_mean" : 114933.297175,
        "bw_dev" : 11443.111676,
        "bw_samples" : 239,
        "iops_min" : 8,
        "iops_max" : 54,
        "iops_mean" : 28.059887,
        "iops_stddev" : 2.793728,
        "iops_samples" : 239
      },
      "write" : {
        "io_bytes" : 0,
        "io_kbytes" : 0,
        "bw_bytes" : 0,
        "bw" : 0,
        "iops" : 0.000000,
        "runtime" : 0,
        "total_ios" : 0,
        "short_ios" : 0,
        "drop_ios" : 0,
        "slat_ns" : {
          "min" : 0,
          "max" : 0,
          "mean" : 0.000000,
          "stddev" : 0.000000,
          "N" : 0
        },
        "clat_ns" : {
          "min" : 0,
          "max" : 0,
          "mean" : 0.000000,
          "stddev" : 0.000000,
          "N" : 0
        },
        "lat_ns" : {
          "min" : 0,
          "max" : 0,
          "mean" : 0.000000,
          "stddev" : 0.000000,
          "N" : 0
        },
        "bw_min" : 0,
        "bw_max" : 0,
        "bw_agg" : 0.000000,
        "bw_mean" : 0.000000,
        "bw_dev" : 0.000000,
        "bw_samples" : 0,
        "iops_min" : 0,
        "iops_max" : 0,
        "iops_mean" : 0.000000,
        "iops_stddev" : 0.000000,
        "iops_samples" : 0
      },
      "trim" : {
        "io_bytes" : 0,
        "io_kbytes" : 0,
        "bw_bytes" : 0,
        "bw" : 0,
        "iops" : 0.000000,
        "runtime" : 0,
        "total_ios" : 0,
        "short_ios" : 0,
        "drop_ios" : 0,
        "slat_ns" : {
          "min" : 0,
          "max" : 0,
          "mean" : 0.000000,
          "stddev" : 0.000000,
          "N" : 0
        },
        "clat_ns" : {
          "min" : 0,
          "max" : 0,
          "mean" : 0.000000,
          "stddev" : 0.000000,
          "N" : 0
        },
        "lat_ns" : {
          "min" : 0,
          "max" : 0,
          "mean" : 0.000000,
          "stddev" : 0.000000,
          "N" : 0
        },
        "bw_min" : 0,
        "bw_max" : 0,
        "bw_agg" : 0.000000,
        "bw_mean" : 0.000000,
        "bw_dev" : 0.000000,
        "bw_samples" : 0,
        "iops_min" : 0,
        "iops_max" : 0,
        "iops_mean" : 0.000000,
        "iops_stddev" : 0.000000,
        "iops_samples" : 0
      },
      "sync" : {
        "total_ios" : 0,
        "lat_ns" : {
          "min" : 0,
          "max" : 0,
          "mean" : 0.000000,
          "stddev" : 0.000000,
          "N" : 0
        }
      },
      "job_runtime" : 121521,
      "usr_cpu" : 0.008229,
      "sys_cpu" : 0.083936,
      "ctx" : 960,
      "majf" : 0,
      "minf" : 16432,
      "iodepth_level" : {
        "1" : 0.468933,
        "2" : 0.937866,
        "4" : 98.593200,
        "8" : 0.000000,
        "16" : 0.000000,
        "32" : 0.000000,
        ">=64" : 0.000000
      },
      "iodepth_submit" : {
        "0" : 0.000000,
        "4" : 100.000000,
        "8" : 0.000000,
        "16" : 0.000000,
        "32" : 0.000000,
        "64" : 0.000000,
        ">=64" : 0.000000
      },
      "iodepth_complete" : {
        "0" : 0.000000,
        "4" : 100.000000,
        "8" : 0.000000,
        "16" : 0.000000,
        "32" : 0.000000,
        "64" : 0.000000,
        ">=64" : 0.000000
      },
      "latency_ns" : {
        "2" : 0.000000,
        "4" : 0.000000,
        "10" : 0.000000,
        "20" : 0.000000,
        "50" : 0.000000,
        "100" : 0.000000,
        "250" : 0.000000,
        "500" : 0.000000,
        "750" : 0.000000,
        "1000" : 0.000000
      },
      "latency_us" : {
        "2" : 0.000000,
        "4" : 0.000000,
        "10" : 0.000000,
        "20" : 0.000000,
        "50" : 0.000000,
        "100" : 0.000000,
        "250" : 0.000000,
        "500" : 0.000000,
        "750" : 0.000000,
        "1000" : 0.000000
      },
      "latency_ms" : {
        "2" : 0.000000,
        "4" : 0.000000,
        "10" : 0.000000,
        "20" : 0.000000,
        "50" : 0.000000,
        "100" : 0.000000,
        "250" : 24.267292,
        "500" : 31.301290,
        "750" : 17.819461,
        "1000" : 10.902696,
        "2000" : 15.709261,
        ">=2000" : 0.000000
      },
      "latency_depth" : 4,
      "latency_target" : 0,
      "latency_percentile" : 100.000000,
      "latency_window" : 0
    }
  ]
}
