{
  "fio version" : "fio-3.28",
  "timestamp" : 1724149218,
  "timestamp_ms" : 1724149218577,
  "time" : "Tue Aug 20 18:20:18 2024",
  "jobs" : [
    {
      "jobname" : "disktest",
      "groupid" : 0,
      "error" : 0,
      "eta" : 0,
      "elapsed" : 31,
      "job options" : {
        "ioengine" : "libaio",
        "iodepth" : "16",
        "numjobs" : "1",
        "rw" : "write",
        "bs" : "4k",
        "direct" : "1",
        "buffered" : "0",
        "size" : "2G",
        "runtime" : "30"
      },
      "read" : {
        "io_bytes" : 0,
        "io_kbytes" : 0,
        "bw_bytes" : 0,
        "bw" : 0,
        "iops" : 0.000000,
        "runtime" : 0,
        "total_ios" : 0,
        "short_ios" : 0,
        "drop_ios" : 0,
        "slat_ns" : {
          "min" : 0,
          "max" : 0,
          "mean" : 0.000000,
          "stddev" : 0.000000,
          "N" : 0
        },
        "clat_ns" : {
          "min" : 0,
          "max" : 0,
          "mean" : 0.000000,
          "stddev" : 0.000000,
          "N" : 0
        },
        "lat_ns" : {
          "min" : 0,
          "max" : 0,
          "mean" : 0.000000,
          "stddev" : 0.000000,
          "N" : 0
        },
        "bw_min" : 0,
        "bw_max" : 0,
        "bw_agg" : 0.000000,
        "bw_mean" : 0.000000,
        "bw_dev" : 0.000000,
        "bw_samples" : 0,
        "iops_min" : 0,
        "iops_max" : 0,
        "iops_mean" : 0.000000,
        "iops_stddev" : 0.000000,
        "iops_samples" : 0
      },
      "write" : {
        "io_bytes" : 705875968,
        "io_kbytes" : 689332,
        "bw_bytes" : 23526846,
        "bw" : 22975,
        "iops" : 5743.858947,
        "runtime" : 30003,
        "total_ios" : 172333,
        "short_ios" : 0,
        "drop_ios" : 0,
        "slat_ns" : {
          "min" : 3366,
          "max" : 840358,
          "mean" : 17638.159946,
          "stddev" : 13002.791955,
          "N" : 172333
        },
        "clat_ns" : {
          "min" : 795042,
          "max" : 37473935,
          "mean" : 2766824.634742,
          "stddev" : 1641194.040701,
          "N" : 172333,
          "percentile" : {
            "1.000000" : 1269760,
            "5.000000" : 1482752,
            "10.000000" : 1630208,
            "20.000000" : 1843200,
            "30.000000" : 2039808,
            "40.000000" : 2277376,
            "50.000000" : 2605056,
            "60.000000" : 2899968,
            "70.000000" : 3129344,
            "80.000000" : 3325952,
            "90.000000" : 3686400,
            "95.000000" : 4046848,
            "99.000000" : 10289152,
            "99.500000" : 14090240,
            "99.900000" : 21889024,
            "99.950000" : 25296896,
            "99.990000" : 30015488
          }
        },
        "lat_ns" : {
          "min" : 857611,
          "max" : 37482161,
          "mean" : 2784623.365246,
          "stddev" : 1641332.183549,
          "N" : 172333
        },
        "bw_min" : 16384,
        "bw_max" : 30968,
        "bw_agg" : 100.000000,
        "bw_mean" : 22980.203390,
        "bw_dev" : 3309.409067,
        "bw_samples" : 59,
        "iops_min" : 4096,
        "iops_max" : 7742,
        "iops_mean" : 5745.050847,
        "iops_stddev" : 827.352267,
        "iops_samples" : 59
      },
      "trim" : {
        "io_bytes" : 0,
        "io_kbytes" : 0,
        "bw_bytes" : 0,
        "bw" : 0,
        "iops" : 0.000000,
        "runtime" : 0,
        "total_ios" : 0,
        "short_ios" : 0,
        "drop_ios" : 0,
        "slat_ns" : {
          "min" : 0,
          "max" : 0,
          "mean" : 0.000000,
          "stddev" : 0.000000,
          "N" : 0
        },
        "clat_ns" : {
          "min" : 0,
          "max" : 0,
          "mean" : 0.000000,
          "stddev" : 0.000000,
          "N" : 0
        },
        "lat_ns" : {
          "min" : 0,
          "max" : 0,
          "mean" : 0.000000,
          "stddev" : 0.000000,
          "N" : 0
        },
        "bw_min" : 0,
        "bw_max" : 0,
        "bw_agg" : 0.000000,
        "bw_mean" : 0.000000,
        "bw_dev" : 0.000000,
        "bw_samples" : 0,
        "iops_min" : 0,
        "iops_max" : 0,
        "iops_mean" : 0.000000,
        "iops_stddev" : 0.000000,
        "iops_samples" : 0
      },
      "sync" : {
        "total_ios" : 0,
        "lat_ns" : {
          "min" : 0,
          "max" : 0,
          "mean" : 0.000000,
          "stddev" : 0.000000,
          "N" : 0
        }
      },
      "job_runtime" : 30002,
      "usr_cpu" : 1.236584,
      "sys_cpu" : 8.252783,
      "ctx" : 149252,
      "majf" : 0,
      "minf" : 35,
      "iodepth_level" : {
        "1" : 0.100000,
        "2" : 0.100000,
        "4" : 0.100000,
        "8" : 0.100000,
        "16" : 99.991296,
        "32" : 0.000000,
        ">=64" : 0.000000
      },
      "iodepth_submit" : {
        "0" : 0.000000,
        "4" : 100.000000,
        "8" : 0.000000,
        "16" : 0.000000,
        "32" : 0.000000,
        "64" : 0.000000,
        ">=64" : 0.000000
      },
      "iodepth_complete" : {
        "0" : 0.000000,
        "4" : 99.999420,
        "8" : 0.000000,
        "16" : 0.100000,
        "32" : 0.000000,
        "64" : 0.000000,
        ">=64" : 0.000000
      },
      "latency_ns" : {
        "2" : 0.000000,
        "4" : 0.000000,
        "10" : 0.000000,
        "20" : 0.000000,
        "50" : 0.000000,
        "100" : 0.000000,
        "250" : 0.000000,
        "500" : 0.000000,
        "750" : 0.000000,
        "1000" : 0.000000
      },
      "latency_us" : {
        "2" : 0.000000,
        "4" : 0.000000,
        "10" : 0.000000,
        "20" : 0.000000,
        "50" : 0.000000,
        "100" : 0.000000,
        "250" : 0.000000,
        "500" : 0.000000,
        "750" : 0.000000,
        "1000" : 0.045261
      },
      "latency_ms" : {
        "2" : 27.743961,
        "4" : 66.805545,
        "10" : 4.383954,
        "20" : 0.864605,
        "50" : 0.156673,
        "100" : 0.000000,
        "250" : 0.000000,
        "500" : 0.000000,
        "750" : 0.000000,
        "1000" : 0.000000,
        "2000" : 0.000000,
        ">=2000" : 0.000000
      },
      "latency_depth" : 16,
      "latency_target" : 0,
      "latency_percentile" : 100.000000,
      "latency_window" : 0
    }
  ]
}
