{
  "fio version" : "fio-3.28",
  "timestamp" : 1724149096,
  "timestamp_ms" : 1724149096766,
  "time" : "Tue Aug 20 18:18:16 2024",
  "jobs" : [
    {
      "jobname" : "disktest",
      "groupid" : 0,
      "error" : 0,
      "eta" : 0,
      "elapsed" : 31,
      "job options" : {
        "ioengine" : "libaio",
        "iodepth" : "1",
        "numjobs" : "1",
        "rw" : "write",
        "bs" : "4k",
        "direct" : "1",
        "buffered" : "0",
        "size" : "2G",
        "runtime" : "30"
      },
      "read" : {
        "io_bytes" : 0,
        "io_kbytes" : 0,
        "bw_bytes" : 0,
        "bw" : 0,
        "iops" : 0.000000,
        "runtime" : 0,
        "total_ios" : 0,
        "short_ios" : 0,
        "drop_ios" : 0,
        "slat_ns" : {
          "min" : 0,
          "max" : 0,
          "mean" : 0.000000,
          "stddev" : 0.000000,
          "N" : 0
        },
        "clat_ns" : {
          "min" : 0,
          "max" : 0,
          "mean" : 0.000000,
          "stddev" : 0.000000,
          "N" : 0
        },
        "lat_ns" : {
          "min" : 0,
          "max" : 0,
          "mean" : 0.000000,
          "stddev" : 0.000000,
          "N" : 0
        },
        "bw_min" : 0,
        "bw_max" : 0,
        "bw_agg" : 0.000000,
        "bw_mean" : 0.000000,
        "bw_dev" : 0.000000,
        "bw_samples" : 0,
        "iops_min" : 0,
        "iops_max" : 0,
        "iops_mean" : 0.000000,
        "iops_stddev" : 0.000000,
        "iops_samples" : 0
      },
      "write" : {
        "io_bytes" : 94031872,
        "io_kbytes" : 91828,
        "bw_bytes" : 3134186,
        "bw" : 3060,
        "iops" : 765.182321,
        "runtime" : 30002,
        "total_ios" : 22957,
        "short_ios" : 0,
        "drop_ios" : 0,
        "slat_ns" : {
          "min" : 4448,
          "max" : 166328,
          "mean" : 15058.663327,
          "stddev" : 7958.265662,
          "N" : 22957
        },
        "clat_ns" : {
          "min" : 721170,
          "max" : 14680491,
          "mean" : 1289979.582524,
          "stddev" : 288019.622771,
          "N" : 22957,
          "percentile" : {
            "1.000000" : 880640,
            "5.000000" : 995328,
            "10.000000" : 1056768,
            "20.000000" : 1122304,
            "30.000000" : 1187840,
            "40.000000" : 1236992,
            "50.000000" : 1269760,
            "60.000000" : 1318912,
            "70.000000" : 1351680,
            "80.000000" : 1400832,
            "90.000000" : 1482752,
            "95.000000" : 1564672,
            "99.000000" : 2179072,
            "99.500000" : 2441216,
            "99.900000" : 4145152,
            "99.950000" : 5603328,
            "99.990000" : 10551296
          }
        },
        "lat_ns" : {
          "min" : 734265,
          "max" : 14709246,
          "mean" : 1305258.958313,
          "stddev" : 288436.957991,
          "N" : 22957
        },
        "bw_min" : 2776,
        "bw_max" : 3568,
        "bw_agg" : 100.000000,
        "bw_mean" : 3065.898305,
        "bw_dev" : 180.404688,
        "bw_samples" : 59,
        "iops_min" : 694,
        "iops_max" : 892,
        "iops_mean" : 766.474576,
        "iops_stddev" : 45.101172,
        "iops_samples" : 59
      },
      "trim" : {
        "io_bytes" : 0,
        "io_kbytes" : 0,
        "bw_bytes" : 0,
        "bw" : 0,
        "iops" : 0.000000,
        "runtime" : 0,
        "total_ios" : 0,
        "short_ios" : 0,
        "drop_ios" : 0,
        "slat_ns" : {
          "min" : 0,
          "max" : 0,
          "mean" : 0.000000,
          "stddev" : 0.000000,
          "N" : 0
        },
        "clat_ns" : {
          "min" : 0,
          "max" : 0,
          "mean" : 0.000000,
          "stddev" : 0.000000,
          "N" : 0
        },
        "lat_ns" : {
          "min" : 0,
          "max" : 0,
          "mean" : 0.000000,
          "stddev" : 0.000000,
          "N" : 0
        },
        "bw_min" : 0,
        "bw_max" : 0,
        "bw_agg" : 0.000000,
        "bw_mean" : 0.000000,
        "bw_dev" : 0.000000,
        "bw_samples" : 0,
        "iops_min" : 0,
        "iops_max" : 0,
        "iops_mean" : 0.000000,
        "iops_stddev" : 0.000000,
        "iops_samples" : 0
      },
      "sync" : {
        "total_ios" : 0,
        "lat_ns" : {
          "min" : 0,
          "max" : 0,
          "mean" : 0.000000,
          "stddev" : 0.000000,
          "N" : 0
        }
      },
      "job_runtime" : 30001,
      "usr_cpu" : 0.313323,
      "sys_cpu" : 1.436619,
      "ctx" : 24163,
      "majf" : 0,
      "minf" : 12,
      "iodepth_level" : {
        "1" : 100.000000,
        "2" : 0.000000,
        "4" : 0.000000,
        "8" : 0.000000,
        "16" : 0.000000,
        "32" : 0.000000,
        ">=64" : 0.000000
      },
      "iodepth_submit" : {
        "0" : 0.000000,
        "4" : 100.000000,
        "8" : 0.000000,
        "16" : 0.000000,
        "32" : 0.000000,
        "64" : 0.000000,
        ">=64" : 0.000000
      },
      "iodepth_complete" : {
        "0" : 0.000000,
        "4" : 100.000000,
        "8" : 0.000000,
        "16" : 0.000000,
        "32" : 0.000000,
        "64" : 0.000000,
        ">=64" : 0.000000
      },
      "latency_ns" : {
        "2" : 0.000000,
        "4" : 0.000000,
        "10" : 0.000000,
        "20" : 0.000000,
        "50" : 0.000000,
        "100" : 0.000000,
        "250" : 0.000000,
        "500" : 0.000000,
        "750" : 0.000000,
        "1000" : 0.000000
      },
      "latency_us" : {
        "2" : 0.000000,
        "4" : 0.000000,
        "10" : 0.000000,
        "20" : 0.000000,
        "50" : 0.000000,
        "100" : 0.000000,
        "250" : 0.000000,
        "500" : 0.000000,
        "750" : 0.039204,
        "1000" : 5.353487
      },
      "latency_ms" : {
        "2" : 93.091432,
        "4" : 1.411334,
        "10" : 0.091475,
        "20" : 0.013068,
        "50" : 0.000000,
        "100" : 0.000000,
        "250" : 0.000000,
        "500" : 0.000000,
        "750" : 0.000000,
        "1000" : 0.000000,
        "2000" : 0.000000,
        ">=2000" : 0.000000
      },
      "latency_depth" : 1,
      "latency_target" : 0,
      "latency_percentile" : 100.000000,
      "latency_window" : 0
    }
  ]
}
