{
  "fio version" : "fio-3.28",
  "timestamp" : 1724149371,
  "timestamp_ms" : 1724149371080,
  "time" : "Tue Aug 20 18:22:51 2024",
  "jobs" : [
    {
      "jobname" : "disktest",
      "groupid" : 0,
      "error" : 0,
      "eta" : 0,
      "elapsed" : 31,
      "job options" : {
        "ioengine" : "libaio",
        "iodepth" : "16",
        "numjobs" : "4",
        "rw" : "write",
        "bs" : "4k",
        "direct" : "1",
        "buffered" : "0",
        "size" : "2G",
        "runtime" : "30"
      },
      "read" : {
        "io_bytes" : 0,
        "io_kbytes" : 0,
        "bw_bytes" : 0,
        "bw" : 0,
        "iops" : 0.000000,
        "runtime" : 0,
        "total_ios" : 0,
        "short_ios" : 0,
        "drop_ios" : 0,
        "slat_ns" : {
          "min" : 0,
          "max" : 0,
          "mean" : 0.000000,
          "stddev" : 0.000000,
          "N" : 0
        },
        "clat_ns" : {
          "min" : 0,
          "max" : 0,
          "mean" : 0.000000,
          "stddev" : 0.000000,
          "N" : 0
        },
        "lat_ns" : {
          "min" : 0,
          "max" : 0,
          "mean" : 0.000000,
          "stddev" : 0.000000,
          "N" : 0
        },
        "bw_min" : 0,
        "bw_max" : 0,
        "bw_agg" : 0.000000,
        "bw_mean" : 0.000000,
        "bw_dev" : 0.000000,
        "bw_samples" : 0,
        "iops_min" : 0,
        "iops_max" : 0,
        "iops_mean" : 0.000000,
        "iops_stddev" : 0.000000,
        "iops_samples" : 0
      },
      "write" : {
        "io_bytes" : 1579438080,
        "io_kbytes" : 1542420,
        "bw_bytes" : 52642671,
        "bw" : 51408,
        "iops" : 12852.214779,
        "runtime" : 30003,
        "total_ios" : 385605,
        "short_ios" : 0,
        "drop_ios" : 0,
        "slat_ns" : {
          "min" : 3366,
          "max" : 1915885,
          "mean" : 22521.133951,
          "stddev" : 18414.183092,
          "N" : 385605
        },
        "clat_ns" : {
          "min" : 759082,
          "max" : 212240207,
          "mean" : 4955806.629932,
          "stddev" : 9191731.130485,
          "N" : 385605,
          "percentile" : {
            "1.000000" : 1417216,
            "5.000000" : 1744896,
            "10.000000" : 1974272,
            "20.000000" : 2375680,
            "30.000000" : 2637824,
            "40.000000" : 2867200,
            "50.000000" : 3063808,
            "60.000000" : 3293184,
            "70.000000" : 3555328,
            "80.000000" : 3915776,
            "90.000000" : 4816896,
            "95.000000" : 9109504,
            "99.000000" : 58458112,
            "99.500000" : 64749568,
            "99.900000" : 72876032,
            "99.950000" : 73924608,
            "99.990000" : 82313216
          }
        },
        "lat_ns" : {
          "min" : 770274,
          "max" : 212281266,
          "mean" : 4978512.822990,
          "stddev" : 9191911.298620,
          "N" : 385605
        },
        "bw_min" : 21128,
        "bw_max" : 88184,
        "bw_agg" : 100.000000,
        "bw_mean" : 51573.423729,
        "bw_dev" : 3826.863242,
        "bw_samples" : 236,
        "iops_min" : 5282,
        "iops_max" : 22046,
        "iops_mean" : 12893.355932,
        "iops_stddev" : 956.714903,
        "iops_samples" : 236
      },
      "trim" : {
        "io_bytes" : 0,
        "io_kbytes" : 0,
        "bw_bytes" : 0,
        "bw" : 0,
        "iops" : 0.000000,
        "runtime" : 0,
        "total_ios" : 0,
        "short_ios" : 0,
        "drop_ios" : 0,
        "slat_ns" : {
          "min" : 0,
          "max" : 0,
          "mean" : 0.000000,
          "stddev" : 0.000000,
          "N" : 0
        },
        "clat_ns" : {
          "min" : 0,
          "max" : 0,
          "mean" : 0.000000,
          "stddev" : 0.000000,
          "N" : 0
        },
        "lat_ns" : {
          "min" : 0,
          "max" : 0,
          "mean" : 0.000000,
          "stddev" : 0.000000,
          "N" : 0
        },
        "bw_min" : 0,
        "bw_max" : 0,
        "bw_agg" : 0.000000,
        "bw_mean" : 0.000000,
        "bw_dev" : 0.000000,
        "bw_samples" : 0,
        "iops_min" : 0,
        "iops_max" : 0,
        "iops_mean" : 0.000000,
        "iops_stddev" : 0.000000,
        "iops_samples" : 0
      },
      "sync" : {
        "total_ios" : 0,
        "lat_ns" : {
          "min" : 0,
          "max" : 0,
          "mean" : 0.000000,
          "stddev" : 0.000000,
          "N" : 0
        }
      },
      "job_runtime" : 120007,
      "usr_cpu" : 0.783288,
      "sys_cpu" : 5.639671,
      "ctx" : 386377,
      "majf" : 0,
      "minf" : 54,
      "iodepth_level" : {
        "1" : 0.100000,
        "2" : 0.100000,
        "4" : 0.100000,
        "8" : 0.100000,
        "16" : 99.984440,
        "32" : 0.000000,
        ">=64" : 0.000000
      },
      "iodepth_submit" : {
        "0" : 0.000000,
        "4" : 100.000000,
        "8" : 0.000000,
        "16" : 0.000000,
        "32" : 0.000000,
        "64" : 0.000000,
        ">=64" : 0.000000
      },
      "iodepth_complete" : {
        "0" : 0.000000,
        "4" : 99.998963,
        "8" : 0.000000,
        "16" : 0.100000,
        "32" : 0.000000,
        "64" : 0.000000,
        ">=64" : 0.000000
      },
      "latency_ns" : {
        "2" : 0.000000,
        "4" : 0.000000,
        "10" : 0.000000,
        "20" : 0.000000,
        "50" : 0.000000,
        "100" : 0.000000,
        "250" : 0.000000,
        "500" : 0.000000,
        "750" : 0.000000,
        "1000" : 0.000000
      },
      "latency_us" : {
        "2" : 0.000000,
        "4" : 0.000000,
        "10" : 0.000000,
        "20" : 0.000000,
        "50" : 0.000000,
        "100" : 0.000000,
        "250" : 0.000000,
        "500" : 0.000000,
        "750" : 0.000000,
        "1000" : 0.015041
      },
      "latency_ms" : {
        "2" : 10.399761,
        "4" : 70.903904,
        "10" : 13.918129,
        "20" : 0.927633,
        "50" : 2.093853,
        "100" : 1.737529,
        "250" : 0.010000,
        "500" : 0.000000,
        "750" : 0.000000,
        "1000" : 0.000000,
        "2000" : 0.000000,
        ">=2000" : 0.000000
      },
      "latency_depth" : 16,
      "latency_target" : 0,
      "latency_percentile" : 100.000000,
      "latency_window" : 0
    }
  ]
}
