{
  "fio version" : "fio-3.28",
  "timestamp" : 1723016459,
  "timestamp_ms" : 1723016459298,
  "time" : "Wed Aug  7 15:40:59 2024",
  "jobs" : [
    {
      "jobname" : "disktest",
      "groupid" : 0,
      "error" : 0,
      "eta" : 0,
      "elapsed" : 36,
      "job options" : {
        "ioengine" : "libaio",
        "iodepth" : "8",
        "numjobs" : "1",
        "rw" : "write",
        "bs" : "4k",
        "direct" : "1",
        "buffered" : "0",
        "size" : "2G",
        "runtime" : "30"
      },
      "read" : {
        "io_bytes" : 0,
        "io_kbytes" : 0,
        "bw_bytes" : 0,
        "bw" : 0,
        "iops" : 0.000000,
        "runtime" : 0,
        "total_ios" : 0,
        "short_ios" : 0,
        "drop_ios" : 0,
        "slat_ns" : {
          "min" : 0,
          "max" : 0,
          "mean" : 0.000000,
          "stddev" : 0.000000,
          "N" : 0
        },
        "clat_ns" : {
          "min" : 0,
          "max" : 0,
          "mean" : 0.000000,
          "stddev" : 0.000000,
          "N" : 0
        },
        "lat_ns" : {
          "min" : 0,
          "max" : 0,
          "mean" : 0.000000,
          "stddev" : 0.000000,
          "N" : 0
        },
        "bw_min" : 0,
        "bw_max" : 0,
        "bw_agg" : 0.000000,
        "bw_mean" : 0.000000,
        "bw_dev" : 0.000000,
        "bw_samples" : 0,
        "iops_min" : 0,
        "iops_max" : 0,
        "iops_mean" : 0.000000,
        "iops_stddev" : 0.000000,
        "iops_samples" : 0
      },
      "write" : {
        "io_bytes" : 310595584,
        "io_kbytes" : 303316,
        "bw_bytes" : 8867825,
        "bw" : 8659,
        "iops" : 2164.996431,
        "runtime" : 35025,
        "total_ios" : 75829,
        "short_ios" : 0,
        "drop_ios" : 0,
        "slat_ns" : {
          "min" : 8728,
          "max" : 821282,
          "mean" : 43241.056139,
          "stddev" : 32195.888467,
          "N" : 75829
        },
        "clat_ns" : {
          "min" : 721197,
          "max" : 5211653011,
          "mean" : 3648723.266297,
          "stddev" : 64621828.789481,
          "N" : 75829,
          "percentile" : {
            "1.000000" : 1073152,
            "5.000000" : 1269760,
            "10.000000" : 1384448,
            "20.000000" : 1531904,
            "30.000000" : 1630208,
            "40.000000" : 1744896,
            "50.000000" : 1859584,
            "60.000000" : 1974272,
            "70.000000" : 2146304,
            "80.000000" : 2408448,
            "90.000000" : 3063808,
            "95.000000" : 4046848,
            "99.000000" : 18219008,
            "99.500000" : 23461888,
            "99.900000" : 42729472,
            "99.950000" : 591396864,
            "99.990000" : 5200936960
          }
        },
        "lat_ns" : {
          "min" : 776817,
          "max" : 5211674977,
          "mean" : 3692318.246977,
          "stddev" : 64621499.790992,
          "N" : 75829
        },
        "bw_min" : 8,
        "bw_max" : 16704,
        "bw_agg" : 100.000000,
        "bw_mean" : 11444.830189,
        "bw_dev" : 5521.336815,
        "bw_samples" : 53,
        "iops_min" : 2,
        "iops_max" : 4176,
        "iops_mean" : 2861.207547,
        "iops_stddev" : 1380.334204,
        "iops_samples" : 53
      },
      "trim" : {
        "io_bytes" : 0,
        "io_kbytes" : 0,
        "bw_bytes" : 0,
        "bw" : 0,
        "iops" : 0.000000,
        "runtime" : 0,
        "total_ios" : 0,
        "short_ios" : 0,
        "drop_ios" : 0,
        "slat_ns" : {
          "min" : 0,
          "max" : 0,
          "mean" : 0.000000,
          "stddev" : 0.000000,
          "N" : 0
        },
        "clat_ns" : {
          "min" : 0,
          "max" : 0,
          "mean" : 0.000000,
          "stddev" : 0.000000,
          "N" : 0
        },
        "lat_ns" : {
          "min" : 0,
          "max" : 0,
          "mean" : 0.000000,
          "stddev" : 0.000000,
          "N" : 0
        },
        "bw_min" : 0,
        "bw_max" : 0,
        "bw_agg" : 0.000000,
        "bw_mean" : 0.000000,
        "bw_dev" : 0.000000,
        "bw_samples" : 0,
        "iops_min" : 0,
        "iops_max" : 0,
        "iops_mean" : 0.000000,
        "iops_stddev" : 0.000000,
        "iops_samples" : 0
      },
      "sync" : {
        "total_ios" : 0,
        "lat_ns" : {
          "min" : 0,
          "max" : 0,
          "mean" : 0.000000,
          "stddev" : 0.000000,
          "N" : 0
        }
      },
      "job_runtime" : 35024,
      "usr_cpu" : 1.510393,
      "sys_cpu" : 8.297168,
      "ctx" : 49154,
      "majf" : 0,
      "minf" : 16,
      "iodepth_level" : {
        "1" : 0.100000,
        "2" : 0.100000,
        "4" : 0.100000,
        "8" : 99.990769,
        "16" : 0.000000,
        "32" : 0.000000,
        ">=64" : 0.000000
      },
      "iodepth_submit" : {
        "0" : 0.000000,
        "4" : 100.000000,
        "8" : 0.000000,
        "16" : 0.000000,
        "32" : 0.000000,
        "64" : 0.000000,
        ">=64" : 0.000000
      },
      "iodepth_complete" : {
        "0" : 0.000000,
        "4" : 99.998681,
        "8" : 0.100000,
        "16" : 0.000000,
        "32" : 0.000000,
        "64" : 0.000000,
        ">=64" : 0.000000
      },
      "latency_ns" : {
        "2" : 0.000000,
        "4" : 0.000000,
        "10" : 0.000000,
        "20" : 0.000000,
        "50" : 0.000000,
        "100" : 0.000000,
        "250" : 0.000000,
        "500" : 0.000000,
        "750" : 0.000000,
        "1000" : 0.000000
      },
      "latency_us" : {
        "2" : 0.000000,
        "4" : 0.000000,
        "10" : 0.000000,
        "20" : 0.000000,
        "50" : 0.000000,
        "100" : 0.000000,
        "250" : 0.000000,
        "500" : 0.000000,
        "750" : 0.010000,
        "1000" : 0.394308
      },
      "latency_ms" : {
        "2" : 60.835564,
        "4" : 33.588733,
        "10" : 3.194029,
        "20" : 1.160506,
        "50" : 0.756966,
        "100" : 0.010000,
        "250" : 0.010000,
        "500" : 0.000000,
        "750" : 0.010550,
        "1000" : 0.010000,
        "2000" : 0.011869,
        ">=2000" : 0.030331
      },
      "latency_depth" : 8,
      "latency_target" : 0,
      "latency_percentile" : 100.000000,
      "latency_window" : 0
    }
  ]
}
