{
  "fio version" : "fio-3.28",
  "timestamp" : 1723016393,
  "timestamp_ms" : 1723016393422,
  "time" : "Wed Aug  7 15:39:53 2024",
  "jobs" : [
    {
      "jobname" : "disktest",
      "groupid" : 0,
      "error" : 0,
      "eta" : 0,
      "elapsed" : 31,
      "job options" : {
        "ioengine" : "libaio",
        "iodepth" : "2",
        "numjobs" : "1",
        "rw" : "write",
        "bs" : "4k",
        "direct" : "1",
        "buffered" : "0",
        "size" : "2G",
        "runtime" : "30"
      },
      "read" : {
        "io_bytes" : 0,
        "io_kbytes" : 0,
        "bw_bytes" : 0,
        "bw" : 0,
        "iops" : 0.000000,
        "runtime" : 0,
        "total_ios" : 0,
        "short_ios" : 0,
        "drop_ios" : 0,
        "slat_ns" : {
          "min" : 0,
          "max" : 0,
          "mean" : 0.000000,
          "stddev" : 0.000000,
          "N" : 0
        },
        "clat_ns" : {
          "min" : 0,
          "max" : 0,
          "mean" : 0.000000,
          "stddev" : 0.000000,
          "N" : 0
        },
        "lat_ns" : {
          "min" : 0,
          "max" : 0,
          "mean" : 0.000000,
          "stddev" : 0.000000,
          "N" : 0
        },
        "bw_min" : 0,
        "bw_max" : 0,
        "bw_agg" : 0.000000,
        "bw_mean" : 0.000000,
        "bw_dev" : 0.000000,
        "bw_samples" : 0,
        "iops_min" : 0,
        "iops_max" : 0,
        "iops_mean" : 0.000000,
        "iops_stddev" : 0.000000,
        "iops_samples" : 0
      },
      "write" : {
        "io_bytes" : 185499648,
        "io_kbytes" : 181152,
        "bw_bytes" : 6183115,
        "bw" : 6038,
        "iops" : 1509.549682,
        "runtime" : 30001,
        "total_ios" : 45288,
        "short_ios" : 0,
        "drop_ios" : 0,
        "slat_ns" : {
          "min" : 9363,
          "max" : 436044,
          "mean" : 59018.871688,
          "stddev" : 37144.826786,
          "N" : 45288
        },
        "clat_ns" : {
          "min" : 635160,
          "max" : 41890965,
          "mean" : 1261261.838567,
          "stddev" : 643129.808378,
          "N" : 45288,
          "percentile" : {
            "1.000000" : 782336,
            "5.000000" : 880640,
            "10.000000" : 937984,
            "20.000000" : 1011712,
            "30.000000" : 1073152,
            "40.000000" : 1122304,
            "50.000000" : 1155072,
            "60.000000" : 1204224,
            "70.000000" : 1269760,
            "80.000000" : 1351680,
            "90.000000" : 1482752,
            "95.000000" : 1810432,
            "99.000000" : 3817472,
            "99.500000" : 4685824,
            "99.900000" : 7438336,
            "99.950000" : 9502720,
            "99.990000" : 17170432
          }
        },
        "lat_ns" : {
          "min" : 696383,
          "max" : 41984478,
          "mean" : 1320836.269453,
          "stddev" : 641165.935732,
          "N" : 45288
        },
        "bw_min" : 4584,
        "bw_max" : 6920,
        "bw_agg" : 100.000000,
        "bw_mean" : 6042.440678,
        "bw_dev" : 404.529538,
        "bw_samples" : 59,
        "iops_min" : 1146,
        "iops_max" : 1730,
        "iops_mean" : 1510.610169,
        "iops_stddev" : 101.132385,
        "iops_samples" : 59
      },
      "trim" : {
        "io_bytes" : 0,
        "io_kbytes" : 0,
        "bw_bytes" : 0,
        "bw" : 0,
        "iops" : 0.000000,
        "runtime" : 0,
        "total_ios" : 0,
        "short_ios" : 0,
        "drop_ios" : 0,
        "slat_ns" : {
          "min" : 0,
          "max" : 0,
          "mean" : 0.000000,
          "stddev" : 0.000000,
          "N" : 0
        },
        "clat_ns" : {
          "min" : 0,
          "max" : 0,
          "mean" : 0.000000,
          "stddev" : 0.000000,
          "N" : 0
        },
        "lat_ns" : {
          "min" : 0,
          "max" : 0,
          "mean" : 0.000000,
          "stddev" : 0.000000,
          "N" : 0
        },
        "bw_min" : 0,
        "bw_max" : 0,
        "bw_agg" : 0.000000,
        "bw_mean" : 0.000000,
        "bw_dev" : 0.000000,
        "bw_samples" : 0,
        "iops_min" : 0,
        "iops_max" : 0,
        "iops_mean" : 0.000000,
        "iops_stddev" : 0.000000,
        "iops_samples" : 0
      },
      "sync" : {
        "total_ios" : 0,
        "lat_ns" : {
          "min" : 0,
          "max" : 0,
          "mean" : 0.000000,
          "stddev" : 0.000000,
          "N" : 0
        }
      },
      "job_runtime" : 30000,
      "usr_cpu" : 1.666667,
      "sys_cpu" : 7.536667,
      "ctx" : 41810,
      "majf" : 0,
      "minf" : 27,
      "iodepth_level" : {
        "1" : 0.100000,
        "2" : 99.997792,
        "4" : 0.000000,
        "8" : 0.000000,
        "16" : 0.000000,
        "32" : 0.000000,
        ">=64" : 0.000000
      },
      "iodepth_submit" : {
        "0" : 0.000000,
        "4" : 100.000000,
        "8" : 0.000000,
        "16" : 0.000000,
        "32" : 0.000000,
        "64" : 0.000000,
        ">=64" : 0.000000
      },
      "iodepth_complete" : {
        "0" : 0.000000,
        "4" : 100.000000,
        "8" : 0.000000,
        "16" : 0.000000,
        "32" : 0.000000,
        "64" : 0.000000,
        ">=64" : 0.000000
      },
      "latency_ns" : {
        "2" : 0.000000,
        "4" : 0.000000,
        "10" : 0.000000,
        "20" : 0.000000,
        "50" : 0.000000,
        "100" : 0.000000,
        "250" : 0.000000,
        "500" : 0.000000,
        "750" : 0.000000,
        "1000" : 0.000000
      },
      "latency_us" : {
        "2" : 0.000000,
        "4" : 0.000000,
        "10" : 0.000000,
        "20" : 0.000000,
        "50" : 0.000000,
        "100" : 0.000000,
        "250" : 0.000000,
        "500" : 0.000000,
        "750" : 0.481364,
        "1000" : 17.536654
      },
      "latency_ms" : {
        "2" : 77.720367,
        "4" : 3.402667,
        "10" : 0.814785,
        "20" : 0.035329,
        "50" : 0.010000,
        "100" : 0.000000,
        "250" : 0.000000,
        "500" : 0.000000,
        "750" : 0.000000,
        "1000" : 0.000000,
        "2000" : 0.000000,
        ">=2000" : 0.000000
      },
      "latency_depth" : 2,
      "latency_target" : 0,
      "latency_percentile" : 100.000000,
      "latency_window" : 0
    }
  ]
}
