{
  "fio version" : "fio-3.28",
  "timestamp" : 1723016642,
  "timestamp_ms" : 1723016642255,
  "time" : "Wed Aug  7 15:44:02 2024",
  "jobs" : [
    {
      "jobname" : "disktest",
      "groupid" : 0,
      "error" : 0,
      "eta" : 0,
      "elapsed" : 31,
      "job options" : {
        "ioengine" : "libaio",
        "iodepth" : "16",
        "numjobs" : "4",
        "rw" : "write",
        "bs" : "4k",
        "direct" : "1",
        "buffered" : "0",
        "size" : "2G",
        "runtime" : "30"
      },
      "read" : {
        "io_bytes" : 0,
        "io_kbytes" : 0,
        "bw_bytes" : 0,
        "bw" : 0,
        "iops" : 0.000000,
        "runtime" : 0,
        "total_ios" : 0,
        "short_ios" : 0,
        "drop_ios" : 0,
        "slat_ns" : {
          "min" : 0,
          "max" : 0,
          "mean" : 0.000000,
          "stddev" : 0.000000,
          "N" : 0
        },
        "clat_ns" : {
          "min" : 0,
          "max" : 0,
          "mean" : 0.000000,
          "stddev" : 0.000000,
          "N" : 0
        },
        "lat_ns" : {
          "min" : 0,
          "max" : 0,
          "mean" : 0.000000,
          "stddev" : 0.000000,
          "N" : 0
        },
        "bw_min" : 0,
        "bw_max" : 0,
        "bw_agg" : 0.000000,
        "bw_mean" : 0.000000,
        "bw_dev" : 0.000000,
        "bw_samples" : 0,
        "iops_min" : 0,
        "iops_max" : 0,
        "iops_mean" : 0.000000,
        "iops_stddev" : 0.000000,
        "iops_samples" : 0
      },
      "write" : {
        "io_bytes" : 1694404608,
        "io_kbytes" : 1654692,
        "bw_bytes" : 56470741,
        "bw" : 55147,
        "iops" : 13786.802200,
        "runtime" : 30005,
        "total_ios" : 413673,
        "short_ios" : 0,
        "drop_ios" : 0,
        "slat_ns" : {
          "min" : 8254,
          "max" : 16051674,
          "mean" : 59800.080694,
          "stddev" : 52690.962144,
          "N" : 413673
        },
        "clat_ns" : {
          "min" : 705831,
          "max" : 81961242,
          "mean" : 4579127.186270,
          "stddev" : 6420526.377753,
          "N" : 413673,
          "percentile" : {
            "1.000000" : 1515520,
            "5.000000" : 1941504,
            "10.000000" : 2179072,
            "20.000000" : 2539520,
            "30.000000" : 2834432,
            "40.000000" : 3096576,
            "50.000000" : 3358720,
            "60.000000" : 3620864,
            "70.000000" : 3948544,
            "80.000000" : 4423680,
            "90.000000" : 5406720,
            "95.000000" : 7503872,
            "99.000000" : 42729472,
            "99.500000" : 54788096,
            "99.900000" : 64749568,
            "99.950000" : 67633152,
            "99.990000" : 76021760
          }
        },
        "lat_ns" : {
          "min" : 890501,
          "max" : 81996156,
          "mean" : 4639346.657295,
          "stddev" : 6420692.804240,
          "N" : 413673
        },
        "bw_min" : 28936,
        "bw_max" : 74272,
        "bw_agg" : 100.000000,
        "bw_mean" : 55222.644068,
        "bw_dev" : 2703.344729,
        "bw_samples" : 236,
        "iops_min" : 7234,
        "iops_max" : 18568,
        "iops_mean" : 13805.694915,
        "iops_stddev" : 675.831064,
        "iops_samples" : 236
      },
      "trim" : {
        "io_bytes" : 0,
        "io_kbytes" : 0,
        "bw_bytes" : 0,
        "bw" : 0,
        "iops" : 0.000000,
        "runtime" : 0,
        "total_ios" : 0,
        "short_ios" : 0,
        "drop_ios" : 0,
        "slat_ns" : {
          "min" : 0,
          "max" : 0,
          "mean" : 0.000000,
          "stddev" : 0.000000,
          "N" : 0
        },
        "clat_ns" : {
          "min" : 0,
          "max" : 0,
          "mean" : 0.000000,
          "stddev" : 0.000000,
          "N" : 0
        },
        "lat_ns" : {
          "min" : 0,
          "max" : 0,
          "mean" : 0.000000,
          "stddev" : 0.000000,
          "N" : 0
        },
        "bw_min" : 0,
        "bw_max" : 0,
        "bw_agg" : 0.000000,
        "bw_mean" : 0.000000,
        "bw_dev" : 0.000000,
        "bw_samples" : 0,
        "iops_min" : 0,
        "iops_max" : 0,
        "iops_mean" : 0.000000,
        "iops_stddev" : 0.000000,
        "iops_samples" : 0
      },
      "sync" : {
        "total_ios" : 0,
        "lat_ns" : {
          "min" : 0,
          "max" : 0,
          "mean" : 0.000000,
          "stddev" : 0.000000,
          "N" : 0
        }
      },
      "job_runtime" : 120011,
      "usr_cpu" : 2.240628,
      "sys_cpu" : 13.707910,
      "ctx" : 322855,
      "majf" : 0,
      "minf" : 120,
      "iodepth_level" : {
        "1" : 0.100000,
        "2" : 0.100000,
        "4" : 0.100000,
        "8" : 0.100000,
        "16" : 99.985496,
        "32" : 0.000000,
        ">=64" : 0.000000
      },
      "iodepth_submit" : {
        "0" : 0.000000,
        "4" : 100.000000,
        "8" : 0.000000,
        "16" : 0.000000,
        "32" : 0.000000,
        "64" : 0.000000,
        ">=64" : 0.000000
      },
      "iodepth_complete" : {
        "0" : 0.000000,
        "4" : 99.999033,
        "8" : 0.000000,
        "16" : 0.100000,
        "32" : 0.000000,
        "64" : 0.000000,
        ">=64" : 0.000000
      },
      "latency_ns" : {
        "2" : 0.000000,
        "4" : 0.000000,
        "10" : 0.000000,
        "20" : 0.000000,
        "50" : 0.000000,
        "100" : 0.000000,
        "250" : 0.000000,
        "500" : 0.000000,
        "750" : 0.000000,
        "1000" : 0.000000
      },
      "latency_us" : {
        "2" : 0.000000,
        "4" : 0.000000,
        "10" : 0.000000,
        "20" : 0.000000,
        "50" : 0.000000,
        "100" : 0.000000,
        "250" : 0.000000,
        "500" : 0.000000,
        "750" : 0.010000,
        "1000" : 0.015471
      },
      "latency_ms" : {
        "2" : 6.002809,
        "4" : 65.589004,
        "10" : 24.401641,
        "20" : 1.185236,
        "50" : 2.071201,
        "100" : 0.734155,
        "250" : 0.000000,
        "500" : 0.000000,
        "750" : 0.000000,
        "1000" : 0.000000,
        "2000" : 0.000000,
        ">=2000" : 0.000000
      },
      "latency_depth" : 16,
      "latency_target" : 0,
      "latency_percentile" : 100.000000,
      "latency_window" : 0
    }
  ]
}
