{
  "fio version" : "fio-3.28",
  "timestamp" : 1723016611,
  "timestamp_ms" : 1723016611601,
  "time" : "Wed Aug  7 15:43:31 2024",
  "jobs" : [
    {
      "jobname" : "disktest",
      "groupid" : 0,
      "error" : 0,
      "eta" : 0,
      "elapsed" : 31,
      "job options" : {
        "ioengine" : "libaio",
        "iodepth" : "8",
        "numjobs" : "4",
        "rw" : "write",
        "bs" : "4k",
        "direct" : "1",
        "buffered" : "0",
        "size" : "2G",
        "runtime" : "30"
      },
      "read" : {
        "io_bytes" : 0,
        "io_kbytes" : 0,
        "bw_bytes" : 0,
        "bw" : 0,
        "iops" : 0.000000,
        "runtime" : 0,
        "total_ios" : 0,
        "short_ios" : 0,
        "drop_ios" : 0,
        "slat_ns" : {
          "min" : 0,
          "max" : 0,
          "mean" : 0.000000,
          "stddev" : 0.000000,
          "N" : 0
        },
        "clat_ns" : {
          "min" : 0,
          "max" : 0,
          "mean" : 0.000000,
          "stddev" : 0.000000,
          "N" : 0
        },
        "lat_ns" : {
          "min" : 0,
          "max" : 0,
          "mean" : 0.000000,
          "stddev" : 0.000000,
          "N" : 0
        },
        "bw_min" : 0,
        "bw_max" : 0,
        "bw_agg" : 0.000000,
        "bw_mean" : 0.000000,
        "bw_dev" : 0.000000,
        "bw_samples" : 0,
        "iops_min" : 0,
        "iops_max" : 0,
        "iops_mean" : 0.000000,
        "iops_stddev" : 0.000000,
        "iops_samples" : 0
      },
      "write" : {
        "io_bytes" : 1498476544,
        "io_kbytes" : 1463356,
        "bw_bytes" : 49927582,
        "bw" : 48757,
        "iops" : 12189.351281,
        "runtime" : 30013,
        "total_ios" : 365839,
        "short_ios" : 0,
        "drop_ios" : 0,
        "slat_ns" : {
          "min" : 7932,
          "max" : 12900083,
          "mean" : 60334.934479,
          "stddev" : 49694.478643,
          "N" : 365839
        },
        "clat_ns" : {
          "min" : 569306,
          "max" : 71398184,
          "mean" : 2561028.543794,
          "stddev" : 3969236.715058,
          "N" : 365839,
          "percentile" : {
            "1.000000" : 1073152,
            "5.000000" : 1253376,
            "10.000000" : 1368064,
            "20.000000" : 1531904,
            "30.000000" : 1679360,
            "40.000000" : 1794048,
            "50.000000" : 1941504,
            "60.000000" : 2088960,
            "70.000000" : 2277376,
            "80.000000" : 2605056,
            "90.000000" : 3227648,
            "95.000000" : 3981312,
            "99.000000" : 19791872,
            "99.500000" : 39583744,
            "99.900000" : 52690944,
            "99.950000" : 55836672,
            "99.990000" : 58982400
          }
        },
        "lat_ns" : {
          "min" : 753654,
          "max" : 71478769,
          "mean" : 2621769.178909,
          "stddev" : 3968993.626032,
          "N" : 365839
        },
        "bw_min" : 27784,
        "bw_max" : 64992,
        "bw_agg" : 100.000000,
        "bw_mean" : 48841.491525,
        "bw_dev" : 2145.402632,
        "bw_samples" : 236,
        "iops_min" : 6946,
        "iops_max" : 16248,
        "iops_mean" : 12210.372881,
        "iops_stddev" : 536.350658,
        "iops_samples" : 236
      },
      "trim" : {
        "io_bytes" : 0,
        "io_kbytes" : 0,
        "bw_bytes" : 0,
        "bw" : 0,
        "iops" : 0.000000,
        "runtime" : 0,
        "total_ios" : 0,
        "short_ios" : 0,
        "drop_ios" : 0,
        "slat_ns" : {
          "min" : 0,
          "max" : 0,
          "mean" : 0.000000,
          "stddev" : 0.000000,
          "N" : 0
        },
        "clat_ns" : {
          "min" : 0,
          "max" : 0,
          "mean" : 0.000000,
          "stddev" : 0.000000,
          "N" : 0
        },
        "lat_ns" : {
          "min" : 0,
          "max" : 0,
          "mean" : 0.000000,
          "stddev" : 0.000000,
          "N" : 0
        },
        "bw_min" : 0,
        "bw_max" : 0,
        "bw_agg" : 0.000000,
        "bw_mean" : 0.000000,
        "bw_dev" : 0.000000,
        "bw_samples" : 0,
        "iops_min" : 0,
        "iops_max" : 0,
        "iops_mean" : 0.000000,
        "iops_stddev" : 0.000000,
        "iops_samples" : 0
      },
      "sync" : {
        "total_ios" : 0,
        "lat_ns" : {
          "min" : 0,
          "max" : 0,
          "mean" : 0.000000,
          "stddev" : 0.000000,
          "N" : 0
        }
      },
      "job_runtime" : 120015,
      "usr_cpu" : 2.113069,
      "sys_cpu" : 12.955047,
      "ctx" : 300199,
      "majf" : 0,
      "minf" : 139,
      "iodepth_level" : {
        "1" : 0.100000,
        "2" : 0.100000,
        "4" : 0.100000,
        "8" : 99.992346,
        "16" : 0.000000,
        "32" : 0.000000,
        ">=64" : 0.000000
      },
      "iodepth_submit" : {
        "0" : 0.000000,
        "4" : 100.000000,
        "8" : 0.000000,
        "16" : 0.000000,
        "32" : 0.000000,
        "64" : 0.000000,
        ">=64" : 0.000000
      },
      "iodepth_complete" : {
        "0" : 0.000000,
        "4" : 99.998907,
        "8" : 0.100000,
        "16" : 0.000000,
        "32" : 0.000000,
        "64" : 0.000000,
        ">=64" : 0.000000
      },
      "latency_ns" : {
        "2" : 0.000000,
        "4" : 0.000000,
        "10" : 0.000000,
        "20" : 0.000000,
        "50" : 0.000000,
        "100" : 0.000000,
        "250" : 0.000000,
        "500" : 0.000000,
        "750" : 0.000000,
        "1000" : 0.000000
      },
      "latency_us" : {
        "2" : 0.000000,
        "4" : 0.000000,
        "10" : 0.000000,
        "20" : 0.000000,
        "50" : 0.000000,
        "100" : 0.000000,
        "250" : 0.000000,
        "500" : 0.000000,
        "750" : 0.010000,
        "1000" : 0.452385
      },
      "latency_ms" : {
        "2" : 54.120528,
        "4" : 40.523017,
        "10" : 3.221089,
        "20" : 0.685821,
        "50" : 0.834520,
        "100" : 0.155533,
        "250" : 0.000000,
        "500" : 0.000000,
        "750" : 0.000000,
        "1000" : 0.000000,
        "2000" : 0.000000,
        ">=2000" : 0.000000
      },
      "latency_depth" : 8,
      "latency_target" : 0,
      "latency_percentile" : 100.000000,
      "latency_window" : 0
    }
  ]
}
