{
  "fio version" : "fio-3.28",
  "timestamp" : 1723016550,
  "timestamp_ms" : 1723016550671,
  "time" : "Wed Aug  7 15:42:30 2024",
  "jobs" : [
    {
      "jobname" : "disktest",
      "groupid" : 0,
      "error" : 0,
      "eta" : 0,
      "elapsed" : 31,
      "job options" : {
        "ioengine" : "libaio",
        "iodepth" : "2",
        "numjobs" : "4",
        "rw" : "write",
        "bs" : "4k",
        "direct" : "1",
        "buffered" : "0",
        "size" : "2G",
        "runtime" : "30"
      },
      "read" : {
        "io_bytes" : 0,
        "io_kbytes" : 0,
        "bw_bytes" : 0,
        "bw" : 0,
        "iops" : 0.000000,
        "runtime" : 0,
        "total_ios" : 0,
        "short_ios" : 0,
        "drop_ios" : 0,
        "slat_ns" : {
          "min" : 0,
          "max" : 0,
          "mean" : 0.000000,
          "stddev" : 0.000000,
          "N" : 0
        },
        "clat_ns" : {
          "min" : 0,
          "max" : 0,
          "mean" : 0.000000,
          "stddev" : 0.000000,
          "N" : 0
        },
        "lat_ns" : {
          "min" : 0,
          "max" : 0,
          "mean" : 0.000000,
          "stddev" : 0.000000,
          "N" : 0
        },
        "bw_min" : 0,
        "bw_max" : 0,
        "bw_agg" : 0.000000,
        "bw_mean" : 0.000000,
        "bw_dev" : 0.000000,
        "bw_samples" : 0,
        "iops_min" : 0,
        "iops_max" : 0,
        "iops_mean" : 0.000000,
        "iops_stddev" : 0.000000,
        "iops_samples" : 0
      },
      "write" : {
        "io_bytes" : 704122880,
        "io_kbytes" : 687620,
        "bw_bytes" : 23469980,
        "bw" : 22919,
        "iops" : 5729.975667,
        "runtime" : 30001,
        "total_ios" : 171905,
        "short_ios" : 0,
        "drop_ios" : 0,
        "slat_ns" : {
          "min" : 10195,
          "max" : 3361923,
          "mean" : 64013.730659,
          "stddev" : 39795.477751,
          "N" : 171905
        },
        "clat_ns" : {
          "min" : 515265,
          "max" : 33830643,
          "mean" : 1327280.334563,
          "stddev" : 871978.944457,
          "N" : 171905,
          "percentile" : {
            "1.000000" : 798720,
            "5.000000" : 897024,
            "10.000000" : 962560,
            "20.000000" : 1036288,
            "30.000000" : 1105920,
            "40.000000" : 1155072,
            "50.000000" : 1204224,
            "60.000000" : 1269760,
            "70.000000" : 1335296,
            "80.000000" : 1417216,
            "90.000000" : 1597440,
            "95.000000" : 2023424,
            "99.000000" : 3751936,
            "99.500000" : 4620288,
            "99.900000" : 12779520,
            "99.950000" : 22413312,
            "99.990000" : 30539776
          }
        },
        "lat_ns" : {
          "min" : 654350,
          "max" : 33850906,
          "mean" : 1391874.769285,
          "stddev" : 870849.104445,
          "N" : 171905
        },
        "bw_min" : 17752,
        "bw_max" : 27432,
        "bw_agg" : 100.000000,
        "bw_mean" : 22935.864407,
        "bw_dev" : 471.153786,
        "bw_samples" : 236,
        "iops_min" : 4438,
        "iops_max" : 6858,
        "iops_mean" : 5734.000000,
        "iops_stddev" : 117.787734,
        "iops_samples" : 236
      },
      "trim" : {
        "io_bytes" : 0,
        "io_kbytes" : 0,
        "bw_bytes" : 0,
        "bw" : 0,
        "iops" : 0.000000,
        "runtime" : 0,
        "total_ios" : 0,
        "short_ios" : 0,
        "drop_ios" : 0,
        "slat_ns" : {
          "min" : 0,
          "max" : 0,
          "mean" : 0.000000,
          "stddev" : 0.000000,
          "N" : 0
        },
        "clat_ns" : {
          "min" : 0,
          "max" : 0,
          "mean" : 0.000000,
          "stddev" : 0.000000,
          "N" : 0
        },
        "lat_ns" : {
          "min" : 0,
          "max" : 0,
          "mean" : 0.000000,
          "stddev" : 0.000000,
          "N" : 0
        },
        "bw_min" : 0,
        "bw_max" : 0,
        "bw_agg" : 0.000000,
        "bw_mean" : 0.000000,
        "bw_dev" : 0.000000,
        "bw_samples" : 0,
        "iops_min" : 0,
        "iops_max" : 0,
        "iops_mean" : 0.000000,
        "iops_stddev" : 0.000000,
        "iops_samples" : 0
      },
      "sync" : {
        "total_ios" : 0,
        "lat_ns" : {
          "min" : 0,
          "max" : 0,
          "mean" : 0.000000,
          "stddev" : 0.000000,
          "N" : 0
        }
      },
      "job_runtime" : 120000,
      "usr_cpu" : 1.657500,
      "sys_cpu" : 7.505000,
      "ctx" : 172727,
      "majf" : 0,
      "minf" : 113,
      "iodepth_level" : {
        "1" : 0.100000,
        "2" : 99.997673,
        "4" : 0.000000,
        "8" : 0.000000,
        "16" : 0.000000,
        "32" : 0.000000,
        ">=64" : 0.000000
      },
      "iodepth_submit" : {
        "0" : 0.000000,
        "4" : 100.000000,
        "8" : 0.000000,
        "16" : 0.000000,
        "32" : 0.000000,
        "64" : 0.000000,
        ">=64" : 0.000000
      },
      "iodepth_complete" : {
        "0" : 0.000000,
        "4" : 100.000000,
        "8" : 0.000000,
        "16" : 0.000000,
        "32" : 0.000000,
        "64" : 0.000000,
        ">=64" : 0.000000
      },
      "latency_ns" : {
        "2" : 0.000000,
        "4" : 0.000000,
        "10" : 0.000000,
        "20" : 0.000000,
        "50" : 0.000000,
        "100" : 0.000000,
        "250" : 0.000000,
        "500" : 0.000000,
        "750" : 0.000000,
        "1000" : 0.000000
      },
      "latency_us" : {
        "2" : 0.000000,
        "4" : 0.000000,
        "10" : 0.000000,
        "20" : 0.000000,
        "50" : 0.000000,
        "100" : 0.000000,
        "250" : 0.000000,
        "500" : 0.000000,
        "750" : 0.375789,
        "1000" : 14.131061
      },
      "latency_ms" : {
        "2" : 80.415346,
        "4" : 4.289579,
        "10" : 0.670138,
        "20" : 0.058172,
        "50" : 0.059917,
        "100" : 0.000000,
        "250" : 0.000000,
        "500" : 0.000000,
        "750" : 0.000000,
        "1000" : 0.000000,
        "2000" : 0.000000,
        ">=2000" : 0.000000
      },
      "latency_depth" : 2,
      "latency_target" : 0,
      "latency_percentile" : 100.000000,
      "latency_window" : 0
    }
  ]
}
