{
  "fio version" : "fio-3.28",
  "timestamp" : 1723016581,
  "timestamp_ms" : 1723016581147,
  "time" : "Wed Aug  7 15:43:01 2024",
  "jobs" : [
    {
      "jobname" : "disktest",
      "groupid" : 0,
      "error" : 0,
      "eta" : 0,
      "elapsed" : 31,
      "job options" : {
        "ioengine" : "libaio",
        "iodepth" : "4",
        "numjobs" : "4",
        "rw" : "write",
        "bs" : "4k",
        "direct" : "1",
        "buffered" : "0",
        "size" : "2G",
        "runtime" : "30"
      },
      "read" : {
        "io_bytes" : 0,
        "io_kbytes" : 0,
        "bw_bytes" : 0,
        "bw" : 0,
        "iops" : 0.000000,
        "runtime" : 0,
        "total_ios" : 0,
        "short_ios" : 0,
        "drop_ios" : 0,
        "slat_ns" : {
          "min" : 0,
          "max" : 0,
          "mean" : 0.000000,
          "stddev" : 0.000000,
          "N" : 0
        },
        "clat_ns" : {
          "min" : 0,
          "max" : 0,
          "mean" : 0.000000,
          "stddev" : 0.000000,
          "N" : 0
        },
        "lat_ns" : {
          "min" : 0,
          "max" : 0,
          "mean" : 0.000000,
          "stddev" : 0.000000,
          "N" : 0
        },
        "bw_min" : 0,
        "bw_max" : 0,
        "bw_agg" : 0.000000,
        "bw_mean" : 0.000000,
        "bw_dev" : 0.000000,
        "bw_samples" : 0,
        "iops_min" : 0,
        "iops_max" : 0,
        "iops_mean" : 0.000000,
        "iops_stddev" : 0.000000,
        "iops_samples" : 0
      },
      "write" : {
        "io_bytes" : 1142013952,
        "io_kbytes" : 1115248,
        "bw_bytes" : 38064594,
        "bw" : 37172,
        "iops" : 9293.113792,
        "runtime" : 30002,
        "total_ios" : 278812,
        "short_ios" : 0,
        "drop_ios" : 0,
        "slat_ns" : {
          "min" : 9068,
          "max" : 5268020,
          "mean" : 60847.502790,
          "stddev" : 40919.994248,
          "N" : 278812
        },
        "clat_ns" : {
          "min" : 518310,
          "max" : 104509486,
          "mean" : 1657079.512162,
          "stddev" : 2072111.637645,
          "N" : 278812,
          "percentile" : {
            "1.000000" : 839680,
            "5.000000" : 962560,
            "10.000000" : 1036288,
            "20.000000" : 1138688,
            "30.000000" : 1220608,
            "40.000000" : 1302528,
            "50.000000" : 1384448,
            "60.000000" : 1466368,
            "70.000000" : 1581056,
            "80.000000" : 1761280,
            "90.000000" : 2146304,
            "95.000000" : 2801664,
            "99.000000" : 4751360,
            "99.500000" : 8847360,
            "99.900000" : 36962304,
            "99.950000" : 42729472,
            "99.990000" : 50069504
          }
        },
        "lat_ns" : {
          "min" : 660503,
          "max" : 104569383,
          "mean" : 1718440.494448,
          "stddev" : 2071412.395133,
          "N" : 278812
        },
        "bw_min" : 20832,
        "bw_max" : 47744,
        "bw_agg" : 99.923451,
        "bw_mean" : 37144.000000,
        "bw_dev" : 1410.149417,
        "bw_samples" : 236,
        "iops_min" : 5208,
        "iops_max" : 11936,
        "iops_mean" : 9286.000000,
        "iops_stddev" : 352.537354,
        "iops_samples" : 236
      },
      "trim" : {
        "io_bytes" : 0,
        "io_kbytes" : 0,
        "bw_bytes" : 0,
        "bw" : 0,
        "iops" : 0.000000,
        "runtime" : 0,
        "total_ios" : 0,
        "short_ios" : 0,
        "drop_ios" : 0,
        "slat_ns" : {
          "min" : 0,
          "max" : 0,
          "mean" : 0.000000,
          "stddev" : 0.000000,
          "N" : 0
        },
        "clat_ns" : {
          "min" : 0,
          "max" : 0,
          "mean" : 0.000000,
          "stddev" : 0.000000,
          "N" : 0
        },
        "lat_ns" : {
          "min" : 0,
          "max" : 0,
          "mean" : 0.000000,
          "stddev" : 0.000000,
          "N" : 0
        },
        "bw_min" : 0,
        "bw_max" : 0,
        "bw_agg" : 0.000000,
        "bw_mean" : 0.000000,
        "bw_dev" : 0.000000,
        "bw_samples" : 0,
        "iops_min" : 0,
        "iops_max" : 0,
        "iops_mean" : 0.000000,
        "iops_stddev" : 0.000000,
        "iops_samples" : 0
      },
      "sync" : {
        "total_ios" : 0,
        "lat_ns" : {
          "min" : 0,
          "max" : 0,
          "mean" : 0.000000,
          "stddev" : 0.000000,
          "N" : 0
        }
      },
      "job_runtime" : 120003,
      "usr_cpu" : 1.948285,
      "sys_cpu" : 10.371407,
      "ctx" : 284317,
      "majf" : 0,
      "minf" : 77,
      "iodepth_level" : {
        "1" : 0.100000,
        "2" : 0.100000,
        "4" : 99.995696,
        "8" : 0.000000,
        "16" : 0.000000,
        "32" : 0.000000,
        ">=64" : 0.000000
      },
      "iodepth_submit" : {
        "0" : 0.000000,
        "4" : 100.000000,
        "8" : 0.000000,
        "16" : 0.000000,
        "32" : 0.000000,
        "64" : 0.000000,
        ">=64" : 0.000000
      },
      "iodepth_complete" : {
        "0" : 0.000000,
        "4" : 100.000000,
        "8" : 0.000000,
        "16" : 0.000000,
        "32" : 0.000000,
        "64" : 0.000000,
        ">=64" : 0.000000
      },
      "latency_ns" : {
        "2" : 0.000000,
        "4" : 0.000000,
        "10" : 0.000000,
        "20" : 0.000000,
        "50" : 0.000000,
        "100" : 0.000000,
        "250" : 0.000000,
        "500" : 0.000000,
        "750" : 0.000000,
        "1000" : 0.000000
      },
      "latency_us" : {
        "2" : 0.000000,
        "4" : 0.000000,
        "10" : 0.000000,
        "20" : 0.000000,
        "50" : 0.000000,
        "100" : 0.000000,
        "250" : 0.000000,
        "500" : 0.000000,
        "750" : 0.165344,
        "1000" : 7.104070
      },
      "latency_ms" : {
        "2" : 80.181986,
        "4" : 10.983387,
        "10" : 1.107556,
        "20" : 0.123381,
        "50" : 0.323874,
        "100" : 0.010000,
        "250" : 0.010000,
        "500" : 0.000000,
        "750" : 0.000000,
        "1000" : 0.000000,
        "2000" : 0.000000,
        ">=2000" : 0.000000
      },
      "latency_depth" : 4,
      "latency_target" : 0,
      "latency_percentile" : 100.000000,
      "latency_window" : 0
    }
  ]
}
