{
  "fio version" : "fio-3.28",
  "timestamp" : 1723016332,
  "timestamp_ms" : 1723016332537,
  "time" : "Wed Aug  7 15:38:52 2024",
  "jobs" : [
    {
      "jobname" : "disktest",
      "groupid" : 0,
      "error" : 0,
      "eta" : 0,
      "elapsed" : 31,
      "job options" : {
        "ioengine" : "libaio",
        "iodepth" : "16",
        "numjobs" : "4",
        "rw" : "write",
        "bs" : "4096k",
        "direct" : "1",
        "buffered" : "0",
        "size" : "2G",
        "runtime" : "30"
      },
      "read" : {
        "io_bytes" : 0,
        "io_kbytes" : 0,
        "bw_bytes" : 0,
        "bw" : 0,
        "iops" : 0.000000,
        "runtime" : 0,
        "total_ios" : 0,
        "short_ios" : 0,
        "drop_ios" : 0,
        "slat_ns" : {
          "min" : 0,
          "max" : 0,
          "mean" : 0.000000,
          "stddev" : 0.000000,
          "N" : 0
        },
        "clat_ns" : {
          "min" : 0,
          "max" : 0,
          "mean" : 0.000000,
          "stddev" : 0.000000,
          "N" : 0
        },
        "lat_ns" : {
          "min" : 0,
          "max" : 0,
          "mean" : 0.000000,
          "stddev" : 0.000000,
          "N" : 0
        },
        "bw_min" : 0,
        "bw_max" : 0,
        "bw_agg" : 0.000000,
        "bw_mean" : 0.000000,
        "bw_dev" : 0.000000,
        "bw_samples" : 0,
        "iops_min" : 0,
        "iops_max" : 0,
        "iops_mean" : 0.000000,
        "iops_stddev" : 0.000000,
        "iops_samples" : 0
      },
      "write" : {
        "io_bytes" : 18794676224,
        "io_kbytes" : 18354176,
        "bw_bytes" : 620819060,
        "bw" : 606268,
        "iops" : 148.014798,
        "runtime" : 30274,
        "total_ios" : 4481,
        "short_ios" : 0,
        "drop_ios" : 0,
        "slat_ns" : {
          "min" : 205137,
          "max" : 3964289,
          "mean" : 561659.517295,
          "stddev" : 175236.556567,
          "N" : 4481
        },
        "clat_ns" : {
          "min" : 19814953,
          "max" : 8044469343,
          "mean" : 431093694.538496,
          "stddev" : 689206307.746853,
          "N" : 4481,
          "percentile" : {
            "1.000000" : 26607616,
            "5.000000" : 30539776,
            "10.000000" : 34865152,
            "20.000000" : 60555264,
            "30.000000" : 110624768,
            "40.000000" : 131596288,
            "50.000000" : 162529280,
            "60.000000" : 235929600,
            "70.000000" : 434110464,
            "80.000000" : 641728512,
            "90.000000" : 1035993088,
            "95.000000" : 1568669696,
            "99.000000" : 3539992576,
            "99.500000" : 4395630592,
            "99.900000" : 7012876288,
            "99.950000" : 7415529472,
            "99.990000" : 8019509248
          }
        },
        "lat_ns" : {
          "min" : 20235425,
          "max" : 8045044143,
          "mean" : 431656308.098192,
          "stddev" : 689207456.435949,
          "N" : 4481
        },
        "bw_min" : 286834,
        "bw_max" : 991708,
        "bw_agg" : 99.491048,
        "bw_mean" : 603183.600000,
        "bw_dev" : 44104.135284,
        "bw_samples" : 240,
        "iops_min" : 70,
        "iops_max" : 242,
        "iops_mean" : 147.233333,
        "iops_stddev" : 10.763659,
        "iops_samples" : 240
      },
      "trim" : {
        "io_bytes" : 0,
        "io_kbytes" : 0,
        "bw_bytes" : 0,
        "bw" : 0,
        "iops" : 0.000000,
        "runtime" : 0,
        "total_ios" : 0,
        "short_ios" : 0,
        "drop_ios" : 0,
        "slat_ns" : {
          "min" : 0,
          "max" : 0,
          "mean" : 0.000000,
          "stddev" : 0.000000,
          "N" : 0
        },
        "clat_ns" : {
          "min" : 0,
          "max" : 0,
          "mean" : 0.000000,
          "stddev" : 0.000000,
          "N" : 0
        },
        "lat_ns" : {
          "min" : 0,
          "max" : 0,
          "mean" : 0.000000,
          "stddev" : 0.000000,
          "N" : 0
        },
        "bw_min" : 0,
        "bw_max" : 0,
        "bw_agg" : 0.000000,
        "bw_mean" : 0.000000,
        "bw_dev" : 0.000000,
        "bw_samples" : 0,
        "iops_min" : 0,
        "iops_max" : 0,
        "iops_mean" : 0.000000,
        "iops_stddev" : 0.000000,
        "iops_samples" : 0
      },
      "sync" : {
        "total_ios" : 0,
        "lat_ns" : {
          "min" : 0,
          "max" : 0,
          "mean" : 0.000000,
          "stddev" : 0.000000,
          "N" : 0
        }
      },
      "job_runtime" : 120967,
      "usr_cpu" : 1.249101,
      "sys_cpu" : 0.933312,
      "ctx" : 4402,
      "majf" : 0,
      "minf" : 50,
      "iodepth_level" : {
        "1" : 0.100000,
        "2" : 0.178532,
        "4" : 0.357063,
        "8" : 0.714126,
        "16" : 98.661013,
        "32" : 0.000000,
        ">=64" : 0.000000
      },
      "iodepth_submit" : {
        "0" : 0.000000,
        "4" : 100.000000,
        "8" : 0.000000,
        "16" : 0.000000,
        "32" : 0.000000,
        "64" : 0.000000,
        ">=64" : 0.000000
      },
      "iodepth_complete" : {
        "0" : 0.000000,
        "4" : 99.909605,
        "8" : 0.000000,
        "16" : 0.100000,
        "32" : 0.000000,
        "64" : 0.000000,
        ">=64" : 0.000000
      },
      "latency_ns" : {
        "2" : 0.000000,
        "4" : 0.000000,
        "10" : 0.000000,
        "20" : 0.000000,
        "50" : 0.000000,
        "100" : 0.000000,
        "250" : 0.000000,
        "500" : 0.000000,
        "750" : 0.000000,
        "1000" : 0.000000
      },
      "latency_us" : {
        "2" : 0.000000,
        "4" : 0.000000,
        "10" : 0.000000,
        "20" : 0.000000,
        "50" : 0.000000,
        "100" : 0.000000,
        "250" : 0.000000,
        "500" : 0.000000,
        "750" : 0.000000,
        "1000" : 0.000000
      },
      "latency_ms" : {
        "2" : 0.000000,
        "4" : 0.000000,
        "10" : 0.000000,
        "20" : 0.066949,
        "50" : 18.634233,
        "100" : 5.869226,
        "250" : 36.174961,
        "500" : 12.363312,
        "750" : 10.377148,
        "1000" : 5.802276,
        "2000" : 7.654541,
        ">=2000" : 3.057353
      },
      "latency_depth" : 16,
      "latency_target" : 0,
      "latency_percentile" : 100.000000,
      "latency_window" : 0
    }
  ]
}
